{
  "type": "FeatureCollection",
  "generator": "overpass-turbo",
  "copyright": "The data included in this document is from www.openstreetmap.org. The data is made available under ODbL.",
  "timestamp": "2026-07-07T09:34:19Z",
  "features": [
    {
      "type": "Feature",
      "properties": {
        "@id": "relation/3857555",
        "name": "梅花湖",
        "name:en": "Meihua Lake",
        "name:zh": "梅花湖",
        "natural": "water",
        "tourism": "viewpoint",
        "type": "multipolygon",
        "water": "lake",
        "wikidata": "Q11115236",
        "wikipedia": "zh:梅花湖"
      },
      "geometry": {
        "type": "Polygon",
        "coordinates": [
          [
            [
              121.7347864,
              24.6452566
            ],
            [
              121.7347137,
              24.6452975
            ],
            [
              121.7346542,
              24.6453322
            ],
            [
              121.7346016,
              24.6453686
            ],
            [
              121.7344962,
              24.6453423
            ],
            [
              121.7343061,
              24.645337
            ],
            [
              121.7340931,
              24.6453281
            ],
            [
              121.7337576,
              24.6453205
            ],
            [
              121.7335816,
              24.6452765
            ],
            [
              121.733345,
              24.6451892
            ],
            [
              121.7331662,
              24.6450978
            ],
            [
              121.7329217,
              24.645048
            ],
            [
              121.732682,
              24.6450201
            ],
            [
              121.7324578,
              24.645021
            ],
            [
              121.7321249,
              24.6450499
            ],
            [
              121.7319159,
              24.6450459
            ],
            [
              121.7317643,
              24.6449988
            ],
            [
              121.7316258,
              24.644969
            ],
            [
              121.7314116,
              24.6448671
            ],
            [
              121.7312529,
              24.6448094
            ],
            [
              121.7311544,
              24.6447508
            ],
            [
              121.7311521,
              24.6446477
            ],
            [
              121.7311525,
              24.6446103
            ],
            [
              121.7310909,
              24.644611
            ],
            [
              121.7310901,
              24.6445461
            ],
            [
              121.7310663,
              24.6445464
            ],
            [
              121.7310651,
              24.6444539
            ],
            [
              121.731019,
              24.6444544
            ],
            [
              121.7310212,
              24.6446155
            ],
            [
              121.7309639,
              24.6446161
            ],
            [
              121.7309636,
              24.644642
            ],
            [
              121.7309657,
              24.6447529
            ],
            [
              121.7305459,
              24.6445168
            ],
            [
              121.7303371,
              24.6444045
            ],
            [
              121.730273,
              24.6443215
            ],
            [
              121.7301777,
              24.6442178
            ],
            [
              121.7301323,
              24.6441684
            ],
            [
              121.7300607,
              24.6439951
            ],
            [
              121.7299835,
              24.6438485
            ],
            [
              121.7299466,
              24.6437919
            ],
            [
              121.7299565,
              24.643736
            ],
            [
              121.7300252,
              24.6437503
            ],
            [
              121.7301022,
              24.6437374
            ],
            [
              121.730234,
              24.6436764
            ],
            [
              121.73032,
              24.64362
            ],
            [
              121.73043,
              24.64358
            ],
            [
              121.73053,
              24.64347
            ],
            [
              121.7306403,
              24.6434098
            ],
            [
              121.7307555,
              24.6433311
            ],
            [
              121.7308228,
              24.6432854
            ],
            [
              121.7309514,
              24.6432306
            ],
            [
              121.7309781,
              24.6431068
            ],
            [
              121.7310702,
              24.6430354
            ],
            [
              121.7311483,
              24.6429258
            ],
            [
              121.7312203,
              24.6428023
            ],
            [
              121.7312866,
              24.6425749
            ],
            [
              121.7313392,
              24.6424649
            ],
            [
              121.7314494,
              24.6423576
            ],
            [
              121.7315335,
              24.6423007
            ],
            [
              121.7316602,
              24.6422232
            ],
            [
              121.7317573,
              24.6421692
            ],
            [
              121.7318194,
              24.6420777
            ],
            [
              121.7318814,
              24.6419665
            ],
            [
              121.7319629,
              24.641776
            ],
            [
              121.7319599,
              24.6415363
            ],
            [
              121.7318516,
              24.6413638
            ],
            [
              121.7319594,
              24.6412421
            ],
            [
              121.7319867,
              24.6411071
            ],
            [
              121.7320073,
              24.640973
            ],
            [
              121.7320624,
              24.6409331
            ],
            [
              121.7320468,
              24.6408557
            ],
            [
              121.7321561,
              24.6408472
            ],
            [
              121.7322778,
              24.6408522
            ],
            [
              121.7323736,
              24.6409286
            ],
            [
              121.7324792,
              24.6410034
            ],
            [
              121.73264,
              24.6410359
            ],
            [
              121.732809,
              24.6410594
            ],
            [
              121.7329223,
              24.64105
            ],
            [
              121.7330098,
              24.6410244
            ],
            [
              121.7330934,
              24.6412124
            ],
            [
              121.7330962,
              24.6413216
            ],
            [
              121.733143,
              24.6414193
            ],
            [
              121.7332977,
              24.6414957
            ],
            [
              121.733788,
              24.6414143
            ],
            [
              121.733993,
              24.6412896
            ],
            [
              121.7340531,
              24.641189
            ],
            [
              121.7341734,
              24.6411022
            ],
            [
              121.7342886,
              24.6410632
            ],
            [
              121.734398,
              24.6411182
            ],
            [
              121.7344487,
              24.6412209
            ],
            [
              121.7344683,
              24.6415141
            ],
            [
              121.73452,
              24.6416549
            ],
            [
              121.7347046,
              24.641704
            ],
            [
              121.7348461,
              24.6418015
            ],
            [
              121.7347416,
              24.6419604
            ],
            [
              121.7345476,
              24.6421728
            ],
            [
              121.7345423,
              24.6423091
            ],
            [
              121.7345972,
              24.6424621
            ],
            [
              121.7347361,
              24.6425292
            ],
            [
              121.7347875,
              24.6427688
            ],
            [
              121.7349148,
              24.6428313
            ],
            [
              121.7349745,
              24.6428971
            ],
            [
              121.7350137,
              24.6430271
            ],
            [
              121.7349305,
              24.6432063
            ],
            [
              121.7348095,
              24.6433763
            ],
            [
              121.7347566,
              24.6435969
            ],
            [
              121.7347479,
              24.64386
            ],
            [
              121.7348297,
              24.6440527
            ],
            [
              121.7348379,
              24.644173
            ],
            [
              121.7350347,
              24.6442445
            ],
            [
              121.7351265,
              24.6442409
            ],
            [
              121.7352203,
              24.6442573
            ],
            [
              121.7353472,
              24.6442817
            ],
            [
              121.7353834,
              24.6443855
            ],
            [
              121.7355269,
              24.6443936
            ],
            [
              121.7355643,
              24.6445163
            ],
            [
              121.735625,
              24.6446539
            ],
            [
              121.7356611,
              24.644736
            ],
            [
              121.7356695,
              24.6448905
            ],
            [
              121.7356346,
              24.6450093
            ],
            [
              121.7355671,
              24.6450853
            ],
            [
              121.735342,
              24.6451231
            ],
            [
              121.7351778,
              24.6451595
            ],
            [
              121.734959,
              24.6451993
            ],
            [
              121.7347864,
              24.6452566
            ]
          ],
          [
            [
              121.7338125,
              24.6437846
            ],
            [
              121.7337968,
              24.6438345
            ],
            [
              121.7338989,
              24.6438619
            ],
            [
              121.7339918,
              24.6439336
            ],
            [
              121.7340853,
              24.6440236
            ],
            [
              121.7342612,
              24.6440294
            ],
            [
              121.7344956,
              24.6439771
            ],
            [
              121.7345753,
              24.6439
            ],
            [
              121.7346228,
              24.6438157
            ],
            [
              121.7346238,
              24.6437358
            ],
            [
              121.7345744,
              24.6436739
            ],
            [
              121.7344015,
              24.6436449
            ],
            [
              121.7342411,
              24.6436292
            ],
            [
              121.7341869,
              24.6436391
            ],
            [
              121.7340694,
              24.6435841
            ],
            [
              121.7339041,
              24.6435236
            ],
            [
              121.7337361,
              24.6434949
            ],
            [
              121.733684,
              24.6435661
            ],
            [
              121.7337258,
              24.643605
            ],
            [
              121.7336923,
              24.6437042
            ],
            [
              121.7338125,
              24.6437846
            ]
          ]
        ]
      },
      "id": "relation/3857555"
    },
    {
      "type": "Feature",
      "properties": {
        "@id": "relation/18677278",
        "name": "彩虹階梯",
        "tourism": "viewpoint",
        "type": "multipolygon"
      },
      "geometry": {
        "type": "Polygon",
        "coordinates": [
          [
            [
              121.9889874,
              25.0167735
            ],
            [
              121.9889903,
              25.0167234
            ],
            [
              121.9890317,
              25.016725
            ],
            [
              121.9890354,
              25.0166474
            ],
            [
              121.9890076,
              25.0166463
            ],
            [
              121.9890207,
              25.0163702
            ],
            [
              121.9890455,
              25.016379
            ],
            [
              121.9890643,
              25.0163959
            ],
            [
              121.989048,
              25.0167451
            ],
            [
              121.9890269,
              25.0167717
            ],
            [
              121.9889874,
              25.0167735
            ]
          ]
        ]
      },
      "id": "relation/18677278"
    },
    {
      "type": "Feature",
      "properties": {
        "@id": "way/145564275",
        "amenity": "shelter",
        "building": "roof",
        "building:levels": "2",
        "name": "忘憂亭",
        "shelter_type": "gazebo",
        "tourism": "viewpoint"
      },
      "geometry": {
        "type": "Polygon",
        "coordinates": [
          [
            [
              121.6128282,
              23.969628
            ],
            [
              121.6127527,
              23.9696732
            ],
            [
              121.6127031,
              23.969604
            ],
            [
              121.6127786,
              23.9695588
            ],
            [
              121.6128282,
              23.969628
            ]
          ]
        ]
      },
      "id": "way/145564275"
    },
    {
      "type": "Feature",
      "properties": {
        "@id": "way/196628882",
        "name": "觀景平台",
        "tourism": "viewpoint"
      },
      "geometry": {
        "type": "Polygon",
        "coordinates": [
          [
            [
              121.8247609,
              25.0796293
            ],
            [
              121.8247856,
              25.0794764
            ],
            [
              121.8248133,
              25.0794778
            ],
            [
              121.8247893,
              25.0796313
            ],
            [
              121.8247609,
              25.0796293
            ]
          ]
        ]
      },
      "id": "way/196628882"
    },
    {
      "type": "Feature",
      "properties": {
        "@id": "way/219434518",
        "alt_name": "101塔樓2號攝影平台",
        "name": "攝影平台",
        "tourism": "viewpoint",
        "wheelchair": "no"
      },
      "geometry": {
        "type": "Polygon",
        "coordinates": [
          [
            [
              121.5744309,
              25.0269153
            ],
            [
              121.5744162,
              25.0268766
            ],
            [
              121.5744365,
              25.0268703
            ],
            [
              121.5744567,
              25.026864
            ],
            [
              121.5744714,
              25.0269028
            ],
            [
              121.5744309,
              25.0269153
            ]
          ]
        ]
      },
      "id": "way/219434518"
    },
    {
      "type": "Feature",
      "properties": {
        "@id": "way/225008903",
        "area": "yes",
        "ele": "165",
        "layer": "1",
        "name": "老地方觀機平台",
        "name:en": "Old Place Airplane Observation Deck",
        "surface": "wood",
        "tourism": "viewpoint"
      },
      "geometry": {
        "type": "Polygon",
        "coordinates": [
          [
            [
              121.5367051,
              25.0905222
            ],
            [
              121.5367068,
              25.0904938
            ],
            [
              121.5367654,
              25.0904299
            ],
            [
              121.5367652,
              25.0905127
            ],
            [
              121.5367494,
              25.0905373
            ],
            [
              121.5367347,
              25.0905323
            ],
            [
              121.5367266,
              25.0905295
            ],
            [
              121.5367051,
              25.0905222
            ]
          ]
        ]
      },
      "id": "way/225008903"
    },
    {
      "type": "Feature",
      "properties": {
        "@id": "way/230921006",
        "name": "黃金瀑布",
        "name:en": "Gold Waterfall",
        "name:zh": "黃金瀑布",
        "surface": "paving_stones",
        "tourism": "viewpoint",
        "viewpoint": "platform"
      },
      "geometry": {
        "type": "Polygon",
        "coordinates": [
          [
            [
              121.8615194,
              25.1176776
            ],
            [
              121.8615775,
              25.1175828
            ],
            [
              121.8616365,
              25.1175765
            ],
            [
              121.8616807,
              25.1176414
            ],
            [
              121.8616974,
              25.1177234
            ],
            [
              121.8616676,
              25.1177681
            ],
            [
              121.8615194,
              25.1176776
            ]
          ]
        ]
      },
      "id": "way/230921006"
    },
    {
      "type": "Feature",
      "properties": {
        "@id": "way/242803696",
        "area": "yes",
        "highway": "pedestrian",
        "name": "觀音台",
        "tourism": "viewpoint"
      },
      "geometry": {
        "type": "Polygon",
        "coordinates": [
          [
            [
              121.7122494,
              24.9391748
            ],
            [
              121.7122724,
              24.9391679
            ],
            [
              121.7122942,
              24.9391613
            ],
            [
              121.7123463,
              24.9391672
            ],
            [
              121.7123953,
              24.9392
            ],
            [
              121.7124186,
              24.9392531
            ],
            [
              121.712412,
              24.9392983
            ],
            [
              121.7123814,
              24.939339
            ],
            [
              121.7123246,
              24.9393635
            ],
            [
              121.7122767,
              24.9393612
            ],
            [
              121.7122462,
              24.9393489
            ],
            [
              121.7122243,
              24.9393324
            ],
            [
              121.7122035,
              24.9393038
            ],
            [
              121.7121943,
              24.9392704
            ],
            [
              121.7121957,
              24.9392448
            ],
            [
              121.7122038,
              24.939221
            ],
            [
              121.7122173,
              24.9392005
            ],
            [
              121.7122328,
              24.9391856
            ],
            [
              121.7122494,
              24.9391748
            ]
          ]
        ]
      },
      "id": "way/242803696"
    },
    {
      "type": "Feature",
      "properties": {
        "@id": "way/254765657",
        "name": "琵琶湖",
        "name:en": "Pipa Lake",
        "name:zh": "琵琶湖",
        "natural": "water",
        "tourism": "viewpoint",
        "water": "lake",
        "wheelchair": "yes",
        "wheelchair:description": "平坦，附近沒無障礙廁所",
        "wikidata": "Q15942057"
      },
      "geometry": {
        "type": "Polygon",
        "coordinates": [
          [
            [
              121.165151,
              22.7589345
            ],
            [
              121.1651008,
              22.7589379
            ],
            [
              121.1650391,
              22.7589076
            ],
            [
              121.1650101,
              22.7588878
            ],
            [
              121.1650052,
              22.7588477
            ],
            [
              121.1652381,
              22.7584766
            ],
            [
              121.1652931,
              22.7583398
            ],
            [
              121.1653175,
              22.758331
            ],
            [
              121.1653642,
              22.7583497
            ],
            [
              121.1654057,
              22.758307
            ],
            [
              121.1654219,
              22.7582536
            ],
            [
              121.1654059,
              22.7582106
            ],
            [
              121.1653438,
              22.7581388
            ],
            [
              121.1654001,
              22.7580414
            ],
            [
              121.1656667,
              22.7574587
            ],
            [
              121.1658381,
              22.7575107
            ],
            [
              121.1659085,
              22.7574827
            ],
            [
              121.1659528,
              22.757366
            ],
            [
              121.1660269,
              22.7573814
            ],
            [
              121.1659379,
              22.7575669
            ],
            [
              121.1659751,
              22.7575917
            ],
            [
              121.1659786,
              22.7576229
            ],
            [
              121.1655987,
              22.7583075
            ],
            [
              121.1655319,
              22.7583055
            ],
            [
              121.1654905,
              22.7583586
            ],
            [
              121.165478,
              22.758415
            ],
            [
              121.1655054,
              22.7584618
            ],
            [
              121.1652594,
              22.7588916
            ],
            [
              121.1652095,
              22.7589064
            ],
            [
              121.165151,
              22.7589345
            ]
          ]
        ]
      },
      "id": "way/254765657"
    },
    {
      "type": "Feature",
      "properties": {
        "@id": "way/258661333",
        "name": "小貓空觀景台",
        "tourism": "viewpoint"
      },
      "geometry": {
        "type": "Polygon",
        "coordinates": [
          [
            [
              121.4109222,
              24.9994264
            ],
            [
              121.4109506,
              24.9994653
            ],
            [
              121.4108936,
              24.9995055
            ],
            [
              121.4108632,
              24.9994672
            ],
            [
              121.4109222,
              24.9994264
            ]
          ]
        ]
      },
      "id": "way/258661333"
    },
    {
      "type": "Feature",
      "properties": {
        "@id": "way/284349157",
        "alt_name": "黃金神社",
        "alt_name:en": "Martyrs Shrine",
        "amenity": "place_of_worship",
        "historic": "ruins",
        "name": "金瓜石神社",
        "name:en": "Ōgon Shrine",
        "name:ja": "金瓜石神社",
        "name:zh": "金瓜石神社",
        "religion": "shinto",
        "tourism": "viewpoint",
        "wikidata": "Q708670",
        "wikipedia": "zh:金瓜石社"
      },
      "geometry": {
        "type": "Polygon",
        "coordinates": [
          [
            [
              121.8586681,
              25.1048545
            ],
            [
              121.8586993,
              25.1048679
            ],
            [
              121.8587302,
              25.1048812
            ],
            [
              121.8586368,
              25.1050595
            ],
            [
              121.8586084,
              25.1050469
            ],
            [
              121.8585747,
              25.1050328
            ],
            [
              121.8586681,
              25.1048545
            ]
          ]
        ]
      },
      "id": "way/284349157"
    },
    {
      "type": "Feature",
      "properties": {
        "@id": "way/302026174",
        "name": "觀景台",
        "surface": "wood",
        "tourism": "viewpoint",
        "viewpoint": "platform"
      },
      "geometry": {
        "type": "Polygon",
        "coordinates": [
          [
            [
              120.6845212,
              24.4937854
            ],
            [
              120.6844533,
              24.4937671
            ],
            [
              120.6844777,
              24.4936922
            ],
            [
              120.6845411,
              24.4937093
            ],
            [
              120.6845456,
              24.4937105
            ],
            [
              120.6845326,
              24.4937506
            ],
            [
              120.6845212,
              24.4937854
            ]
          ]
        ]
      },
      "id": "way/302026174"
    },
    {
      "type": "Feature",
      "properties": {
        "@id": "way/302026175",
        "name": "觀景台",
        "tourism": "viewpoint",
        "viewpoint": "platform"
      },
      "geometry": {
        "type": "Polygon",
        "coordinates": [
          [
            [
              120.6847636,
              24.4938066
            ],
            [
              120.6846826,
              24.4938046
            ],
            [
              120.6846829,
              24.4937948
            ],
            [
              120.6846824,
              24.4937789
            ],
            [
              120.6846812,
              24.4937444
            ],
            [
              120.6846816,
              24.4937337
            ],
            [
              120.6847657,
              24.4937357
            ],
            [
              120.6847636,
              24.4938066
            ]
          ]
        ]
      },
      "id": "way/302026175"
    },
    {
      "type": "Feature",
      "properties": {
        "@id": "way/302252239",
        "building": "yes",
        "name": "觀日台",
        "tourism": "viewpoint"
      },
      "geometry": {
        "type": "Polygon",
        "coordinates": [
          [
            [
              121.873338,
              24.9104451
            ],
            [
              121.8733373,
              24.9103906
            ],
            [
              121.8733921,
              24.91039
            ],
            [
              121.8733917,
              24.9103585
            ],
            [
              121.8734188,
              24.9103582
            ],
            [
              121.8734199,
              24.9104443
            ],
            [
              121.8733937,
              24.9104445
            ],
            [
              121.873338,
              24.9104451
            ]
          ]
        ]
      },
      "id": "way/302252239"
    },
    {
      "type": "Feature",
      "properties": {
        "@id": "way/320332643",
        "building": "yes",
        "man_made": "tower",
        "name": "三信觀景亭",
        "name:en": "Sanshin Viewing Pavilion",
        "tourism": "viewpoint",
        "tower:type": "observation"
      },
      "geometry": {
        "type": "Polygon",
        "coordinates": [
          [
            [
              120.4772495,
              23.4685426
            ],
            [
              120.4772636,
              23.4685633
            ],
            [
              120.4772697,
              23.4685872
            ],
            [
              120.4772669,
              23.4686115
            ],
            [
              120.4772557,
              23.4686337
            ],
            [
              120.4772372,
              23.4686514
            ],
            [
              120.4772135,
              23.4686626
            ],
            [
              120.4771871,
              23.4686661
            ],
            [
              120.4771609,
              23.4686616
            ],
            [
              120.4771377,
              23.4686495
            ],
            [
              120.47712,
              23.4686312
            ],
            [
              120.4771098,
              23.4686086
            ],
            [
              120.4771082,
              23.4685842
            ],
            [
              120.4771152,
              23.4685606
            ],
            [
              120.4771303,
              23.4685404
            ],
            [
              120.4771517,
              23.4685257
            ],
            [
              120.4771771,
              23.4685183
            ],
            [
              120.4772037,
              23.4685187
            ],
            [
              120.4772288,
              23.4685272
            ],
            [
              120.4772495,
              23.4685426
            ]
          ]
        ]
      },
      "id": "way/320332643"
    },
    {
      "type": "Feature",
      "properties": {
        "@id": "way/325790223",
        "building": "yes",
        "name": "觀瀑樓",
        "tourism": "viewpoint"
      },
      "geometry": {
        "type": "Polygon",
        "coordinates": [
          [
            [
              121.3756188,
              24.7930729
            ],
            [
              121.3756097,
              24.7930412
            ],
            [
              121.3756077,
              24.793034
            ],
            [
              121.375651,
              24.7930248
            ],
            [
              121.3757103,
              24.7930197
            ],
            [
              121.3757486,
              24.7930258
            ],
            [
              121.3758072,
              24.7930628
            ],
            [
              121.3757867,
              24.7930826
            ],
            [
              121.3757744,
              24.7930944
            ],
            [
              121.3757486,
              24.7930763
            ],
            [
              121.3757205,
              24.7930672
            ],
            [
              121.3756722,
              24.793066
            ],
            [
              121.3756188,
              24.7930729
            ]
          ]
        ]
      },
      "id": "way/325790223"
    },
    {
      "type": "Feature",
      "properties": {
        "@id": "way/344625709",
        "amenity": "shelter",
        "building": "yes",
        "name": "賞鳥平台",
        "shelter_type": "lean_to",
        "tourism": "viewpoint"
      },
      "geometry": {
        "type": "Polygon",
        "coordinates": [
          [
            [
              121.8551546,
              24.6143054
            ],
            [
              121.8552038,
              24.6142352
            ],
            [
              121.8552639,
              24.6142701
            ],
            [
              121.8552147,
              24.6143403
            ],
            [
              121.8551546,
              24.6143054
            ]
          ]
        ]
      },
      "id": "way/344625709"
    },
    {
      "type": "Feature",
      "properties": {
        "@id": "way/350363353",
        "area": "yes",
        "highway": "pedestrian",
        "name": "攝影平台",
        "name:ja": "撮影台",
        "name:zh": "攝影平台",
        "name:zh-Hans": "摄影平台",
        "name:zh-Hant": "攝影平台",
        "surface": "wood",
        "tourism": "viewpoint"
      },
      "geometry": {
        "type": "Polygon",
        "coordinates": [
          [
            [
              121.5132054,
              25.0394309
            ],
            [
              121.513228,
              25.0396368
            ],
            [
              121.513081,
              25.0396501
            ],
            [
              121.5130583,
              25.0394441
            ],
            [
              121.5132054,
              25.0394309
            ]
          ]
        ]
      },
      "id": "way/350363353"
    },
    {
      "type": "Feature",
      "properties": {
        "@id": "way/376356938",
        "building": "yes",
        "historic": "building",
        "name": "新化武德殿",
        "tourism": "viewpoint",
        "wikidata": "Q11081274",
        "wikipedia": "zh:新化武德殿"
      },
      "geometry": {
        "type": "Polygon",
        "coordinates": [
          [
            [
              120.3087394,
              23.033249
            ],
            [
              120.3089505,
              23.0332784
            ],
            [
              120.3089317,
              23.033393
            ],
            [
              120.3087205,
              23.0333636
            ],
            [
              120.3087394,
              23.033249
            ]
          ]
        ]
      },
      "id": "way/376356938"
    },
    {
      "type": "Feature",
      "properties": {
        "@id": "way/385036401",
        "building": "yes",
        "man_made": "tower",
        "name": "關渡大橋右岸觀景樓",
        "tourism": "viewpoint",
        "tower:construction": "concrete",
        "tower:type": "observation"
      },
      "geometry": {
        "type": "Polygon",
        "coordinates": [
          [
            [
              121.4603221,
              25.1291676
            ],
            [
              121.4603201,
              25.1291863
            ],
            [
              121.4603115,
              25.1292034
            ],
            [
              121.4602971,
              25.1292169
            ],
            [
              121.4602786,
              25.1292253
            ],
            [
              121.460258,
              25.1292277
            ],
            [
              121.4602385,
              25.1292242
            ],
            [
              121.4602212,
              25.1292151
            ],
            [
              121.460208,
              25.1292016
            ],
            [
              121.4602003,
              25.129185
            ],
            [
              121.4601988,
              25.129167
            ],
            [
              121.4602037,
              25.1291495
            ],
            [
              121.4602145,
              25.1291343
            ],
            [
              121.4602301,
              25.129123
            ],
            [
              121.4602488,
              25.1291168
            ],
            [
              121.4602695,
              25.1291164
            ],
            [
              121.4602892,
              25.1291223
            ],
            [
              121.4603057,
              25.1291337
            ],
            [
              121.460317,
              25.1291494
            ],
            [
              121.4603221,
              25.1291676
            ]
          ]
        ]
      },
      "id": "way/385036401"
    },
    {
      "type": "Feature",
      "properties": {
        "@id": "way/406128361",
        "name": "硬漢嶺",
        "surface": "sett",
        "tourism": "viewpoint"
      },
      "geometry": {
        "type": "Polygon",
        "coordinates": [
          [
            [
              121.4265909,
              25.1359202
            ],
            [
              121.4266873,
              25.1359036
            ],
            [
              121.4267863,
              25.1358996
            ],
            [
              121.4267872,
              25.1359194
            ],
            [
              121.4268111,
              25.1359195
            ],
            [
              121.4268127,
              25.1359649
            ],
            [
              121.4267893,
              25.135965
            ],
            [
              121.4267867,
              25.1359889
            ],
            [
              121.426741,
              25.1360025
            ],
            [
              121.426682,
              25.1360098
            ],
            [
              121.4265961,
              25.1359923
            ],
            [
              121.4265909,
              25.1359202
            ]
          ]
        ]
      },
      "id": "way/406128361"
    },
    {
      "type": "Feature",
      "properties": {
        "@id": "way/420689851",
        "area": "yes",
        "bridge": "boardwalk",
        "highway": "pedestrian",
        "layer": "1",
        "name": "市區觀景平台",
        "surface": "wood",
        "tourism": "viewpoint"
      },
      "geometry": {
        "type": "Polygon",
        "coordinates": [
          [
            [
              121.5286485,
              25.0833719
            ],
            [
              121.528623,
              25.0833424
            ],
            [
              121.5285984,
              25.0833144
            ],
            [
              121.5286309,
              25.083291
            ],
            [
              121.5286463,
              25.0832801
            ],
            [
              121.5286808,
              25.0833198
            ],
            [
              121.5286936,
              25.083309
            ],
            [
              121.528653,
              25.0832676
            ],
            [
              121.5286629,
              25.0832594
            ],
            [
              121.5286885,
              25.0832378
            ],
            [
              121.5287516,
              25.0833045
            ],
            [
              121.528718,
              25.0833238
            ],
            [
              121.5287071,
              25.0833301
            ],
            [
              121.5286485,
              25.0833719
            ]
          ]
        ]
      },
      "id": "way/420689851"
    },
    {
      "type": "Feature",
      "properties": {
        "@id": "way/420689856",
        "name": "文間山平台",
        "name:en": "Mt. Wen Jian Platform",
        "name:zh": "文間山平台",
        "surface": "concrete",
        "tourism": "viewpoint"
      },
      "geometry": {
        "type": "Polygon",
        "coordinates": [
          [
            [
              121.5498771,
              25.0899108
            ],
            [
              121.549877,
              25.0899253
            ],
            [
              121.5498844,
              25.0899295
            ],
            [
              121.5498901,
              25.0899338
            ],
            [
              121.5498894,
              25.0899383
            ],
            [
              121.5498848,
              25.0899423
            ],
            [
              121.5498634,
              25.0899333
            ],
            [
              121.5498389,
              25.0899277
            ],
            [
              121.5498154,
              25.0899253
            ],
            [
              121.5498133,
              25.089921
            ],
            [
              121.5498133,
              25.0899163
            ],
            [
              121.5498175,
              25.0899089
            ],
            [
              121.5498276,
              25.0899046
            ],
            [
              121.5498453,
              25.0899014
            ],
            [
              121.5498494,
              25.0898964
            ],
            [
              121.5498626,
              25.0898956
            ],
            [
              121.5498716,
              25.0899002
            ],
            [
              121.5498771,
              25.0899108
            ]
          ]
        ]
      },
      "id": "way/420689856"
    },
    {
      "type": "Feature",
      "properties": {
        "@id": "way/420742724",
        "alt_name": "101塔樓1號攝影平台",
        "name": "攝手平台",
        "name:en": "Xiangshan viewpoint",
        "tourism": "viewpoint"
      },
      "geometry": {
        "type": "Polygon",
        "coordinates": [
          [
            [
              121.5731466,
              25.0271287
            ],
            [
              121.573148,
              25.0271454
            ],
            [
              121.5731269,
              25.0271613
            ],
            [
              121.5730973,
              25.0271296
            ],
            [
              121.5731254,
              25.0271071
            ],
            [
              121.5731357,
              25.0271176
            ],
            [
              121.5731466,
              25.0271287
            ]
          ]
        ]
      },
      "id": "way/420742724"
    },
    {
      "type": "Feature",
      "properties": {
        "@id": "way/420742727",
        "name": "101煙火攝影平台",
        "tourism": "viewpoint"
      },
      "geometry": {
        "type": "Polygon",
        "coordinates": [
          [
            [
              121.5727223,
              25.0288764
            ],
            [
              121.572695,
              25.0288265
            ],
            [
              121.5727664,
              25.0287985
            ],
            [
              121.5727926,
              25.0288425
            ],
            [
              121.5727223,
              25.0288764
            ]
          ]
        ]
      },
      "id": "way/420742727"
    },
    {
      "type": "Feature",
      "properties": {
        "@id": "way/421575019",
        "bridge": "boardwalk",
        "name": "永春崗平台",
        "surface": "wood",
        "tourism": "viewpoint"
      },
      "geometry": {
        "type": "Polygon",
        "coordinates": [
          [
            [
              121.577025,
              25.029025
            ],
            [
              121.5770086,
              25.0290306
            ],
            [
              121.5770053,
              25.0290227
            ],
            [
              121.5769994,
              25.0290238
            ],
            [
              121.576993,
              25.0290235
            ],
            [
              121.5769874,
              25.0290229
            ],
            [
              121.5769817,
              25.0290197
            ],
            [
              121.576975,
              25.0290026
            ],
            [
              121.5769778,
              25.0289976
            ],
            [
              121.5769811,
              25.0289931
            ],
            [
              121.5769854,
              25.0289894
            ],
            [
              121.5769902,
              25.0289864
            ],
            [
              121.5769869,
              25.0289784
            ],
            [
              121.5770033,
              25.0289728
            ],
            [
              121.577025,
              25.029025
            ]
          ]
        ]
      },
      "id": "way/421575019"
    },
    {
      "type": "Feature",
      "properties": {
        "@id": "way/421738790",
        "description": "老鷹想飛紀錄片老鷹岩",
        "name": "老鷹岩",
        "name:en": "Eagle Rock",
        "name:zh": "老鷹岩",
        "name:zh-Hans": "老鹰岩",
        "name:zh-Hant": "老鷹岩",
        "natural": "stone",
        "tourism": "viewpoint"
      },
      "geometry": {
        "type": "Polygon",
        "coordinates": [
          [
            [
              121.7070621,
              25.1619745
            ],
            [
              121.7070204,
              25.1619646
            ],
            [
              121.7070265,
              25.1619353
            ],
            [
              121.7070858,
              25.1619111
            ],
            [
              121.7071182,
              25.1619447
            ],
            [
              121.7070982,
              25.1619658
            ],
            [
              121.7070621,
              25.1619745
            ]
          ]
        ]
      },
      "id": "way/421738790"
    },
    {
      "type": "Feature",
      "properties": {
        "@id": "way/421738791",
        "building": "yes",
        "man_made": "tower",
        "name": "情人塔",
        "name:en": "Lovers' Tower",
        "name:zh": "情人塔",
        "name:zh-Hans": "情人塔",
        "name:zh-Hant": "情人塔",
        "tourism": "viewpoint",
        "tower:type": "observation"
      },
      "geometry": {
        "type": "Polygon",
        "coordinates": [
          [
            [
              121.7066381,
              25.160568
            ],
            [
              121.7066376,
              25.1605279
            ],
            [
              121.7066656,
              25.160497
            ],
            [
              121.7067091,
              25.1604896
            ],
            [
              121.7067476,
              25.1605092
            ],
            [
              121.7067632,
              25.1605467
            ],
            [
              121.7067486,
              25.1605844
            ],
            [
              121.7067105,
              25.1606048
            ],
            [
              121.7066669,
              25.1605983
            ],
            [
              121.7066381,
              25.160568
            ]
          ]
        ]
      },
      "id": "way/421738791"
    },
    {
      "type": "Feature",
      "properties": {
        "@id": "way/421744096",
        "material": "concrete",
        "name": "觀景平台",
        "surface": "sett",
        "tourism": "viewpoint"
      },
      "geometry": {
        "type": "Polygon",
        "coordinates": [
          [
            [
              121.5226426,
              25.1747694
            ],
            [
              121.5226047,
              25.1746905
            ],
            [
              121.5226252,
              25.1746824
            ],
            [
              121.522629,
              25.1746901
            ],
            [
              121.5226333,
              25.1746991
            ],
            [
              121.5226573,
              25.1746897
            ],
            [
              121.5226818,
              25.17468
            ],
            [
              121.5227,
              25.1747181
            ],
            [
              121.5226499,
              25.1747378
            ],
            [
              121.5226615,
              25.174762
            ],
            [
              121.5226515,
              25.1747659
            ],
            [
              121.5226426,
              25.1747694
            ]
          ]
        ]
      },
      "id": "way/421744096"
    },
    {
      "type": "Feature",
      "properties": {
        "@id": "way/425756562",
        "name": "劍山觀景台",
        "tourism": "viewpoint",
        "tower:type": "observation"
      },
      "geometry": {
        "type": "Polygon",
        "coordinates": [
          [
            [
              121.1512088,
              22.8611997
            ],
            [
              121.1512089,
              22.8611516
            ],
            [
              121.1512842,
              22.8611518
            ],
            [
              121.1512841,
              22.8611999
            ],
            [
              121.1512088,
              22.8611997
            ]
          ]
        ]
      },
      "id": "way/425756562"
    },
    {
      "type": "Feature",
      "properties": {
        "@id": "way/427940928",
        "name": "觀瀑平台",
        "tourism": "viewpoint"
      },
      "geometry": {
        "type": "Polygon",
        "coordinates": [
          [
            [
              121.2255763,
              23.3294782
            ],
            [
              121.2255985,
              23.3294621
            ],
            [
              121.2256305,
              23.3294964
            ],
            [
              121.2256072,
              23.3295135
            ],
            [
              121.2255763,
              23.3294782
            ]
          ]
        ]
      },
      "id": "way/427940928"
    },
    {
      "type": "Feature",
      "properties": {
        "@id": "way/428833194",
        "building": "yes",
        "name": "觀景台",
        "tourism": "viewpoint"
      },
      "geometry": {
        "type": "Polygon",
        "coordinates": [
          [
            [
              121.1549231,
              23.0481316
            ],
            [
              121.1548858,
              23.0480103
            ],
            [
              121.1549265,
              23.0479997
            ],
            [
              121.1549638,
              23.048121
            ],
            [
              121.1549231,
              23.0481316
            ]
          ]
        ]
      },
      "id": "way/428833194"
    },
    {
      "type": "Feature",
      "properties": {
        "@id": "way/429446956",
        "name": "觀景台",
        "surface": "wood",
        "tourism": "viewpoint",
        "viewpoint": "platform"
      },
      "geometry": {
        "type": "Polygon",
        "coordinates": [
          [
            [
              121.420055,
              23.125875
            ],
            [
              121.4200704,
              23.1258499
            ],
            [
              121.4201119,
              23.1258715
            ],
            [
              121.4200966,
              23.1258965
            ],
            [
              121.420055,
              23.125875
            ]
          ]
        ]
      },
      "id": "way/429446956"
    },
    {
      "type": "Feature",
      "properties": {
        "@id": "way/430021161",
        "building": "yes",
        "man_made": "tower",
        "name": "瞭望臺",
        "tourism": "viewpoint",
        "tower:type": "observation"
      },
      "geometry": {
        "type": "Polygon",
        "coordinates": [
          [
            [
              121.1588468,
              22.7502571
            ],
            [
              121.1588296,
              22.7502053
            ],
            [
              121.1589283,
              22.7501773
            ],
            [
              121.1589456,
              22.7502291
            ],
            [
              121.1588468,
              22.7502571
            ]
          ]
        ]
      },
      "id": "way/430021161"
    },
    {
      "type": "Feature",
      "properties": {
        "@id": "way/456129444",
        "name": "海芋婚紗廣場觀景台",
        "tourism": "viewpoint"
      },
      "geometry": {
        "type": "Polygon",
        "coordinates": [
          [
            [
              121.5406906,
              25.1786296
            ],
            [
              121.5405933,
              25.1785418
            ],
            [
              121.5406502,
              25.1784884
            ],
            [
              121.5407496,
              25.1785794
            ],
            [
              121.5406906,
              25.1786296
            ]
          ]
        ]
      },
      "id": "way/456129444"
    },
    {
      "type": "Feature",
      "properties": {
        "@id": "way/464636568",
        "amenity": "shelter",
        "direction": "180",
        "name": "虎頭山景觀台",
        "shelter_type": "sun_shelter",
        "tourism": "viewpoint",
        "wheelchair": "no"
      },
      "geometry": {
        "type": "Polygon",
        "coordinates": [
          [
            [
              121.3300011,
              25.001163
            ],
            [
              121.3299881,
              25.0011694
            ],
            [
              121.3299852,
              25.0011708
            ],
            [
              121.3299754,
              25.0011756
            ],
            [
              121.3299243,
              25.0012003
            ],
            [
              121.3298868,
              25.0011394
            ],
            [
              121.329908,
              25.0011293
            ],
            [
              121.3298671,
              25.0010624
            ],
            [
              121.3298478,
              25.0010714
            ],
            [
              121.3298114,
              25.0010096
            ],
            [
              121.3298312,
              25.0010004
            ],
            [
              121.3298343,
              25.000999
            ],
            [
              121.3298631,
              25.0009845
            ],
            [
              121.3298743,
              25.0009791
            ],
            [
              121.3298874,
              25.0009728
            ],
            [
              121.3299422,
              25.0010641
            ],
            [
              121.3299467,
              25.0010719
            ],
            [
              121.3300011,
              25.001163
            ]
          ]
        ]
      },
      "id": "way/464636568"
    },
    {
      "type": "Feature",
      "properties": {
        "@id": "way/488187272",
        "leisure": "common",
        "name": "觀景台",
        "tourism": "viewpoint"
      },
      "geometry": {
        "type": "Polygon",
        "coordinates": [
          [
            [
              120.3923172,
              23.1178001
            ],
            [
              120.392285,
              23.117755
            ],
            [
              120.392345,
              23.117711
            ],
            [
              120.3923752,
              23.1177615
            ],
            [
              120.3923172,
              23.1178001
            ]
          ]
        ]
      },
      "id": "way/488187272"
    },
    {
      "type": "Feature",
      "properties": {
        "@id": "way/490354260",
        "area": "yes",
        "name": "觀景平台",
        "tourism": "viewpoint"
      },
      "geometry": {
        "type": "Polygon",
        "coordinates": [
          [
            [
              120.1412228,
              23.0257519
            ],
            [
              120.1412325,
              23.0258088
            ],
            [
              120.1411262,
              23.025827
            ],
            [
              120.1411157,
              23.0257712
            ],
            [
              120.1412228,
              23.0257519
            ]
          ]
        ]
      },
      "id": "way/490354260"
    },
    {
      "type": "Feature",
      "properties": {
        "@id": "way/490360850",
        "area": "yes",
        "highway": "pedestrian",
        "lit": "yes",
        "name": "觀夕平台",
        "name:en": "Sunset Platform",
        "name:zh": "觀夕平台",
        "surface": "paving_stones",
        "tourism": "viewpoint",
        "wheelchair": "yes"
      },
      "geometry": {
        "type": "Polygon",
        "coordinates": [
          [
            [
              120.1471645,
              22.9902671
            ],
            [
              120.1464453,
              22.9903187
            ],
            [
              120.147433,
              22.9892332
            ],
            [
              120.1471645,
              22.9902671
            ]
          ]
        ]
      },
      "id": "way/490360850"
    },
    {
      "type": "Feature",
      "properties": {
        "@id": "way/490367906",
        "building": "yes",
        "name": "觀景台",
        "name:en": "Sightseeing Platform",
        "tourism": "viewpoint"
      },
      "geometry": {
        "type": "Polygon",
        "coordinates": [
          [
            [
              120.2685455,
              23.1849274
            ],
            [
              120.2685455,
              23.1849416
            ],
            [
              120.2684746,
              23.1849417
            ],
            [
              120.2684745,
              23.1848758
            ],
            [
              120.2685455,
              23.1848757
            ],
            [
              120.2685455,
              23.1849274
            ]
          ]
        ]
      },
      "id": "way/490367906"
    },
    {
      "type": "Feature",
      "properties": {
        "@id": "way/498039307",
        "building": "yes",
        "height": "5.0",
        "name": "觀景台",
        "tourism": "viewpoint"
      },
      "geometry": {
        "type": "Polygon",
        "coordinates": [
          [
            [
              120.1597072,
              23.0044617
            ],
            [
              120.159852,
              23.0044235
            ],
            [
              120.1598713,
              23.0044383
            ],
            [
              120.159825,
              23.0044752
            ],
            [
              120.1597218,
              23.0045022
            ],
            [
              120.1597072,
              23.0044617
            ]
          ]
        ]
      },
      "id": "way/498039307"
    },
    {
      "type": "Feature",
      "properties": {
        "@id": "way/504654491",
        "building": "roof",
        "direction": "0-360",
        "layer": "1",
        "name": "觀景木棧平台",
        "tourism": "viewpoint"
      },
      "geometry": {
        "type": "Polygon",
        "coordinates": [
          [
            [
              121.529721,
              25.0113485
            ],
            [
              121.5297363,
              25.0113083
            ],
            [
              121.5297311,
              25.0113051
            ],
            [
              121.5297457,
              25.0112678
            ],
            [
              121.5297818,
              25.0112437
            ],
            [
              121.5297892,
              25.0112481
            ],
            [
              121.5298664,
              25.0111978
            ],
            [
              121.529863,
              25.0111908
            ],
            [
              121.5298995,
              25.011168
            ],
            [
              121.5299473,
              25.0111647
            ],
            [
              121.5299473,
              25.0111697
            ],
            [
              121.5300465,
              25.0111705
            ],
            [
              121.5300455,
              25.0112095
            ],
            [
              121.5299137,
              25.0112137
            ],
            [
              121.5297893,
              25.0112968
            ],
            [
              121.5297603,
              25.0113587
            ],
            [
              121.529721,
              25.0113485
            ]
          ]
        ]
      },
      "id": "way/504654491"
    },
    {
      "type": "Feature",
      "properties": {
        "@id": "way/518136019",
        "building": "roof",
        "name": "日出觀景台",
        "tourism": "viewpoint"
      },
      "geometry": {
        "type": "Polygon",
        "coordinates": [
          [
            [
              121.5112258,
              23.483986
            ],
            [
              121.5112188,
              23.48394
            ],
            [
              121.5113109,
              23.4839271
            ],
            [
              121.5113144,
              23.4839774
            ],
            [
              121.5112258,
              23.483986
            ]
          ]
        ]
      },
      "id": "way/518136019"
    },
    {
      "type": "Feature",
      "properties": {
        "@id": "way/617203453",
        "building": "grandstand",
        "name": "戶外景觀臺",
        "tourism": "viewpoint"
      },
      "geometry": {
        "type": "Polygon",
        "coordinates": [
          [
            [
              120.2986203,
              22.6244388
            ],
            [
              120.2985928,
              22.6243947
            ],
            [
              120.2985807,
              22.624344
            ],
            [
              120.2985754,
              22.6242975
            ],
            [
              120.2985859,
              22.624239
            ],
            [
              120.2986205,
              22.6241629
            ],
            [
              120.2986827,
              22.6240902
            ],
            [
              120.298789,
              22.6240283
            ],
            [
              120.298891,
              22.6240127
            ],
            [
              120.299004,
              22.6240367
            ],
            [
              120.2990879,
              22.6240863
            ],
            [
              120.2991314,
              22.6241216
            ],
            [
              120.2990683,
              22.6241646
            ],
            [
              120.2990396,
              22.6241437
            ],
            [
              120.2989538,
              22.6240976
            ],
            [
              120.298867,
              22.6240795
            ],
            [
              120.2988012,
              22.6240908
            ],
            [
              120.2987336,
              22.6241302
            ],
            [
              120.2986853,
              22.6241848
            ],
            [
              120.2986487,
              22.6242592
            ],
            [
              120.2986459,
              22.6243043
            ],
            [
              120.2986621,
              22.6243462
            ],
            [
              120.298686,
              22.6244021
            ],
            [
              120.2986203,
              22.6244388
            ]
          ]
        ]
      },
      "id": "way/617203453"
    },
    {
      "type": "Feature",
      "properties": {
        "@id": "way/635539210",
        "alt_name": "乘風堡",
        "amenity": "shelter",
        "bench": "yes",
        "building": "yes",
        "name": "大崙頭山乘風堡",
        "name:en": "Daluntoushan Observatory",
        "tourism": "viewpoint"
      },
      "geometry": {
        "type": "Polygon",
        "coordinates": [
          [
            [
              121.5853958,
              25.1089675
            ],
            [
              121.5853813,
              25.1089232
            ],
            [
              121.5853566,
              25.1088481
            ],
            [
              121.5854341,
              25.1088272
            ],
            [
              121.5854732,
              25.1089467
            ],
            [
              121.5853958,
              25.1089675
            ]
          ]
        ]
      },
      "id": "way/635539210"
    },
    {
      "type": "Feature",
      "properties": {
        "@id": "way/660090096",
        "building": "yes",
        "layer": "1",
        "name": "南方澳觀景台",
        "tourism": "viewpoint"
      },
      "geometry": {
        "type": "Polygon",
        "coordinates": [
          [
            [
              121.8667251,
              24.5764481
            ],
            [
              121.8666705,
              24.5765491
            ],
            [
              121.8665726,
              24.5765053
            ],
            [
              121.8665593,
              24.5764994
            ],
            [
              121.8665627,
              24.5764788
            ],
            [
              121.866571,
              24.5764274
            ],
            [
              121.8667251,
              24.5764481
            ]
          ]
        ]
      },
      "id": "way/660090096"
    },
    {
      "type": "Feature",
      "properties": {
        "@id": "way/702423793",
        "name": "占山觀景台",
        "tourism": "viewpoint"
      },
      "geometry": {
        "type": "Polygon",
        "coordinates": [
          [
            [
              121.4361337,
              25.1275508
            ],
            [
              121.4361717,
              25.1275471
            ],
            [
              121.4362051,
              25.1275477
            ],
            [
              121.4362023,
              25.1276633
            ],
            [
              121.4361812,
              25.1276842
            ],
            [
              121.4361644,
              25.1276939
            ],
            [
              121.4361445,
              25.1277031
            ],
            [
              121.4361217,
              25.1276704
            ],
            [
              121.4361042,
              25.127658
            ],
            [
              121.4360793,
              25.1276524
            ],
            [
              121.4360581,
              25.1276628
            ],
            [
              121.4360255,
              25.1276205
            ],
            [
              121.4360602,
              25.1275998
            ],
            [
              121.4360803,
              25.1275822
            ],
            [
              121.4360962,
              25.1275683
            ],
            [
              121.4361337,
              25.1275508
            ]
          ]
        ]
      },
      "id": "way/702423793"
    },
    {
      "type": "Feature",
      "properties": {
        "@id": "way/755347283",
        "building": "yes",
        "man_made": "tower",
        "name": "駁二塔",
        "name:en": "Pier 2 Viewpoint",
        "name:zh": "駁二塔",
        "opening_hours": "Mo-Su 10:00-17:00",
        "tourism": "viewpoint",
        "tower:type": "observation"
      },
      "geometry": {
        "type": "Polygon",
        "coordinates": [
          [
            [
              120.2831532,
              22.6186158
            ],
            [
              120.2831927,
              22.6186795
            ],
            [
              120.2830512,
              22.6187544
            ],
            [
              120.2829844,
              22.6186467
            ],
            [
              120.2830505,
              22.6186117
            ],
            [
              120.2830778,
              22.6186557
            ],
            [
              120.2831532,
              22.6186158
            ]
          ]
        ]
      },
      "id": "way/755347283"
    },
    {
      "type": "Feature",
      "properties": {
        "@id": "way/770012483",
        "building": "yes",
        "height": "67",
        "man_made": "tower",
        "name": "基隆塔",
        "name:en": "Keelung Tower",
        "name:zh": "基隆塔",
        "start_date": "2023-12-16",
        "tourism": "viewpoint",
        "tower:construction": "lattice",
        "tower:type": "observation",
        "wikidata": "Q124514502",
        "wikimedia_commons": "Category:Keelung Tower",
        "wikipedia": "zh:基隆塔"
      },
      "geometry": {
        "type": "Polygon",
        "coordinates": [
          [
            [
              121.7470367,
              25.1327027
            ],
            [
              121.7469908,
              25.1328698
            ],
            [
              121.746943,
              25.1329242
            ],
            [
              121.7469305,
              25.132856
            ],
            [
              121.7469808,
              25.1326884
            ],
            [
              121.7470367,
              25.1327027
            ]
          ]
        ]
      },
      "id": "way/770012483"
    },
    {
      "type": "Feature",
      "properties": {
        "@id": "way/966135031",
        "name": "武嶺瞭望臺",
        "tourism": "viewpoint"
      },
      "geometry": {
        "type": "Polygon",
        "coordinates": [
          [
            [
              121.2757643,
              24.1371233
            ],
            [
              121.2757578,
              24.1370887
            ],
            [
              121.2757533,
              24.137065
            ],
            [
              121.27591,
              24.1370405
            ],
            [
              121.2759209,
              24.1370988
            ],
            [
              121.2757643,
              24.1371233
            ]
          ]
        ]
      },
      "id": "way/966135031"
    },
    {
      "type": "Feature",
      "properties": {
        "@id": "way/1049634156",
        "name": "通霄日落大道觀景台",
        "tourism": "viewpoint"
      },
      "geometry": {
        "type": "Polygon",
        "coordinates": [
          [
            [
              120.7018253,
              24.5423946
            ],
            [
              120.7019776,
              24.5423416
            ],
            [
              120.7021055,
              24.5425999
            ],
            [
              120.7019475,
              24.5426684
            ],
            [
              120.7018253,
              24.5423946
            ]
          ]
        ]
      },
      "id": "way/1049634156"
    },
    {
      "type": "Feature",
      "properties": {
        "@id": "way/1051081794",
        "name": "弄春池",
        "natural": "water",
        "tourism": "viewpoint",
        "water": "pond"
      },
      "geometry": {
        "type": "Polygon",
        "coordinates": [
          [
            [
              121.5250285,
              25.0408933
            ],
            [
              121.5250171,
              25.040889
            ],
            [
              121.5250164,
              25.0408805
            ],
            [
              121.5250114,
              25.0408753
            ],
            [
              121.524997,
              25.0408781
            ],
            [
              121.5249802,
              25.0408787
            ],
            [
              121.5249715,
              25.0408756
            ],
            [
              121.5249708,
              25.0408668
            ],
            [
              121.5249802,
              25.0408574
            ],
            [
              121.5249829,
              25.0408374
            ],
            [
              121.5250134,
              25.0408027
            ],
            [
              121.5250258,
              25.0407951
            ],
            [
              121.5250382,
              25.0407909
            ],
            [
              121.5250526,
              25.0407909
            ],
            [
              121.5250634,
              25.0407948
            ],
            [
              121.5250724,
              25.0408037
            ],
            [
              121.5250781,
              25.0408122
            ],
            [
              121.5250801,
              25.0408313
            ],
            [
              121.5250855,
              25.0408398
            ],
            [
              121.5250962,
              25.0408425
            ],
            [
              121.5251133,
              25.0408316
            ],
            [
              121.5251224,
              25.040817
            ],
            [
              121.5251344,
              25.0408033
            ],
            [
              121.5251492,
              25.0407857
            ],
            [
              121.5251599,
              25.0407775
            ],
            [
              121.5251713,
              25.0407778
            ],
            [
              121.5251874,
              25.0407857
            ],
            [
              121.5252022,
              25.0407988
            ],
            [
              121.5252028,
              25.040804
            ],
            [
              121.5252022,
              25.0408088
            ],
            [
              121.5251935,
              25.0408167
            ],
            [
              121.5251774,
              25.0408261
            ],
            [
              121.525166,
              25.0408368
            ],
            [
              121.5251519,
              25.0408465
            ],
            [
              121.5251405,
              25.0408632
            ],
            [
              121.5251318,
              25.0408717
            ],
            [
              121.525121,
              25.0408778
            ],
            [
              121.5251123,
              25.0408793
            ],
            [
              121.5251009,
              25.0408775
            ],
            [
              121.5250942,
              25.0408738
            ],
            [
              121.5250821,
              25.0408659
            ],
            [
              121.5250704,
              25.0408571
            ],
            [
              121.5250614,
              25.0408559
            ],
            [
              121.5250567,
              25.0408574
            ],
            [
              121.5250513,
              25.0408656
            ],
            [
              121.5250486,
              25.0408778
            ],
            [
              121.5250439,
              25.0408875
            ],
            [
              121.5250352,
              25.0408924
            ],
            [
              121.5250285,
              25.0408933
            ]
          ]
        ]
      },
      "id": "way/1051081794"
    },
    {
      "type": "Feature",
      "properties": {
        "@id": "way/1051435361",
        "name": "闊景平台",
        "name:en": "Scenic Platform",
        "name:zh": "闊景平台",
        "name:zh-Hant": "闊景平台",
        "surface": "wood",
        "tourism": "viewpoint",
        "viewpoint": "platform"
      },
      "geometry": {
        "type": "Polygon",
        "coordinates": [
          [
            [
              121.5443974,
              25.0043118
            ],
            [
              121.544384,
              25.0042839
            ],
            [
              121.54439,
              25.0042389
            ],
            [
              121.5444296,
              25.00422
            ],
            [
              121.5444329,
              25.004172
            ],
            [
              121.5444698,
              25.0041569
            ],
            [
              121.5445107,
              25.0042747
            ],
            [
              121.5443974,
              25.0043118
            ]
          ]
        ]
      },
      "id": "way/1051435361"
    },
    {
      "type": "Feature",
      "properties": {
        "@id": "way/1051435362",
        "name": "瞭望平台",
        "name:en": "Lookout Point",
        "name:zh": "瞭望平台",
        "name:zh-Hant": "瞭望平台",
        "surface": "wood",
        "tourism": "viewpoint",
        "viewpoint": "platform"
      },
      "geometry": {
        "type": "Polygon",
        "coordinates": [
          [
            [
              121.5455447,
              25.0044941
            ],
            [
              121.5455159,
              25.0044473
            ],
            [
              121.545544,
              25.0043811
            ],
            [
              121.5455782,
              25.0043641
            ],
            [
              121.5456352,
              25.0044437
            ],
            [
              121.5455447,
              25.0044941
            ]
          ]
        ]
      },
      "id": "way/1051435362"
    },
    {
      "type": "Feature",
      "properties": {
        "@id": "way/1051435363",
        "name": "大樹平台",
        "name:en": "Forest Platform",
        "name:zh": "大樹平台",
        "name:zh-Hant": "大樹平台",
        "tourism": "viewpoint"
      },
      "geometry": {
        "type": "Polygon",
        "coordinates": [
          [
            [
              121.5468792,
              25.0042316
            ],
            [
              121.5468751,
              25.0041951
            ],
            [
              121.5469214,
              25.0041575
            ],
            [
              121.5469207,
              25.004135
            ],
            [
              121.5469817,
              25.0041259
            ],
            [
              121.5469911,
              25.0042176
            ],
            [
              121.5469509,
              25.0042431
            ],
            [
              121.5468792,
              25.0042316
            ]
          ]
        ]
      },
      "id": "way/1051435363"
    },
    {
      "type": "Feature",
      "properties": {
        "@id": "way/1080058366",
        "ele": "153",
        "name": "四棵榕觀景平台",
        "name:en": "Si'kerong",
        "name:zh": "四棵榕觀景平台",
        "surface": "wood",
        "tourism": "viewpoint"
      },
      "geometry": {
        "type": "Polygon",
        "coordinates": [
          [
            [
              120.2679533,
              22.6523078
            ],
            [
              120.2678935,
              22.6522506
            ],
            [
              120.2679742,
              22.6522462
            ],
            [
              120.2680535,
              22.6522471
            ],
            [
              120.2679853,
              22.6522923
            ],
            [
              120.2679533,
              22.6523078
            ]
          ]
        ]
      },
      "id": "way/1080058366"
    },
    {
      "type": "Feature",
      "properties": {
        "@id": "way/1093147368",
        "area": "yes",
        "highway": "pedestrian",
        "name": "微風平台",
        "nickname": "貢丸平台",
        "tourism": "viewpoint"
      },
      "geometry": {
        "type": "Polygon",
        "coordinates": [
          [
            [
              121.528484,
              25.0841976
            ],
            [
              121.5284062,
              25.0842429
            ],
            [
              121.5283515,
              25.0841566
            ],
            [
              121.5283477,
              25.0841224
            ],
            [
              121.528346,
              25.0841081
            ],
            [
              121.5283898,
              25.0840788
            ],
            [
              121.5284357,
              25.0841482
            ],
            [
              121.5284741,
              25.0841874
            ],
            [
              121.528484,
              25.0841976
            ]
          ]
        ]
      },
      "id": "way/1093147368"
    },
    {
      "type": "Feature",
      "properties": {
        "@id": "way/1097856564",
        "name": "七蔓觀景平台",
        "surface": "wood",
        "tourism": "viewpoint"
      },
      "geometry": {
        "type": "Polygon",
        "coordinates": [
          [
            [
              120.2672828,
              22.6413187
            ],
            [
              120.2673326,
              22.6413018
            ],
            [
              120.2673669,
              22.6413975
            ],
            [
              120.267348,
              22.6414279
            ],
            [
              120.2673309,
              22.6414381
            ],
            [
              120.2672828,
              22.6413187
            ]
          ]
        ]
      },
      "id": "way/1097856564"
    },
    {
      "type": "Feature",
      "properties": {
        "@id": "way/1112795034",
        "name": "仁壽台",
        "tourism": "viewpoint"
      },
      "geometry": {
        "type": "Polygon",
        "coordinates": [
          [
            [
              120.7010656,
              22.0518186
            ],
            [
              120.7010911,
              22.0518222
            ],
            [
              120.7011225,
              22.0518374
            ],
            [
              120.701141,
              22.0518794
            ],
            [
              120.7010422,
              22.0519233
            ],
            [
              120.7010164,
              22.0518766
            ],
            [
              120.701019,
              22.0518441
            ],
            [
              120.7010656,
              22.0518186
            ]
          ]
        ]
      },
      "id": "way/1112795034"
    },
    {
      "type": "Feature",
      "properties": {
        "@id": "way/1138106420",
        "name": "東洋山展望台",
        "tourism": "viewpoint",
        "viewpoint": "platform"
      },
      "geometry": {
        "type": "Polygon",
        "coordinates": [
          [
            [
              119.9836913,
              25.962631
            ],
            [
              119.9837093,
              25.9625803
            ],
            [
              119.9837323,
              25.9625748
            ],
            [
              119.9837562,
              25.9625767
            ],
            [
              119.983776,
              25.9626033
            ],
            [
              119.9837769,
              25.9626226
            ],
            [
              119.983768,
              25.9626348
            ],
            [
              119.9837285,
              25.9626542
            ],
            [
              119.9836913,
              25.962631
            ]
          ]
        ]
      },
      "id": "way/1138106420"
    },
    {
      "type": "Feature",
      "properties": {
        "@id": "way/1139127370",
        "name": "石門觀景臺",
        "tourism": "viewpoint"
      },
      "geometry": {
        "type": "Polygon",
        "coordinates": [
          [
            [
              120.8547084,
              23.949772
            ],
            [
              120.8546689,
              23.9496764
            ],
            [
              120.8548282,
              23.9496334
            ],
            [
              120.8548525,
              23.9497374
            ],
            [
              120.8547084,
              23.949772
            ]
          ]
        ]
      },
      "id": "way/1139127370"
    },
    {
      "type": "Feature",
      "properties": {
        "@id": "way/1152312058",
        "name": "二叭子觀景臺",
        "tourism": "viewpoint"
      },
      "geometry": {
        "type": "Polygon",
        "coordinates": [
          [
            [
              121.5017739,
              24.9386597
            ],
            [
              121.5017396,
              24.9386302
            ],
            [
              121.5018118,
              24.9385648
            ],
            [
              121.5018434,
              24.9385999
            ],
            [
              121.5017739,
              24.9386597
            ]
          ]
        ]
      },
      "id": "way/1152312058"
    },
    {
      "type": "Feature",
      "properties": {
        "@id": "way/1152312062",
        "name": "二叭子觀景臺",
        "tourism": "viewpoint"
      },
      "geometry": {
        "type": "Polygon",
        "coordinates": [
          [
            [
              121.5018136,
              24.9387588
            ],
            [
              121.5018343,
              24.938738
            ],
            [
              121.5018761,
              24.938771
            ],
            [
              121.501874,
              24.938776
            ],
            [
              121.5018566,
              24.9387918
            ],
            [
              121.5018136,
              24.9387588
            ]
          ]
        ]
      },
      "id": "way/1152312062"
    },
    {
      "type": "Feature",
      "properties": {
        "@id": "way/1154177580",
        "direction": "360",
        "name": "島頭公園觀景臺",
        "tourism": "viewpoint"
      },
      "geometry": {
        "type": "Polygon",
        "coordinates": [
          [
            [
              121.4655828,
              25.1104593
            ],
            [
              121.465569,
              25.1103812
            ],
            [
              121.4655656,
              25.1103621
            ],
            [
              121.4656901,
              25.1103388
            ],
            [
              121.4656976,
              25.1104447
            ],
            [
              121.4655828,
              25.1104593
            ]
          ]
        ]
      },
      "id": "way/1154177580"
    },
    {
      "type": "Feature",
      "properties": {
        "@id": "way/1185887977",
        "name": "市景平台",
        "surface": "wood",
        "tourism": "viewpoint"
      },
      "geometry": {
        "type": "Polygon",
        "coordinates": [
          [
            [
              121.5355741,
              25.1409611
            ],
            [
              121.535553,
              25.1409546
            ],
            [
              121.5355288,
              25.1409111
            ],
            [
              121.5355777,
              25.1408985
            ],
            [
              121.5355741,
              25.1409611
            ]
          ]
        ]
      },
      "id": "way/1185887977"
    },
    {
      "type": "Feature",
      "properties": {
        "@id": "way/1189941095",
        "layer": "1",
        "name": "雞心崙平台",
        "tourism": "viewpoint"
      },
      "geometry": {
        "type": "Polygon",
        "coordinates": [
          [
            [
              121.5677181,
              25.16522
            ],
            [
              121.5677137,
              25.165204
            ],
            [
              121.5677058,
              25.1651727
            ],
            [
              121.5677207,
              25.1651698
            ],
            [
              121.5677213,
              25.1651764
            ],
            [
              121.5677225,
              25.1651823
            ],
            [
              121.5677586,
              25.1651728
            ],
            [
              121.5677618,
              25.1651898
            ],
            [
              121.5677708,
              25.1652245
            ],
            [
              121.5677538,
              25.1652265
            ],
            [
              121.5677518,
              25.1652193
            ],
            [
              121.567751,
              25.1652135
            ],
            [
              121.5677181,
              25.16522
            ]
          ]
        ]
      },
      "id": "way/1189941095"
    },
    {
      "type": "Feature",
      "properties": {
        "@id": "way/1190100254",
        "name": "稻田彩繪觀景台",
        "tourism": "viewpoint"
      },
      "geometry": {
        "type": "Polygon",
        "coordinates": [
          [
            [
              120.6872505,
              24.3286315
            ],
            [
              120.6871046,
              24.3285475
            ],
            [
              120.6871489,
              24.3284719
            ],
            [
              120.6873054,
              24.3285507
            ],
            [
              120.6872505,
              24.3286315
            ]
          ]
        ]
      },
      "id": "way/1190100254"
    },
    {
      "type": "Feature",
      "properties": {
        "@id": "way/1200971725",
        "name": "賞鳥平台",
        "tourism": "viewpoint"
      },
      "geometry": {
        "type": "Polygon",
        "coordinates": [
          [
            [
              120.7987749,
              23.6602735
            ],
            [
              120.7987744,
              23.6603039
            ],
            [
              120.7987209,
              23.6603031
            ],
            [
              120.7987214,
              23.6602727
            ],
            [
              120.7987749,
              23.6602735
            ]
          ]
        ]
      },
      "id": "way/1200971725"
    },
    {
      "type": "Feature",
      "properties": {
        "@id": "way/1207994789",
        "area": "yes",
        "name": "觀機平台(第三層)",
        "tourism": "viewpoint"
      },
      "geometry": {
        "type": "Polygon",
        "coordinates": [
          [
            [
              121.4294166,
              25.0743405
            ],
            [
              121.4294137,
              25.0743891
            ],
            [
              121.4293842,
              25.0744299
            ],
            [
              121.4293774,
              25.0745838
            ],
            [
              121.4293976,
              25.0746214
            ],
            [
              121.4293953,
              25.0746668
            ],
            [
              121.4292883,
              25.0745786
            ],
            [
              121.4292966,
              25.0744052
            ],
            [
              121.4294166,
              25.0743405
            ]
          ]
        ]
      },
      "id": "way/1207994789"
    },
    {
      "type": "Feature",
      "properties": {
        "@id": "way/1207994800",
        "area": "yes",
        "bridge": "boardwalk",
        "highway": "pedestrian",
        "name": "觀機平台(第六層)",
        "surface": "wood",
        "tourism": "viewpoint"
      },
      "geometry": {
        "type": "Polygon",
        "coordinates": [
          [
            [
              121.4287722,
              25.0740212
            ],
            [
              121.4287387,
              25.0740338
            ],
            [
              121.4286863,
              25.0740518
            ],
            [
              121.4286353,
              25.0739549
            ],
            [
              121.428573,
              25.0738333
            ],
            [
              121.4286165,
              25.0738135
            ],
            [
              121.4286535,
              25.0737952
            ],
            [
              121.4287038,
              25.0738592
            ],
            [
              121.4287417,
              25.0739347
            ],
            [
              121.4287722,
              25.0740212
            ]
          ]
        ]
      },
      "id": "way/1207994800"
    },
    {
      "type": "Feature",
      "properties": {
        "@id": "way/1207994804",
        "area": "yes",
        "bridge": "boardwalk",
        "highway": "pedestrian",
        "name": "觀機平台(第七層)",
        "surface": "wood",
        "tourism": "viewpoint"
      },
      "geometry": {
        "type": "Polygon",
        "coordinates": [
          [
            [
              121.4284566,
              25.0739639
            ],
            [
              121.4284213,
              25.0739824
            ],
            [
              121.4283314,
              25.073841
            ],
            [
              121.4283635,
              25.0738243
            ],
            [
              121.4283894,
              25.0738108
            ],
            [
              121.4284793,
              25.0739521
            ],
            [
              121.4284566,
              25.0739639
            ]
          ]
        ]
      },
      "id": "way/1207994804"
    },
    {
      "type": "Feature",
      "properties": {
        "@id": "way/1212020715",
        "name": "五峰平台",
        "tourism": "viewpoint"
      },
      "geometry": {
        "type": "Polygon",
        "coordinates": [
          [
            [
              120.6151434,
              23.8783619
            ],
            [
              120.6152049,
              23.8783432
            ],
            [
              120.6152927,
              23.878443
            ],
            [
              120.6152008,
              23.8785071
            ],
            [
              120.6151581,
              23.8784447
            ],
            [
              120.6151434,
              23.8783619
            ]
          ]
        ]
      },
      "id": "way/1212020715"
    },
    {
      "type": "Feature",
      "properties": {
        "@id": "way/1212020728",
        "name": "一峰平台",
        "tourism": "viewpoint"
      },
      "geometry": {
        "type": "Polygon",
        "coordinates": [
          [
            [
              120.6153125,
              23.8815996
            ],
            [
              120.6153215,
              23.8817421
            ],
            [
              120.6152554,
              23.8818637
            ],
            [
              120.6150917,
              23.8819522
            ],
            [
              120.6150251,
              23.8818524
            ],
            [
              120.6150863,
              23.8815801
            ],
            [
              120.6152365,
              23.8815575
            ],
            [
              120.6153125,
              23.8815996
            ]
          ]
        ]
      },
      "id": "way/1212020728"
    },
    {
      "type": "Feature",
      "properties": {
        "@id": "way/1212137349",
        "name": "二峰平台",
        "tourism": "viewpoint"
      },
      "geometry": {
        "type": "Polygon",
        "coordinates": [
          [
            [
              120.6164606,
              23.8808456
            ],
            [
              120.6165368,
              23.8808519
            ],
            [
              120.6165227,
              23.8809554
            ],
            [
              120.6164557,
              23.8809558
            ],
            [
              120.6164606,
              23.8808456
            ]
          ]
        ]
      },
      "id": "way/1212137349"
    },
    {
      "type": "Feature",
      "properties": {
        "@id": "way/1212137351",
        "name": "三峰平台",
        "tourism": "viewpoint"
      },
      "geometry": {
        "type": "Polygon",
        "coordinates": [
          [
            [
              120.6172224,
              23.879505
            ],
            [
              120.6172644,
              23.8795093
            ],
            [
              120.6172949,
              23.8795315
            ],
            [
              120.6172919,
              23.8795636
            ],
            [
              120.6172526,
              23.8795665
            ],
            [
              120.6172177,
              23.8795479
            ],
            [
              120.6172224,
              23.879505
            ]
          ]
        ]
      },
      "id": "way/1212137351"
    },
    {
      "type": "Feature",
      "properties": {
        "@id": "way/1212194604",
        "name": "望高寮觀景平台",
        "tourism": "viewpoint"
      },
      "geometry": {
        "type": "Polygon",
        "coordinates": [
          [
            [
              120.6287046,
              23.9299991
            ],
            [
              120.6286703,
              23.9299498
            ],
            [
              120.62875,
              23.9299036
            ],
            [
              120.6287842,
              23.9299529
            ],
            [
              120.6287703,
              23.9299609
            ],
            [
              120.6287046,
              23.9299991
            ]
          ]
        ]
      },
      "id": "way/1212194604"
    },
    {
      "type": "Feature",
      "properties": {
        "@id": "way/1214220217",
        "name": "六角亭",
        "tourism": "viewpoint"
      },
      "geometry": {
        "type": "Polygon",
        "coordinates": [
          [
            [
              120.5843406,
              23.2990395
            ],
            [
              120.5843245,
              23.2989882
            ],
            [
              120.5843648,
              23.2989498
            ],
            [
              120.5844212,
              23.2989626
            ],
            [
              120.5844373,
              23.2990139
            ],
            [
              120.584397,
              23.2990523
            ],
            [
              120.5843406,
              23.2990395
            ]
          ]
        ]
      },
      "id": "way/1214220217"
    },
    {
      "type": "Feature",
      "properties": {
        "@id": "way/1219954142",
        "direction": "0-360",
        "disused:building": "military",
        "man_made": "tower",
        "name": "崗哨觀景臺",
        "tourism": "viewpoint",
        "tower:type": "observation"
      },
      "geometry": {
        "type": "Polygon",
        "coordinates": [
          [
            [
              121.6114561,
              25.0498482
            ],
            [
              121.6114661,
              25.0498192
            ],
            [
              121.6115051,
              25.0498303
            ],
            [
              121.6114951,
              25.0498593
            ],
            [
              121.6114561,
              25.0498482
            ]
          ]
        ]
      },
      "id": "way/1219954142"
    },
    {
      "type": "Feature",
      "properties": {
        "@id": "way/1222881667",
        "name": "第二航廈北側觀景台（戶外下層）",
        "tourism": "viewpoint",
        "wheelchair": "yes"
      },
      "geometry": {
        "type": "Polygon",
        "coordinates": [
          [
            [
              121.2307028,
              25.0783362
            ],
            [
              121.230775,
              25.0782556
            ],
            [
              121.2309655,
              25.0783948
            ],
            [
              121.2311536,
              25.0785323
            ],
            [
              121.2311338,
              25.0785475
            ],
            [
              121.2310874,
              25.0785126
            ],
            [
              121.2310211,
              25.0785842
            ],
            [
              121.2307028,
              25.0783362
            ]
          ]
        ]
      },
      "id": "way/1222881667"
    },
    {
      "type": "Feature",
      "properties": {
        "@id": "way/1222881669",
        "area": "yes",
        "building": "yes",
        "name": "第二航廈北側觀景台（戶外上層）",
        "tourism": "viewpoint",
        "wheelchair": "yes"
      },
      "geometry": {
        "type": "Polygon",
        "coordinates": [
          [
            [
              121.2311536,
              25.0785323
            ],
            [
              121.2309655,
              25.0783948
            ],
            [
              121.2309945,
              25.0783573
            ],
            [
              121.2310179,
              25.0783527
            ],
            [
              121.2311912,
              25.0784862
            ],
            [
              121.2311536,
              25.0785323
            ]
          ]
        ]
      },
      "id": "way/1222881669"
    },
    {
      "type": "Feature",
      "properties": {
        "@id": "way/1231177433",
        "amenity": "shelter",
        "bench": "yes",
        "building": "yes",
        "name": "後棟仔涼亭",
        "tourism": "viewpoint"
      },
      "geometry": {
        "type": "Polygon",
        "coordinates": [
          [
            [
              120.6295432,
              23.6011007
            ],
            [
              120.6295777,
              23.6011691
            ],
            [
              120.6295149,
              23.6011956
            ],
            [
              120.6294804,
              23.6011273
            ],
            [
              120.6295432,
              23.6011007
            ]
          ]
        ]
      },
      "id": "way/1231177433"
    },
    {
      "type": "Feature",
      "properties": {
        "@id": "way/1231790180",
        "amenity": "shelter",
        "building": "yes",
        "layer": "1",
        "name": "第一觀景台",
        "tourism": "viewpoint"
      },
      "geometry": {
        "type": "Polygon",
        "coordinates": [
          [
            [
              120.6199703,
              23.584289
            ],
            [
              120.6199674,
              23.5842512
            ],
            [
              120.6200078,
              23.5842487
            ],
            [
              120.6200107,
              23.5842865
            ],
            [
              120.6199703,
              23.584289
            ]
          ]
        ]
      },
      "id": "way/1231790180"
    },
    {
      "type": "Feature",
      "properties": {
        "@id": "way/1232057295",
        "bridge": "boardwalk",
        "material": "wood",
        "name": "觀螢平台",
        "surface": "wood",
        "tourism": "viewpoint"
      },
      "geometry": {
        "type": "Polygon",
        "coordinates": [
          [
            [
              120.6083846,
              23.5866138
            ],
            [
              120.6083967,
              23.5866192
            ],
            [
              120.6083892,
              23.5866345
            ],
            [
              120.6083536,
              23.5866199
            ],
            [
              120.6083646,
              23.5865975
            ],
            [
              120.6083881,
              23.5866067
            ],
            [
              120.6083861,
              23.5866108
            ],
            [
              120.6083846,
              23.5866138
            ]
          ]
        ]
      },
      "id": "way/1232057295"
    },
    {
      "type": "Feature",
      "properties": {
        "@id": "way/1233828736",
        "building": "yes",
        "direction": "0-360",
        "material": "wood",
        "name": "鯉魚潭觀景台",
        "tourism": "viewpoint"
      },
      "geometry": {
        "type": "Polygon",
        "coordinates": [
          [
            [
              121.5082974,
              23.9342026
            ],
            [
              121.5082417,
              23.9341867
            ],
            [
              121.5082013,
              23.9342204
            ],
            [
              121.5081456,
              23.9342045
            ],
            [
              121.5081329,
              23.9341525
            ],
            [
              121.508173,
              23.9341187
            ],
            [
              121.5081604,
              23.9340669
            ],
            [
              121.5082005,
              23.9340332
            ],
            [
              121.5082561,
              23.9340491
            ],
            [
              121.5082965,
              23.9340152
            ],
            [
              121.5083522,
              23.9340311
            ],
            [
              121.5083649,
              23.9340832
            ],
            [
              121.5083248,
              23.9341169
            ],
            [
              121.5083375,
              23.9341689
            ],
            [
              121.5082974,
              23.9342026
            ]
          ]
        ]
      },
      "id": "way/1233828736"
    },
    {
      "type": "Feature",
      "properties": {
        "@id": "way/1238414564",
        "name": "馬蹄形平台",
        "tourism": "viewpoint"
      },
      "geometry": {
        "type": "Polygon",
        "coordinates": [
          [
            [
              121.5837255,
              25.0201958
            ],
            [
              121.5837733,
              25.0202351
            ],
            [
              121.5837703,
              25.0202757
            ],
            [
              121.5837509,
              25.0202752
            ],
            [
              121.5837333,
              25.0202797
            ],
            [
              121.5837141,
              25.0202758
            ],
            [
              121.5836989,
              25.0202667
            ],
            [
              121.5836899,
              25.0202513
            ],
            [
              121.5836904,
              25.020239
            ],
            [
              121.5837054,
              25.0202192
            ],
            [
              121.5837255,
              25.0201958
            ]
          ]
        ]
      },
      "id": "way/1238414564"
    },
    {
      "type": "Feature",
      "properties": {
        "@id": "way/1245702228",
        "area": "yes",
        "bridge": "boardwalk",
        "highway": "footway",
        "material": "steel",
        "name": "一號觀景台",
        "surface": "metal_grid",
        "tourism": "viewpoint"
      },
      "geometry": {
        "type": "Polygon",
        "coordinates": [
          [
            [
              120.6667715,
              23.6017237
            ],
            [
              120.6667715,
              23.6017135
            ],
            [
              120.6667716,
              23.6016747
            ],
            [
              120.666832,
              23.6016749
            ],
            [
              120.6668318,
              23.6017239
            ],
            [
              120.6667715,
              23.6017237
            ]
          ]
        ]
      },
      "id": "way/1245702228"
    },
    {
      "type": "Feature",
      "properties": {
        "@id": "way/1245702233",
        "area": "yes",
        "bridge": "boardwalk",
        "highway": "footway",
        "material": "steel",
        "name": "二號觀景台",
        "surface": "metal_grid",
        "tourism": "viewpoint"
      },
      "geometry": {
        "type": "Polygon",
        "coordinates": [
          [
            [
              120.6641388,
              23.6005316
            ],
            [
              120.6641261,
              23.6005575
            ],
            [
              120.664112,
              23.600586
            ],
            [
              120.6640669,
              23.6005674
            ],
            [
              120.6640937,
              23.600513
            ],
            [
              120.6641388,
              23.6005316
            ]
          ]
        ]
      },
      "id": "way/1245702233"
    },
    {
      "type": "Feature",
      "properties": {
        "@id": "way/1270610167",
        "name": "弦月眺景台",
        "name:en": "Crescent Observation Deck",
        "name:zh": "弦月眺景台",
        "surface": "wood",
        "tourism": "viewpoint"
      },
      "geometry": {
        "type": "Polygon",
        "coordinates": [
          [
            [
              120.3885869,
              22.8881021
            ],
            [
              120.3885551,
              22.8881333
            ],
            [
              120.3884915,
              22.8881316
            ],
            [
              120.3884637,
              22.8881128
            ],
            [
              120.3884588,
              22.8880665
            ],
            [
              120.3884907,
              22.8880391
            ],
            [
              120.3885098,
              22.8880037
            ],
            [
              120.388604,
              22.8880183
            ],
            [
              120.3885869,
              22.8881021
            ]
          ]
        ]
      },
      "id": "way/1270610167"
    },
    {
      "type": "Feature",
      "properties": {
        "@id": "way/1270764354",
        "bridge": "boardwalk",
        "name": "瞭望台",
        "surface": "wood",
        "tourism": "viewpoint"
      },
      "geometry": {
        "type": "Polygon",
        "coordinates": [
          [
            [
              120.350115,
              22.8689373
            ],
            [
              120.3501935,
              22.8689853
            ],
            [
              120.3501952,
              22.8690108
            ],
            [
              120.3501831,
              22.8690306
            ],
            [
              120.3501237,
              22.8690345
            ],
            [
              120.3500935,
              22.8690249
            ],
            [
              120.3500805,
              22.868997
            ],
            [
              120.3500875,
              22.8689635
            ],
            [
              120.350115,
              22.8689373
            ]
          ]
        ]
      },
      "id": "way/1270764354"
    },
    {
      "type": "Feature",
      "properties": {
        "@id": "way/1270880254",
        "bridge": "boardwalk",
        "name": "觀景平台",
        "surface": "wood",
        "tourism": "viewpoint"
      },
      "geometry": {
        "type": "Polygon",
        "coordinates": [
          [
            [
              120.3473773,
              22.8675657
            ],
            [
              120.3472935,
              22.8675314
            ],
            [
              120.347308,
              22.8675013
            ],
            [
              120.3473191,
              22.8674784
            ],
            [
              120.3474029,
              22.8675127
            ],
            [
              120.3473913,
              22.8675367
            ],
            [
              120.3473773,
              22.8675657
            ]
          ]
        ]
      },
      "id": "way/1270880254"
    },
    {
      "type": "Feature",
      "properties": {
        "@id": "way/1272155645",
        "name": "花架木平台",
        "tourism": "viewpoint"
      },
      "geometry": {
        "type": "Polygon",
        "coordinates": [
          [
            [
              120.3494279,
              22.8686023
            ],
            [
              120.3496481,
              22.8686861
            ],
            [
              120.3496114,
              22.8687709
            ],
            [
              120.3493925,
              22.8686908
            ],
            [
              120.3494279,
              22.8686023
            ]
          ]
        ]
      },
      "id": "way/1272155645"
    },
    {
      "type": "Feature",
      "properties": {
        "@id": "way/1295717354",
        "name": "觀景平台",
        "tourism": "viewpoint"
      },
      "geometry": {
        "type": "Polygon",
        "coordinates": [
          [
            [
              121.6148634,
              23.994376
            ],
            [
              121.6148651,
              23.994339
            ],
            [
              121.6148423,
              23.9943399
            ],
            [
              121.6148429,
              23.9942805
            ],
            [
              121.6149006,
              23.9942811
            ],
            [
              121.6148996,
              23.9943203
            ],
            [
              121.6149241,
              23.9943212
            ],
            [
              121.6149231,
              23.9943757
            ],
            [
              121.6148634,
              23.994376
            ]
          ]
        ]
      },
      "id": "way/1295717354"
    },
    {
      "type": "Feature",
      "properties": {
        "@id": "way/1305708680",
        "name": "新庄仔360度觀景平臺",
        "tourism": "viewpoint"
      },
      "geometry": {
        "type": "Polygon",
        "coordinates": [
          [
            [
              120.6595492,
              24.2811149
            ],
            [
              120.6595541,
              24.2811038
            ],
            [
              120.6595639,
              24.2810957
            ],
            [
              120.6595809,
              24.2810927
            ],
            [
              120.6596151,
              24.2810193
            ],
            [
              120.6596907,
              24.2810512
            ],
            [
              120.6596257,
              24.2811512
            ],
            [
              120.6595492,
              24.2811149
            ]
          ]
        ]
      },
      "id": "way/1305708680"
    },
    {
      "type": "Feature",
      "properties": {
        "@id": "way/1323365967",
        "name": "望高寮",
        "tourism": "viewpoint"
      },
      "geometry": {
        "type": "Polygon",
        "coordinates": [
          [
            [
              120.2275645,
              23.2787829
            ],
            [
              120.2275541,
              23.2787429
            ],
            [
              120.227586,
              23.2787145
            ],
            [
              120.2276282,
              23.2787281
            ],
            [
              120.2276333,
              23.2787752
            ],
            [
              120.227628,
              23.2787791
            ],
            [
              120.2276048,
              23.2787961
            ],
            [
              120.2275645,
              23.2787829
            ]
          ]
        ]
      },
      "id": "way/1323365967"
    },
    {
      "type": "Feature",
      "properties": {
        "@id": "way/1356911558",
        "man_made": "windmill",
        "name": "風車",
        "tourism": "viewpoint",
        "wheelchair": "yes"
      },
      "geometry": {
        "type": "Polygon",
        "coordinates": [
          [
            [
              121.1618941,
              24.0531253
            ],
            [
              121.1618763,
              24.0530888
            ],
            [
              121.1619345,
              24.0530652
            ],
            [
              121.1619522,
              24.0531017
            ],
            [
              121.1618941,
              24.0531253
            ]
          ]
        ]
      },
      "id": "way/1356911558"
    },
    {
      "type": "Feature",
      "properties": {
        "@id": "way/1375331553",
        "name": "望高台",
        "tourism": "viewpoint"
      },
      "geometry": {
        "type": "Polygon",
        "coordinates": [
          [
            [
              120.9438732,
              23.916917
            ],
            [
              120.943985,
              23.9168742
            ],
            [
              120.9440105,
              23.9169298
            ],
            [
              120.9438987,
              23.9169727
            ],
            [
              120.9438732,
              23.916917
            ]
          ]
        ]
      },
      "id": "way/1375331553"
    },
    {
      "type": "Feature",
      "properties": {
        "@id": "way/1461685986",
        "area": "yes",
        "highway": "pedestrian",
        "lit": "yes",
        "name": "姐妹亭",
        "name:en": "Sisters Pavilion",
        "tourism": "viewpoint"
      },
      "geometry": {
        "type": "Polygon",
        "coordinates": [
          [
            [
              120.4847795,
              23.4777132
            ],
            [
              120.4846947,
              23.4777529
            ],
            [
              120.4847092,
              23.4773591
            ],
            [
              120.4849094,
              23.4773653
            ],
            [
              120.4849684,
              23.477314
            ],
            [
              120.4850029,
              23.4773187
            ],
            [
              120.4850416,
              23.4773989
            ],
            [
              120.4850578,
              23.4777084
            ],
            [
              120.484929,
              23.4776842
            ],
            [
              120.4847795,
              23.4777132
            ]
          ]
        ]
      },
      "id": "way/1461685986"
    },
    {
      "type": "Feature",
      "properties": {
        "@id": "way/1466298524",
        "area": "yes",
        "highway": "pedestrian",
        "name": "北眼平台",
        "tourism": "viewpoint"
      },
      "geometry": {
        "type": "Polygon",
        "coordinates": [
          [
            [
              121.5282818,
              25.0837415
            ],
            [
              121.5282528,
              25.0837888
            ],
            [
              121.5282116,
              25.0838468
            ],
            [
              121.5281891,
              25.0838869
            ],
            [
              121.5281446,
              25.0838672
            ],
            [
              121.5280845,
              25.0838195
            ],
            [
              121.5280943,
              25.0837624
            ],
            [
              121.5281439,
              25.0837524
            ],
            [
              121.5281657,
              25.0837141
            ],
            [
              121.528168,
              25.0836561
            ],
            [
              121.5282797,
              25.0836289
            ],
            [
              121.5282818,
              25.0837415
            ]
          ]
        ]
      },
      "id": "way/1466298524"
    },
    {
      "type": "Feature",
      "properties": {
        "@id": "way/1504017901",
        "direction": "180",
        "name": "臺灣極南",
        "name:de": "Südlichster Punkt Taiwans",
        "name:en": "The most southern point of Taiwan",
        "name:ja": "台湾極南",
        "name:zh": "臺灣極南",
        "tourism": "viewpoint",
        "viewpoint": "platform"
      },
      "geometry": {
        "type": "Polygon",
        "coordinates": [
          [
            [
              120.8578894,
              21.8975837
            ],
            [
              120.8579857,
              21.8975909
            ],
            [
              120.8579804,
              21.8976529
            ],
            [
              120.857958,
              21.8976512
            ],
            [
              120.8579564,
              21.8976699
            ],
            [
              120.8579047,
              21.897666
            ],
            [
              120.8579062,
              21.8976479
            ],
            [
              120.857884,
              21.8976462
            ],
            [
              120.8578894,
              21.8975837
            ]
          ]
        ]
      },
      "id": "way/1504017901"
    },
    {
      "type": "Feature",
      "properties": {
        "@id": "way/1514251091",
        "name": "大福海邊觀景平台",
        "surface": "wood",
        "tourism": "viewpoint",
        "viewpoint": "platform"
      },
      "geometry": {
        "type": "Polygon",
        "coordinates": [
          [
            [
              121.8191773,
              24.8025541
            ],
            [
              121.8193346,
              24.8025593
            ],
            [
              121.8193067,
              24.8027474
            ],
            [
              121.8193265,
              24.8027641
            ],
            [
              121.8193272,
              24.8027751
            ],
            [
              121.8193148,
              24.8027824
            ],
            [
              121.8191766,
              24.8027781
            ],
            [
              121.8191773,
              24.8025541
            ]
          ]
        ]
      },
      "id": "way/1514251091"
    },
    {
      "type": "Feature",
      "properties": {
        "@id": "way/322993899",
        "highway": "footway",
        "name": "摸乳巷",
        "name:en": "Breast touching lane",
        "name:zh": "摸乳巷",
        "tourism": "viewpoint"
      },
      "geometry": {
        "type": "LineString",
        "coordinates": [
          [
            120.43222,
            24.0517872
          ],
          [
            120.4323154,
            24.0517576
          ],
          [
            120.4324546,
            24.0517144
          ],
          [
            120.4328986,
            24.0515765
          ]
        ]
      },
      "id": "way/322993899"
    },
    {
      "type": "Feature",
      "properties": {
        "@id": "way/773559279",
        "bridge": "yes",
        "foot": "yes",
        "highway": "path",
        "historic": "yes",
        "name": "三板橋",
        "surface": "sett",
        "tourism": "viewpoint"
      },
      "geometry": {
        "type": "LineString",
        "coordinates": [
          [
            121.5177691,
            25.2070659
          ],
          [
            121.5178107,
            25.2070852
          ],
          [
            121.5178355,
            25.2071326
          ],
          [
            121.5179052,
            25.2071854
          ],
          [
            121.5179689,
            25.2072436
          ],
          [
            121.5180024,
            25.2072533
          ]
        ]
      },
      "id": "way/773559279"
    },
    {
      "type": "Feature",
      "properties": {
        "@id": "node/276406203",
        "name": "鐵砧山碉堡",
        "tourism": "viewpoint"
      },
      "geometry": {
        "type": "Point",
        "coordinates": [
          120.6398837,
          24.3566855
        ]
      },
      "id": "node/276406203"
    },
    {
      "type": "Feature",
      "properties": {
        "@id": "node/765549265",
        "ele": "527.8",
        "name": "石筍尖",
        "name:en": "Shisun peak",
        "name:zh": "石筍尖",
        "natural": "peak",
        "source": "NLSC",
        "tourism": "viewpoint"
      },
      "geometry": {
        "type": "Point",
        "coordinates": [
          121.721217,
          25.0309311
        ]
      },
      "id": "node/765549265"
    },
    {
      "type": "Feature",
      "properties": {
        "@id": "node/934799266",
        "name": "觀景台",
        "name:en": "Scenic Platform",
        "name:zh": "觀景台",
        "tourism": "viewpoint"
      },
      "geometry": {
        "type": "Point",
        "coordinates": [
          121.1439937,
          22.7544857
        ]
      },
      "id": "node/934799266"
    },
    {
      "type": "Feature",
      "properties": {
        "@id": "node/940950223",
        "name": "帆船鼻",
        "tourism": "viewpoint"
      },
      "geometry": {
        "type": "Point",
        "coordinates": [
          121.5043735,
          22.6361348
        ]
      },
      "id": "node/940950223"
    },
    {
      "type": "Feature",
      "properties": {
        "@id": "node/945727711",
        "name": "凌霄亭",
        "name:en": "Skyward Pavilion",
        "name:zh": "凌霄亭",
        "tourism": "viewpoint"
      },
      "geometry": {
        "type": "Point",
        "coordinates": [
          120.8233433,
          21.9533176
        ]
      },
      "id": "node/945727711"
    },
    {
      "type": "Feature",
      "properties": {
        "@id": "node/945729395",
        "amenity": "shelter",
        "name": "佳樂水",
        "tourism": "viewpoint"
      },
      "geometry": {
        "type": "Point",
        "coordinates": [
          120.8770007,
          22.0065525
        ]
      },
      "id": "node/945729395"
    },
    {
      "type": "Feature",
      "properties": {
        "@id": "node/1083345095",
        "name": "展望",
        "tourism": "viewpoint"
      },
      "geometry": {
        "type": "Point",
        "coordinates": [
          120.2919133,
          22.6794417
        ]
      },
      "id": "node/1083345095"
    },
    {
      "type": "Feature",
      "properties": {
        "@id": "node/1314080900",
        "name": "成龍溼地",
        "tourism": "viewpoint"
      },
      "geometry": {
        "type": "Point",
        "coordinates": [
          120.1643227,
          23.5560928
        ]
      },
      "id": "node/1314080900"
    },
    {
      "type": "Feature",
      "properties": {
        "@id": "node/1314090950",
        "name": "馬蹄蛤生態休閒園區",
        "tourism": "viewpoint"
      },
      "geometry": {
        "type": "Point",
        "coordinates": [
          120.1461259,
          23.5758908
        ]
      },
      "id": "node/1314090950"
    },
    {
      "type": "Feature",
      "properties": {
        "@id": "node/1363070471",
        "name": "風情海岸",
        "tourism": "viewpoint"
      },
      "geometry": {
        "type": "Point",
        "coordinates": [
          120.9144482,
          24.7788009
        ]
      },
      "id": "node/1363070471"
    },
    {
      "type": "Feature",
      "properties": {
        "@id": "node/1474247330",
        "name": "東眼山瞭望台",
        "tourism": "viewpoint"
      },
      "geometry": {
        "type": "Point",
        "coordinates": [
          121.4177169,
          24.8250154
        ]
      },
      "id": "node/1474247330"
    },
    {
      "type": "Feature",
      "properties": {
        "@id": "node/1506290097",
        "name": "宇老觀景台",
        "tourism": "viewpoint"
      },
      "geometry": {
        "type": "Point",
        "coordinates": [
          121.2820376,
          24.6675183
        ]
      },
      "id": "node/1506290097"
    },
    {
      "type": "Feature",
      "properties": {
        "@id": "node/1512746224",
        "name": "日落亭",
        "tourism": "viewpoint"
      },
      "geometry": {
        "type": "Point",
        "coordinates": [
          121.0850716,
          24.6893251
        ]
      },
      "id": "node/1512746224"
    },
    {
      "type": "Feature",
      "properties": {
        "@id": "node/1609203127",
        "name": "賞鳥亭",
        "tourism": "viewpoint"
      },
      "geometry": {
        "type": "Point",
        "coordinates": [
          120.0529889,
          23.0790642
        ]
      },
      "id": "node/1609203127"
    },
    {
      "type": "Feature",
      "properties": {
        "@id": "node/1686584674",
        "name": "林蔭大道",
        "tourism": "viewpoint",
        "wheelchair": "yes"
      },
      "geometry": {
        "type": "Point",
        "coordinates": [
          121.5353591,
          25.0077832
        ]
      },
      "id": "node/1686584674"
    },
    {
      "type": "Feature",
      "properties": {
        "@id": "node/1701264194",
        "name": "佛陀世界觀景點(攝影點)",
        "tourism": "viewpoint"
      },
      "geometry": {
        "type": "Point",
        "coordinates": [
          121.2320368,
          24.8038727
        ]
      },
      "id": "node/1701264194"
    },
    {
      "type": "Feature",
      "properties": {
        "@id": "node/1718094691",
        "name": "寶山二水庫觀景平台",
        "tourism": "viewpoint"
      },
      "geometry": {
        "type": "Point",
        "coordinates": [
          121.0425434,
          24.7177329
        ]
      },
      "id": "node/1718094691"
    },
    {
      "type": "Feature",
      "properties": {
        "@id": "node/1727440209",
        "name": "峽谷景觀",
        "tourism": "viewpoint"
      },
      "geometry": {
        "type": "Point",
        "coordinates": [
          121.6160359,
          24.1714339
        ]
      },
      "id": "node/1727440209"
    },
    {
      "type": "Feature",
      "properties": {
        "@id": "node/1738061444",
        "name": "Hsinchu View",
        "tourism": "viewpoint"
      },
      "geometry": {
        "type": "Point",
        "coordinates": [
          121.208379,
          24.6923065
        ]
      },
      "id": "node/1738061444"
    },
    {
      "type": "Feature",
      "properties": {
        "@id": "node/1741564948",
        "name": "船帆石觀景點",
        "tourism": "viewpoint"
      },
      "geometry": {
        "type": "Point",
        "coordinates": [
          120.8235227,
          21.9321499
        ]
      },
      "id": "node/1741564948"
    },
    {
      "type": "Feature",
      "properties": {
        "@id": "node/1799425419",
        "name": "雞油凸",
        "tourism": "viewpoint"
      },
      "geometry": {
        "type": "Point",
        "coordinates": [
          121.0131932,
          24.7243369
        ]
      },
      "id": "node/1799425419"
    },
    {
      "type": "Feature",
      "properties": {
        "@id": "node/1828161985",
        "name": "老衢觀海",
        "tourism": "viewpoint"
      },
      "geometry": {
        "type": "Point",
        "coordinates": [
          120.8724323,
          24.7237171
        ]
      },
      "id": "node/1828161985"
    },
    {
      "type": "Feature",
      "properties": {
        "@id": "node/1906214701",
        "name": "澎湖窟圳三號埤生態暨景觀園區",
        "tourism": "viewpoint"
      },
      "geometry": {
        "type": "Point",
        "coordinates": [
          120.9774441,
          24.8391758
        ]
      },
      "id": "node/1906214701"
    },
    {
      "type": "Feature",
      "properties": {
        "@id": "node/1907771296",
        "name": "水漾森林",
        "name:en": "Pond with dead trees",
        "name:zh": "水漾森林",
        "tourism": "viewpoint"
      },
      "geometry": {
        "type": "Point",
        "coordinates": [
          120.8026576,
          23.5830092
        ]
      },
      "id": "node/1907771296"
    },
    {
      "type": "Feature",
      "properties": {
        "@id": "node/1937699767",
        "name": "龍船岩",
        "tourism": "viewpoint"
      },
      "geometry": {
        "type": "Point",
        "coordinates": [
          121.5969498,
          25.1005152
        ]
      },
      "id": "node/1937699767"
    },
    {
      "type": "Feature",
      "properties": {
        "@id": "node/1974838396",
        "name": "觀景點",
        "tourism": "viewpoint"
      },
      "geometry": {
        "type": "Point",
        "coordinates": [
          121.0814843,
          24.6151963
        ]
      },
      "id": "node/1974838396"
    },
    {
      "type": "Feature",
      "properties": {
        "@id": "node/1976779882",
        "name": "阿里山觀景台",
        "tourism": "viewpoint"
      },
      "geometry": {
        "type": "Point",
        "coordinates": [
          120.8012744,
          23.50863
        ]
      },
      "id": "node/1976779882"
    },
    {
      "type": "Feature",
      "properties": {
        "@id": "node/1979410228",
        "name": "展望點",
        "tourism": "viewpoint"
      },
      "geometry": {
        "type": "Point",
        "coordinates": [
          121.067967,
          24.552977
        ]
      },
      "id": "node/1979410228"
    },
    {
      "type": "Feature",
      "properties": {
        "@id": "node/1987108125",
        "name": "古奇峰",
        "tourism": "viewpoint",
        "wikidata": "Q10913244",
        "wikipedia": "zh:古奇峰"
      },
      "geometry": {
        "type": "Point",
        "coordinates": [
          120.9792019,
          24.7801936
        ]
      },
      "id": "node/1987108125"
    },
    {
      "type": "Feature",
      "properties": {
        "@id": "node/2003037499",
        "name": "芝山岩",
        "tourism": "viewpoint",
        "wheelchair": "no",
        "wikidata": "Q15915573",
        "wikipedia": "zh:芝山岩"
      },
      "geometry": {
        "type": "Point",
        "coordinates": [
          121.5301896,
          25.1032692
        ]
      },
      "id": "node/2003037499"
    },
    {
      "type": "Feature",
      "properties": {
        "@id": "node/2078495966",
        "name": "八角瞭望台",
        "tourism": "viewpoint"
      },
      "geometry": {
        "type": "Point",
        "coordinates": [
          121.8296432,
          24.8507135
        ]
      },
      "id": "node/2078495966"
    },
    {
      "type": "Feature",
      "properties": {
        "@id": "node/2079970001",
        "name": "情人洞",
        "tourism": "viewpoint"
      },
      "geometry": {
        "type": "Point",
        "coordinates": [
          121.5735144,
          22.0619787
        ]
      },
      "id": "node/2079970001"
    },
    {
      "type": "Feature",
      "properties": {
        "@id": "node/2080739514",
        "name": "觀景台",
        "tourism": "viewpoint"
      },
      "geometry": {
        "type": "Point",
        "coordinates": [
          121.8590002,
          25.1144031
        ]
      },
      "id": "node/2080739514"
    },
    {
      "type": "Feature",
      "properties": {
        "@id": "node/2085868578",
        "name": "蘑菇部落",
        "tourism": "viewpoint"
      },
      "geometry": {
        "type": "Point",
        "coordinates": [
          120.5203626,
          23.9735601
        ]
      },
      "id": "node/2085868578"
    },
    {
      "type": "Feature",
      "properties": {
        "@id": "node/2086977357",
        "name": "觀獅坪",
        "tourism": "viewpoint"
      },
      "geometry": {
        "type": "Point",
        "coordinates": [
          121.4956576,
          24.9038768
        ]
      },
      "id": "node/2086977357"
    },
    {
      "type": "Feature",
      "properties": {
        "@id": "node/2099989904",
        "name": "猴洞",
        "name:en": "Monkey cave",
        "name:zh": "猴洞",
        "tourism": "viewpoint"
      },
      "geometry": {
        "type": "Point",
        "coordinates": [
          121.4230252,
          24.9451722
        ]
      },
      "id": "node/2099989904"
    },
    {
      "type": "Feature",
      "properties": {
        "@id": "node/2100111487",
        "name": "山腳國小日治後期宿舍群",
        "tourism": "viewpoint"
      },
      "geometry": {
        "type": "Point",
        "coordinates": [
          120.6857131,
          24.4173666
        ]
      },
      "id": "node/2100111487"
    },
    {
      "type": "Feature",
      "properties": {
        "@id": "node/2133266011",
        "direction": "135",
        "name": "壽山LOVE情人觀景台",
        "name:en": "Shoushan LOVE Lookout",
        "name:zh": "壽山LOVE情人觀景台",
        "name:zh-Hans": "寿山LOVE情人观景台",
        "name:zh-Hant": "壽山LOVE情人觀景台",
        "tourism": "viewpoint",
        "website": "https://khh.travel/zh-tw/attractions/detail/186"
      },
      "geometry": {
        "type": "Point",
        "coordinates": [
          120.2742169,
          22.6254216
        ]
      },
      "id": "node/2133266011"
    },
    {
      "type": "Feature",
      "properties": {
        "@id": "node/2142341418",
        "name": "埡口觀景台",
        "name:en": "Wukou Pavilion",
        "name:zh": "埡口觀景台",
        "tourism": "viewpoint"
      },
      "geometry": {
        "type": "Point",
        "coordinates": [
          121.9258598,
          24.9796159
        ]
      },
      "id": "node/2142341418"
    },
    {
      "type": "Feature",
      "properties": {
        "@id": "node/2168050348",
        "name": "鹿角溪人工溼地賞鳥",
        "tourism": "viewpoint"
      },
      "geometry": {
        "type": "Point",
        "coordinates": [
          121.4224809,
          24.9730991
        ]
      },
      "id": "node/2168050348"
    },
    {
      "type": "Feature",
      "properties": {
        "@id": "node/2169907012",
        "name": "風櫃嘴觀景台",
        "name:en": "Observation deck",
        "name:zh": "風櫃嘴觀景台",
        "tourism": "viewpoint"
      },
      "geometry": {
        "type": "Point",
        "coordinates": [
          121.6026426,
          25.1371492
        ]
      },
      "id": "node/2169907012"
    },
    {
      "type": "Feature",
      "properties": {
        "@id": "node/2170871628",
        "name": "關仔嶺觀景台",
        "name:zh": "關仔嶺觀景台",
        "tourism": "viewpoint"
      },
      "geometry": {
        "type": "Point",
        "coordinates": [
          120.5071128,
          23.3390391
        ]
      },
      "id": "node/2170871628"
    },
    {
      "type": "Feature",
      "properties": {
        "@id": "node/2172242024",
        "name": "青龍嶺",
        "tourism": "viewpoint"
      },
      "geometry": {
        "type": "Point",
        "coordinates": [
          121.4032069,
          25.0003668
        ]
      },
      "id": "node/2172242024"
    },
    {
      "type": "Feature",
      "properties": {
        "@id": "node/2172243244",
        "name": "大同山觀景台",
        "tourism": "viewpoint"
      },
      "geometry": {
        "type": "Point",
        "coordinates": [
          121.4033032,
          25.0032709
        ]
      },
      "id": "node/2172243244"
    },
    {
      "type": "Feature",
      "properties": {
        "@id": "node/2194179541",
        "name": "漁蕨步道北側入口平台",
        "tourism": "viewpoint"
      },
      "geometry": {
        "type": "Point",
        "coordinates": [
          121.6741104,
          24.9034664
        ]
      },
      "id": "node/2194179541"
    },
    {
      "type": "Feature",
      "properties": {
        "@id": "node/2206542166",
        "name": "觀景涼亭",
        "tourism": "viewpoint"
      },
      "geometry": {
        "type": "Point",
        "coordinates": [
          120.6305763,
          23.908567
        ]
      },
      "id": "node/2206542166"
    },
    {
      "type": "Feature",
      "properties": {
        "@id": "node/2218539301",
        "name": "榛山觀景台",
        "tourism": "viewpoint"
      },
      "geometry": {
        "type": "Point",
        "coordinates": [
          121.1142278,
          24.4906533
        ]
      },
      "id": "node/2218539301"
    },
    {
      "type": "Feature",
      "properties": {
        "@id": "node/2255272735",
        "name": "劍獅",
        "tourism": "viewpoint"
      },
      "geometry": {
        "type": "Point",
        "coordinates": [
          120.1617005,
          23.0022555
        ]
      },
      "id": "node/2255272735"
    },
    {
      "type": "Feature",
      "properties": {
        "@id": "node/2291348647",
        "name": "基隆山山頂觀景台",
        "name:zh": "基隆山山頂觀景台",
        "tourism": "viewpoint",
        "wheelchair": "no"
      },
      "geometry": {
        "type": "Point",
        "coordinates": [
          121.8491881,
          25.1189386
        ]
      },
      "id": "node/2291348647"
    },
    {
      "type": "Feature",
      "properties": {
        "@id": "node/2299246674",
        "name": "南大武山展望點",
        "tourism": "viewpoint"
      },
      "geometry": {
        "type": "Point",
        "coordinates": [
          120.7444277,
          22.6123808
        ]
      },
      "id": "node/2299246674"
    },
    {
      "type": "Feature",
      "properties": {
        "@id": "node/2299246709",
        "name": "喜多麗斷崖",
        "tourism": "viewpoint"
      },
      "geometry": {
        "type": "Point",
        "coordinates": [
          120.7385206,
          22.6147845
        ]
      },
      "id": "node/2299246709"
    },
    {
      "type": "Feature",
      "properties": {
        "@id": "node/2299991437",
        "name": "獅尾格坪",
        "tourism": "viewpoint"
      },
      "geometry": {
        "type": "Point",
        "coordinates": [
          121.4900468,
          24.9075055
        ]
      },
      "id": "node/2299991437"
    },
    {
      "type": "Feature",
      "properties": {
        "@id": "node/2300575316",
        "description": "熱海岩場頂部，設有太陽能板",
        "name": "熱海岩場頂部",
        "tourism": "viewpoint"
      },
      "geometry": {
        "type": "Point",
        "coordinates": [
          121.5132511,
          25.134142
        ]
      },
      "id": "node/2300575316"
    },
    {
      "type": "Feature",
      "properties": {
        "@id": "node/2302571433",
        "name": "哭坡觀景台",
        "name:en": "Kupo Viewing Platform",
        "name:zh": "哭坡觀景台",
        "tourism": "viewpoint"
      },
      "geometry": {
        "type": "Point",
        "coordinates": [
          121.2802894,
          24.3895192
        ]
      },
      "id": "node/2302571433"
    },
    {
      "type": "Feature",
      "properties": {
        "@id": "node/2337251459",
        "name": "高峰里民活動中心",
        "tourism": "viewpoint"
      },
      "geometry": {
        "type": "Point",
        "coordinates": [
          120.9788715,
          24.7843314
        ]
      },
      "id": "node/2337251459"
    },
    {
      "type": "Feature",
      "properties": {
        "@id": "node/2342030441",
        "name": "壁山觀景台",
        "tourism": "viewpoint"
      },
      "geometry": {
        "type": "Point",
        "coordinates": [
          119.9926117,
          26.2251882
        ]
      },
      "id": "node/2342030441"
    },
    {
      "type": "Feature",
      "properties": {
        "@id": "node/2345879179",
        "ele": "1870",
        "name": "觀景台",
        "tourism": "viewpoint"
      },
      "geometry": {
        "type": "Point",
        "coordinates": [
          121.6092976,
          24.5129277
        ]
      },
      "id": "node/2345879179"
    },
    {
      "type": "Feature",
      "properties": {
        "@id": "node/2351269876",
        "name": "流籠中繼站",
        "tourism": "viewpoint"
      },
      "geometry": {
        "type": "Point",
        "coordinates": [
          121.6235219,
          24.1617692
        ]
      },
      "id": "node/2351269876"
    },
    {
      "type": "Feature",
      "properties": {
        "@id": "node/2352242824",
        "name": "北港天空之橋",
        "name:en": "Beigang Sky Bridge",
        "tourism": "viewpoint"
      },
      "geometry": {
        "type": "Point",
        "coordinates": [
          120.3048338,
          23.5723681
        ]
      },
      "id": "node/2352242824"
    },
    {
      "type": "Feature",
      "properties": {
        "@id": "node/2356788789",
        "name": "觀景台",
        "tourism": "viewpoint",
        "wheelchair": "no"
      },
      "geometry": {
        "type": "Point",
        "coordinates": [
          121.8480139,
          25.1143869
        ]
      },
      "id": "node/2356788789"
    },
    {
      "type": "Feature",
      "properties": {
        "@id": "node/2356788807",
        "name": "觀景台",
        "tourism": "viewpoint",
        "wheelchair": "no"
      },
      "geometry": {
        "type": "Point",
        "coordinates": [
          121.847977,
          25.1150721
        ]
      },
      "id": "node/2356788807"
    },
    {
      "type": "Feature",
      "properties": {
        "@id": "node/2356868373",
        "name": "觀景台",
        "tourism": "viewpoint",
        "wheelchair": "no"
      },
      "geometry": {
        "type": "Point",
        "coordinates": [
          121.8472571,
          25.1122902
        ]
      },
      "id": "node/2356868373"
    },
    {
      "type": "Feature",
      "properties": {
        "@id": "node/2356918101",
        "name": "貓公石觀景台",
        "tourism": "viewpoint"
      },
      "geometry": {
        "type": "Point",
        "coordinates": [
          118.2486015,
          24.4526635
        ]
      },
      "id": "node/2356918101"
    },
    {
      "type": "Feature",
      "properties": {
        "@id": "node/2365740788",
        "name": "觀甲天地",
        "tourism": "viewpoint"
      },
      "geometry": {
        "type": "Point",
        "coordinates": [
          120.6449462,
          24.3603253
        ]
      },
      "id": "node/2365740788"
    },
    {
      "type": "Feature",
      "properties": {
        "@id": "node/2368777222",
        "name": "休憩平台",
        "name:tr": "Taroko National Park",
        "tourism": "viewpoint"
      },
      "geometry": {
        "type": "Point",
        "coordinates": [
          121.6247798,
          24.1573499
        ]
      },
      "id": "node/2368777222"
    },
    {
      "type": "Feature",
      "properties": {
        "@id": "node/2368777223",
        "name": "立霧溪觀景台",
        "tourism": "viewpoint"
      },
      "geometry": {
        "type": "Point",
        "coordinates": [
          121.6223919,
          24.1572686
        ]
      },
      "id": "node/2368777223"
    },
    {
      "type": "Feature",
      "properties": {
        "@id": "node/2372854838",
        "name": "觀景平台",
        "tourism": "viewpoint"
      },
      "geometry": {
        "type": "Point",
        "coordinates": [
          121.4756632,
          24.1782835
        ]
      },
      "id": "node/2372854838"
    },
    {
      "type": "Feature",
      "properties": {
        "@id": "node/2372854842",
        "name": "觀景平台",
        "name:zh": "休憩平台",
        "tourism": "viewpoint"
      },
      "geometry": {
        "type": "Point",
        "coordinates": [
          121.4848858,
          24.1810688
        ]
      },
      "id": "node/2372854842"
    },
    {
      "type": "Feature",
      "properties": {
        "@id": "node/2376719744",
        "name": "三汀山望高寮",
        "tourism": "viewpoint"
      },
      "geometry": {
        "type": "Point",
        "coordinates": [
          120.7525465,
          24.1392262
        ]
      },
      "id": "node/2376719744"
    },
    {
      "type": "Feature",
      "properties": {
        "@id": "node/2385053019",
        "name": "九斗村休閒農場",
        "source": "Survey",
        "tourism": "viewpoint"
      },
      "geometry": {
        "type": "Point",
        "coordinates": [
          121.1289955,
          24.9608544
        ]
      },
      "id": "node/2385053019"
    },
    {
      "type": "Feature",
      "properties": {
        "@id": "node/2390433332",
        "name": "觀日亭",
        "tourism": "viewpoint"
      },
      "geometry": {
        "type": "Point",
        "coordinates": [
          120.4098065,
          22.9910931
        ]
      },
      "id": "node/2390433332"
    },
    {
      "type": "Feature",
      "properties": {
        "@id": "node/2410910295",
        "name": "萬壽塔",
        "tourism": "viewpoint"
      },
      "geometry": {
        "type": "Point",
        "coordinates": [
          120.2728458,
          22.625412
        ]
      },
      "id": "node/2410910295"
    },
    {
      "type": "Feature",
      "properties": {
        "@id": "node/2412801883",
        "name": "管筏出租",
        "tourism": "viewpoint"
      },
      "geometry": {
        "type": "Point",
        "coordinates": [
          120.092388,
          23.2177603
        ]
      },
      "id": "node/2412801883"
    },
    {
      "type": "Feature",
      "properties": {
        "@id": "node/2449047001",
        "name": "六星觀海平台",
        "tourism": "viewpoint"
      },
      "geometry": {
        "type": "Point",
        "coordinates": [
          121.8524868,
          24.6025073
        ]
      },
      "id": "node/2449047001"
    },
    {
      "type": "Feature",
      "properties": {
        "@id": "node/2449047026",
        "name": "四星觀樹",
        "tourism": "viewpoint"
      },
      "geometry": {
        "type": "Point",
        "coordinates": [
          121.8519445,
          24.6008958
        ]
      },
      "id": "node/2449047026"
    },
    {
      "type": "Feature",
      "properties": {
        "@id": "node/2449047049",
        "name": "五星觀港",
        "tourism": "viewpoint"
      },
      "geometry": {
        "type": "Point",
        "coordinates": [
          121.8522161,
          24.6021835
        ]
      },
      "id": "node/2449047049"
    },
    {
      "type": "Feature",
      "properties": {
        "@id": "node/2466185349",
        "ele": "2151",
        "name": "雪山登山口觀景台",
        "tourism": "viewpoint"
      },
      "geometry": {
        "type": "Point",
        "coordinates": [
          121.2988347,
          24.3857535
        ]
      },
      "id": "node/2466185349"
    },
    {
      "type": "Feature",
      "properties": {
        "@id": "node/2474870261",
        "name": "歸鶩台 (第一景觀台)",
        "tourism": "viewpoint"
      },
      "geometry": {
        "type": "Point",
        "coordinates": [
          120.7013745,
          22.0501953
        ]
      },
      "id": "node/2474870261"
    },
    {
      "type": "Feature",
      "properties": {
        "@id": "node/2482626201",
        "ele": "503.08",
        "name": "姜子頭山",
        "name:en": "Jiangzitoushan",
        "name:zh": "姜子頭山",
        "name:zh-Bopo": "ㄐㄧㄤㄗ˙ㄊㄡˊㄕㄢ",
        "name:zh-Hans": "姜子头山",
        "name:zh-Hant": "姜子頭山",
        "name:zh-Latn-pinyin": "jiāngzitóushān",
        "tourism": "viewpoint",
        "was:natural": "peak",
        "wikidata": "Q31622583"
      },
      "geometry": {
        "type": "Point",
        "coordinates": [
          121.7124835,
          25.0522697
        ]
      },
      "id": "node/2482626201"
    },
    {
      "type": "Feature",
      "properties": {
        "@id": "node/2484633966",
        "name": "芭崎瞭望台",
        "source:name": "survey",
        "tourism": "viewpoint"
      },
      "geometry": {
        "type": "Point",
        "coordinates": [
          121.5585614,
          23.7311094
        ]
      },
      "id": "node/2484633966"
    },
    {
      "type": "Feature",
      "properties": {
        "@id": "node/2510250477",
        "direction": "100",
        "ele": "273",
        "name": "中央瞭望台",
        "name:en": "Lookout",
        "name:zh": "中央瞭望台",
        "tourism": "viewpoint"
      },
      "geometry": {
        "type": "Point",
        "coordinates": [
          120.2660255,
          22.6491047
        ]
      },
      "id": "node/2510250477"
    },
    {
      "type": "Feature",
      "properties": {
        "@id": "node/2510250490",
        "name": "相思亭展望平台",
        "name:en": "Lovesickness Pavilion",
        "name:zh": "相思亭展望平台",
        "tourism": "viewpoint"
      },
      "geometry": {
        "type": "Point",
        "coordinates": [
          120.2706724,
          22.6398016
        ]
      },
      "id": "node/2510250490"
    },
    {
      "type": "Feature",
      "properties": {
        "@id": "node/2510409999",
        "direction": "90",
        "name": "長壽園",
        "name:en": "Changshou Yuan",
        "name:zh": "長壽園",
        "tourism": "viewpoint"
      },
      "geometry": {
        "type": "Point",
        "coordinates": [
          120.267545,
          22.6458772
        ]
      },
      "id": "node/2510409999"
    },
    {
      "type": "Feature",
      "properties": {
        "@id": "node/2518297537",
        "name": "觀景台",
        "tourism": "viewpoint"
      },
      "geometry": {
        "type": "Point",
        "coordinates": [
          121.0257899,
          24.1891987
        ]
      },
      "id": "node/2518297537"
    },
    {
      "type": "Feature",
      "properties": {
        "@id": "node/2537772056",
        "name": "金山老街",
        "tourism": "viewpoint"
      },
      "geometry": {
        "type": "Point",
        "coordinates": [
          121.6404039,
          25.2205031
        ]
      },
      "id": "node/2537772056"
    },
    {
      "type": "Feature",
      "properties": {
        "@id": "node/2548306069",
        "name": "展望台",
        "tourism": "viewpoint"
      },
      "geometry": {
        "type": "Point",
        "coordinates": [
          120.8018787,
          22.0783084
        ]
      },
      "id": "node/2548306069"
    },
    {
      "type": "Feature",
      "properties": {
        "@id": "node/2562370939",
        "name": "日月湧泉",
        "tourism": "viewpoint"
      },
      "geometry": {
        "type": "Point",
        "coordinates": [
          120.9403996,
          23.8625052
        ]
      },
      "id": "node/2562370939"
    },
    {
      "type": "Feature",
      "properties": {
        "@id": "node/2578903927",
        "name": "客屬大橋",
        "tourism": "viewpoint"
      },
      "geometry": {
        "type": "Point",
        "coordinates": [
          120.8059314,
          24.4743348
        ]
      },
      "id": "node/2578903927"
    },
    {
      "type": "Feature",
      "properties": {
        "@id": "node/2579453555",
        "name": "養老步道口觀景台",
        "tourism": "viewpoint"
      },
      "geometry": {
        "type": "Point",
        "coordinates": [
          121.2534866,
          24.589521
        ]
      },
      "id": "node/2579453555"
    },
    {
      "type": "Feature",
      "properties": {
        "@id": "node/2579746891",
        "name": "杏壇",
        "name:en": "Apricot Platform",
        "name:zh": "杏壇",
        "tourism": "viewpoint"
      },
      "geometry": {
        "type": "Point",
        "coordinates": [
          120.9075328,
          23.8641998
        ]
      },
      "id": "node/2579746891"
    },
    {
      "type": "Feature",
      "properties": {
        "@id": "node/2584506000",
        "name": "玉蘭觀景亭",
        "tourism": "viewpoint"
      },
      "geometry": {
        "type": "Point",
        "coordinates": [
          121.5847653,
          24.6739348
        ]
      },
      "id": "node/2584506000"
    },
    {
      "type": "Feature",
      "properties": {
        "@id": "node/2596371462",
        "name": "農博生態園區",
        "tourism": "viewpoint"
      },
      "geometry": {
        "type": "Point",
        "coordinates": [
          120.4231575,
          23.7263991
        ]
      },
      "id": "node/2596371462"
    },
    {
      "type": "Feature",
      "properties": {
        "@id": "node/2605855881",
        "name": "加路蘭",
        "name:en": "Karoroan / Jialulan",
        "name:zh": "加路蘭",
        "tourism": "viewpoint"
      },
      "geometry": {
        "type": "Point",
        "coordinates": [
          121.1971894,
          22.8073135
        ]
      },
      "id": "node/2605855881"
    },
    {
      "type": "Feature",
      "properties": {
        "@id": "node/2605882920",
        "name": "Villa School",
        "tourism": "viewpoint"
      },
      "geometry": {
        "type": "Point",
        "coordinates": [
          121.108235,
          22.7300619
        ]
      },
      "id": "node/2605882920"
    },
    {
      "type": "Feature",
      "properties": {
        "@id": "node/2631918072",
        "name": "石頭公",
        "tourism": "viewpoint"
      },
      "geometry": {
        "type": "Point",
        "coordinates": [
          121.4051207,
          24.9990454
        ]
      },
      "id": "node/2631918072"
    },
    {
      "type": "Feature",
      "properties": {
        "@id": "node/2636416412",
        "name": "哈哈谷",
        "tourism": "viewpoint"
      },
      "geometry": {
        "type": "Point",
        "coordinates": [
          121.4035536,
          24.9983173
        ]
      },
      "id": "node/2636416412"
    },
    {
      "type": "Feature",
      "properties": {
        "@id": "node/2639933660",
        "name": "觀景台",
        "tourism": "viewpoint"
      },
      "geometry": {
        "type": "Point",
        "coordinates": [
          121.4125747,
          24.9969443
        ]
      },
      "id": "node/2639933660"
    },
    {
      "type": "Feature",
      "properties": {
        "@id": "node/2645583717",
        "name": "荷風閣",
        "tourism": "viewpoint"
      },
      "geometry": {
        "type": "Point",
        "coordinates": [
          121.5111447,
          25.0316361
        ]
      },
      "id": "node/2645583717"
    },
    {
      "type": "Feature",
      "properties": {
        "@id": "node/2653719186",
        "name": "觀景點",
        "tourism": "viewpoint"
      },
      "geometry": {
        "type": "Point",
        "coordinates": [
          121.5327262,
          25.1035886
        ]
      },
      "id": "node/2653719186"
    },
    {
      "type": "Feature",
      "properties": {
        "@id": "node/2654116997",
        "alt_name:en": "Chungchu Island",
        "name": "中柱島",
        "name:en": "Zhongzhu Island",
        "name:zh": "中柱島",
        "name:zh-Hant": "中柱島",
        "source": "GNS",
        "tourism": "viewpoint"
      },
      "geometry": {
        "type": "Point",
        "coordinates": [
          120.4837122,
          26.3699982
        ]
      },
      "id": "node/2654116997"
    },
    {
      "type": "Feature",
      "properties": {
        "@id": "node/2655218317",
        "name": "四角窟觀景台",
        "tourism": "viewpoint"
      },
      "geometry": {
        "type": "Point",
        "coordinates": [
          122.0022362,
          25.0039306
        ]
      },
      "id": "node/2655218317"
    },
    {
      "type": "Feature",
      "properties": {
        "@id": "node/2655219013",
        "name": "萊萊海蝕平台",
        "tourism": "viewpoint"
      },
      "geometry": {
        "type": "Point",
        "coordinates": [
          121.9933249,
          25.0004256
        ]
      },
      "id": "node/2655219013"
    },
    {
      "type": "Feature",
      "properties": {
        "@id": "node/2657329332",
        "name": "鱷魚島觀景處",
        "tourism": "viewpoint"
      },
      "geometry": {
        "type": "Point",
        "coordinates": [
          121.6328384,
          24.9399421
        ]
      },
      "id": "node/2657329332"
    },
    {
      "type": "Feature",
      "properties": {
        "@id": "node/2663285358",
        "name": "展望平台",
        "tourism": "viewpoint"
      },
      "geometry": {
        "type": "Point",
        "coordinates": [
          120.2496326,
          22.7681644
        ]
      },
      "id": "node/2663285358"
    },
    {
      "type": "Feature",
      "properties": {
        "@id": "node/2667289641",
        "name": "汐止市區展望",
        "tourism": "viewpoint"
      },
      "geometry": {
        "type": "Point",
        "coordinates": [
          121.6240409,
          25.0532983
        ]
      },
      "id": "node/2667289641"
    },
    {
      "type": "Feature",
      "properties": {
        "@id": "node/2687911035",
        "name": "千島湖觀景台",
        "tourism": "viewpoint"
      },
      "geometry": {
        "type": "Point",
        "coordinates": [
          121.6439977,
          24.9343459
        ]
      },
      "id": "node/2687911035"
    },
    {
      "type": "Feature",
      "properties": {
        "@id": "node/2717232697",
        "name": "光明頂",
        "tourism": "viewpoint"
      },
      "geometry": {
        "type": "Point",
        "coordinates": [
          120.9877923,
          24.7899512
        ]
      },
      "id": "node/2717232697"
    },
    {
      "type": "Feature",
      "properties": {
        "@id": "node/2753427279",
        "name": "神秘谷觀景平台",
        "name:ko": "션미구 전망대",
        "tourism": "viewpoint"
      },
      "geometry": {
        "type": "Point",
        "coordinates": [
          120.9122974,
          24.5906112
        ]
      },
      "id": "node/2753427279"
    },
    {
      "type": "Feature",
      "properties": {
        "@id": "node/2766415754",
        "name": "廢鐵路隧道",
        "tourism": "viewpoint"
      },
      "geometry": {
        "type": "Point",
        "coordinates": [
          121.816437,
          25.1088687
        ]
      },
      "id": "node/2766415754"
    },
    {
      "type": "Feature",
      "properties": {
        "@id": "node/2822044876",
        "name": "貨櫃屋賞鳥景觀台",
        "tourism": "viewpoint"
      },
      "geometry": {
        "type": "Point",
        "coordinates": [
          120.1641203,
          23.556116
        ]
      },
      "id": "node/2822044876"
    },
    {
      "type": "Feature",
      "properties": {
        "@id": "node/2845258114",
        "name": "瓊林地下坑道",
        "tourism": "viewpoint"
      },
      "geometry": {
        "type": "Point",
        "coordinates": [
          118.3742483,
          24.4568698
        ]
      },
      "id": "node/2845258114"
    },
    {
      "type": "Feature",
      "properties": {
        "@id": "node/2850684187",
        "name": "雄獅堡",
        "tourism": "viewpoint"
      },
      "geometry": {
        "type": "Point",
        "coordinates": [
          118.3100585,
          24.4314082
        ]
      },
      "id": "node/2850684187"
    },
    {
      "type": "Feature",
      "properties": {
        "@id": "node/2852188518",
        "name": "觀瀑平台4",
        "ref": "4",
        "tourism": "viewpoint"
      },
      "geometry": {
        "type": "Point",
        "coordinates": [
          121.7875423,
          25.0487454
        ]
      },
      "id": "node/2852188518"
    },
    {
      "type": "Feature",
      "properties": {
        "@id": "node/2852204160",
        "historic": "mine",
        "name": "石底大斜坑",
        "tourism": "viewpoint"
      },
      "geometry": {
        "type": "Point",
        "coordinates": [
          121.7240403,
          25.0249477
        ]
      },
      "id": "node/2852204160"
    },
    {
      "type": "Feature",
      "properties": {
        "@id": "node/2852206264",
        "name": "天燈派出所",
        "tourism": "viewpoint"
      },
      "geometry": {
        "type": "Point",
        "coordinates": [
          121.7224159,
          25.0233239
        ]
      },
      "id": "node/2852206264"
    },
    {
      "type": "Feature",
      "properties": {
        "@id": "node/2852757446",
        "name": "關公嶺展望台",
        "tourism": "viewpoint"
      },
      "geometry": {
        "type": "Point",
        "coordinates": [
          121.3899617,
          25.0012663
        ]
      },
      "id": "node/2852757446"
    },
    {
      "type": "Feature",
      "properties": {
        "@id": "node/2852903096",
        "name": "瞭望台",
        "tourism": "viewpoint"
      },
      "geometry": {
        "type": "Point",
        "coordinates": [
          121.4055892,
          25.0320763
        ]
      },
      "id": "node/2852903096"
    },
    {
      "type": "Feature",
      "properties": {
        "@id": "node/2852903689",
        "name": "水源地公園",
        "tourism": "viewpoint"
      },
      "geometry": {
        "type": "Point",
        "coordinates": [
          121.3992109,
          25.0407521
        ]
      },
      "id": "node/2852903689"
    },
    {
      "type": "Feature",
      "properties": {
        "@id": "node/2879716424",
        "name": "觀景台",
        "tourism": "viewpoint"
      },
      "geometry": {
        "type": "Point",
        "coordinates": [
          120.8757747,
          24.7274092
        ]
      },
      "id": "node/2879716424"
    },
    {
      "type": "Feature",
      "properties": {
        "@id": "node/2880026562",
        "name": "報時山觀景台",
        "tourism": "viewpoint",
        "wheelchair": "no"
      },
      "geometry": {
        "type": "Point",
        "coordinates": [
          121.8596201,
          25.1136454
        ]
      },
      "id": "node/2880026562"
    },
    {
      "type": "Feature",
      "properties": {
        "@id": "node/2880026585",
        "direction": "270",
        "name": "觀景台",
        "name:en": "Baoshishan Lookout",
        "tourism": "viewpoint",
        "wheelchair": "no"
      },
      "geometry": {
        "type": "Point",
        "coordinates": [
          121.8595623,
          25.1131074
        ]
      },
      "id": "node/2880026585"
    },
    {
      "type": "Feature",
      "properties": {
        "@id": "node/2880026586",
        "name": "觀景台",
        "tourism": "viewpoint",
        "wheelchair": "limited"
      },
      "geometry": {
        "type": "Point",
        "coordinates": [
          121.8612614,
          25.1119445
        ]
      },
      "id": "node/2880026586"
    },
    {
      "type": "Feature",
      "properties": {
        "@id": "node/2894792617",
        "name": "料羅灣龍堡三營區 / 82據點",
        "tourism": "viewpoint"
      },
      "geometry": {
        "type": "Point",
        "coordinates": [
          118.4277922,
          24.4249628
        ]
      },
      "id": "node/2894792617"
    },
    {
      "type": "Feature",
      "properties": {
        "@id": "node/2895082102",
        "description": "危險水域，禁止下切",
        "name": "觀景平台",
        "tourism": "viewpoint"
      },
      "geometry": {
        "type": "Point",
        "coordinates": [
          121.9223936,
          25.1049833
        ]
      },
      "id": "node/2895082102"
    },
    {
      "type": "Feature",
      "properties": {
        "@id": "node/2901244415",
        "name": "觀景台",
        "tourism": "viewpoint"
      },
      "geometry": {
        "type": "Point",
        "coordinates": [
          120.9599177,
          23.8395357
        ]
      },
      "id": "node/2901244415"
    },
    {
      "type": "Feature",
      "properties": {
        "@id": "node/2901244416",
        "name": "3.7K觀景台",
        "tourism": "viewpoint"
      },
      "geometry": {
        "type": "Point",
        "coordinates": [
          120.9573609,
          23.8426371
        ]
      },
      "id": "node/2901244416"
    },
    {
      "type": "Feature",
      "properties": {
        "@id": "node/2903041710",
        "name": "觀景台",
        "tourism": "viewpoint"
      },
      "geometry": {
        "type": "Point",
        "coordinates": [
          120.9154609,
          23.9232728
        ]
      },
      "id": "node/2903041710"
    },
    {
      "type": "Feature",
      "properties": {
        "@id": "node/2915880625",
        "name": "觀景台",
        "tourism": "viewpoint"
      },
      "geometry": {
        "type": "Point",
        "coordinates": [
          121.4621212,
          23.8460609
        ]
      },
      "id": "node/2915880625"
    },
    {
      "type": "Feature",
      "properties": {
        "@id": "node/2922220245",
        "name": "香蕉灣",
        "tourism": "viewpoint"
      },
      "geometry": {
        "type": "Point",
        "coordinates": [
          120.8316323,
          21.9252585
        ]
      },
      "id": "node/2922220245"
    },
    {
      "type": "Feature",
      "properties": {
        "@id": "node/2949195391",
        "name": "夢幻湖觀景台",
        "name:en": "Menghuanhu Lookout",
        "tourism": "viewpoint"
      },
      "geometry": {
        "type": "Point",
        "coordinates": [
          121.5604093,
          25.1669557
        ]
      },
      "id": "node/2949195391"
    },
    {
      "type": "Feature",
      "properties": {
        "@id": "node/2960521930",
        "name": "感受地震搖船",
        "tourism": "viewpoint"
      },
      "geometry": {
        "type": "Point",
        "coordinates": [
          120.9272479,
          23.9416993
        ]
      },
      "id": "node/2960521930"
    },
    {
      "type": "Feature",
      "properties": {
        "@id": "node/2960531105",
        "name": "愛與互助雕塑",
        "tourism": "viewpoint"
      },
      "geometry": {
        "type": "Point",
        "coordinates": [
          120.9274567,
          23.9415068
        ]
      },
      "id": "node/2960531105"
    },
    {
      "type": "Feature",
      "properties": {
        "@id": "node/2965498270",
        "name": "平安鈴",
        "tourism": "viewpoint"
      },
      "geometry": {
        "type": "Point",
        "coordinates": [
          120.9272066,
          23.9414711
        ]
      },
      "id": "node/2965498270"
    },
    {
      "type": "Feature",
      "properties": {
        "@id": "node/2969976125",
        "name": "觀景平台",
        "tourism": "viewpoint"
      },
      "geometry": {
        "type": "Point",
        "coordinates": [
          121.4067614,
          25.0314475
        ]
      },
      "id": "node/2969976125"
    },
    {
      "type": "Feature",
      "properties": {
        "@id": "node/2976852242",
        "name": "雙心石滬觀景台",
        "name:zh": "雙心石滬觀景台",
        "name:zh-Hans": "双心石沪观景台",
        "name:zh-Hant": "雙心石滬觀景台",
        "tourism": "viewpoint"
      },
      "geometry": {
        "type": "Point",
        "coordinates": [
          119.4464207,
          23.2196248
        ]
      },
      "id": "node/2976852242"
    },
    {
      "type": "Feature",
      "properties": {
        "@id": "node/2978380911",
        "name": "龍埕",
        "name:zh": "龍埕",
        "name:zh-Hans": "龙埕",
        "name:zh-Hant": "龍埕",
        "tourism": "viewpoint"
      },
      "geometry": {
        "type": "Point",
        "coordinates": [
          119.4391311,
          23.2020896
        ]
      },
      "id": "node/2978380911"
    },
    {
      "type": "Feature",
      "properties": {
        "@id": "node/2980486910",
        "ele": "2220",
        "name": "觀景台",
        "tourism": "viewpoint"
      },
      "geometry": {
        "type": "Point",
        "coordinates": [
          121.3024872,
          24.4133454
        ]
      },
      "id": "node/2980486910"
    },
    {
      "type": "Feature",
      "properties": {
        "@id": "node/2988856792",
        "name": "斜張橋觀景點",
        "tourism": "viewpoint"
      },
      "geometry": {
        "type": "Point",
        "coordinates": [
          120.444444,
          22.7682813
        ]
      },
      "id": "node/2988856792"
    },
    {
      "type": "Feature",
      "properties": {
        "@id": "node/2989636895",
        "name": "觀景台",
        "name:zh": "長潭里漁港景觀平台",
        "tourism": "viewpoint"
      },
      "geometry": {
        "type": "Point",
        "coordinates": [
          121.800504,
          25.139661
        ]
      },
      "id": "node/2989636895"
    },
    {
      "type": "Feature",
      "properties": {
        "@id": "node/3002746860",
        "name": "三鶯之心 空間藝術特區",
        "tourism": "viewpoint"
      },
      "geometry": {
        "type": "Point",
        "coordinates": [
          121.3556725,
          24.9512459
        ]
      },
      "id": "node/3002746860"
    },
    {
      "type": "Feature",
      "properties": {
        "@id": "node/3017906061",
        "name": "傻瓜樹",
        "tourism": "viewpoint"
      },
      "geometry": {
        "type": "Point",
        "coordinates": [
          120.9640192,
          24.7935534
        ]
      },
      "id": "node/3017906061"
    },
    {
      "type": "Feature",
      "properties": {
        "@id": "node/3051985927",
        "name": "砲台山觀景台",
        "tourism": "viewpoint"
      },
      "geometry": {
        "type": "Point",
        "coordinates": [
          121.8191357,
          24.4555365
        ]
      },
      "id": "node/3051985927"
    },
    {
      "type": "Feature",
      "properties": {
        "@id": "node/3055206263",
        "name": "燕南山書院",
        "tourism": "viewpoint"
      },
      "geometry": {
        "type": "Point",
        "coordinates": [
          118.3137915,
          24.4066564
        ]
      },
      "id": "node/3055206263"
    },
    {
      "type": "Feature",
      "properties": {
        "@id": "node/3061301754",
        "name": "觀景台",
        "tourism": "viewpoint"
      },
      "geometry": {
        "type": "Point",
        "coordinates": [
          121.3073439,
          23.2197803
        ]
      },
      "id": "node/3061301754"
    },
    {
      "type": "Feature",
      "properties": {
        "@id": "node/3061332541",
        "name": "湛藍若洗",
        "tourism": "viewpoint"
      },
      "geometry": {
        "type": "Point",
        "coordinates": [
          120.9733889,
          22.6337222
        ]
      },
      "id": "node/3061332541"
    },
    {
      "type": "Feature",
      "properties": {
        "@id": "node/3067944313",
        "ele": "397.7",
        "name": "石門內尖山東峰",
        "name:en": "Shimenneijianshandongfeng",
        "name:zh": "石門內尖山東峰",
        "name:zh-Bopo": "ㄕˊㄇㄣˊㄋㄟˋㄐㄧㄢㄕㄢㄉㄨㄥㄈㄥ",
        "name:zh-Hans": "石门内尖山东峰",
        "name:zh-Hant": "石門內尖山東峰",
        "name:zh-Latn-pinyin": "shíménnèijiānshāndōngfēng",
        "natural": "peak",
        "note": "土地調查局四控基點",
        "ref": "台北縣政府不鏽鋼四等控制點GE62",
        "source": "NLSC",
        "tourism": "viewpoint"
      },
      "geometry": {
        "type": "Point",
        "coordinates": [
          121.439832,
          24.9371451
        ]
      },
      "id": "node/3067944313"
    },
    {
      "type": "Feature",
      "properties": {
        "@id": "node/3114916373",
        "name": "海之聲",
        "tourism": "viewpoint"
      },
      "geometry": {
        "type": "Point",
        "coordinates": [
          120.8834712,
          24.7378916
        ]
      },
      "id": "node/3114916373"
    },
    {
      "type": "Feature",
      "properties": {
        "@id": "node/3121763996",
        "man_made": "yes",
        "name": "扇形車庫觀景台",
        "tourism": "viewpoint"
      },
      "geometry": {
        "type": "Point",
        "coordinates": [
          120.5402909,
          24.0856607
        ]
      },
      "id": "node/3121763996"
    },
    {
      "type": "Feature",
      "properties": {
        "@id": "node/3127489891",
        "name": "出水口觀景台",
        "tourism": "viewpoint"
      },
      "geometry": {
        "type": "Point",
        "coordinates": [
          120.9022517,
          23.8566535
        ]
      },
      "id": "node/3127489891"
    },
    {
      "type": "Feature",
      "properties": {
        "@id": "node/3148987948",
        "name": "觀景台",
        "tourism": "viewpoint",
        "wheelchair": "no"
      },
      "geometry": {
        "type": "Point",
        "coordinates": [
          120.6991092,
          23.9488762
        ]
      },
      "id": "node/3148987948"
    },
    {
      "type": "Feature",
      "properties": {
        "@id": "node/3148987949",
        "name": "觀景台",
        "tourism": "viewpoint",
        "wheelchair": "no"
      },
      "geometry": {
        "type": "Point",
        "coordinates": [
          120.6993177,
          23.9500668
        ]
      },
      "id": "node/3148987949"
    },
    {
      "type": "Feature",
      "properties": {
        "@id": "node/3172765804",
        "denomination": "ghost",
        "name": "女鬼橋",
        "religion": "ghost",
        "tourism": "viewpoint",
        "wikidata": "Q707948",
        "wikipedia": "zh:東海大學 (台灣)"
      },
      "geometry": {
        "type": "Point",
        "coordinates": [
          120.6001443,
          24.180631
        ]
      },
      "id": "node/3172765804"
    },
    {
      "type": "Feature",
      "properties": {
        "@id": "node/3201143649",
        "name": "神秘海灘",
        "tourism": "viewpoint"
      },
      "geometry": {
        "type": "Point",
        "coordinates": [
          121.8010744,
          24.4354147
        ]
      },
      "id": "node/3201143649"
    },
    {
      "type": "Feature",
      "properties": {
        "@id": "node/3204143689",
        "name": "1200觀景台",
        "tourism": "viewpoint"
      },
      "geometry": {
        "type": "Point",
        "coordinates": [
          121.5296725,
          23.7976513
        ]
      },
      "id": "node/3204143689"
    },
    {
      "type": "Feature",
      "properties": {
        "@id": "node/3204143956",
        "name": "觀景台",
        "tourism": "viewpoint"
      },
      "geometry": {
        "type": "Point",
        "coordinates": [
          121.5324733,
          23.7952676
        ]
      },
      "id": "node/3204143956"
    },
    {
      "type": "Feature",
      "properties": {
        "@id": "node/3204143957",
        "name": "2100觀景台",
        "tourism": "viewpoint"
      },
      "geometry": {
        "type": "Point",
        "coordinates": [
          121.5347173,
          23.7982886
        ]
      },
      "id": "node/3204143957"
    },
    {
      "type": "Feature",
      "properties": {
        "@id": "node/3204143958",
        "name": "400觀景台",
        "tourism": "viewpoint"
      },
      "geometry": {
        "type": "Point",
        "coordinates": [
          121.5265977,
          23.7995797
        ]
      },
      "id": "node/3204143958"
    },
    {
      "type": "Feature",
      "properties": {
        "@id": "node/3205648569",
        "access": "yes",
        "emergency": "defibrillator",
        "name": "玉山國家公園南安遊客中心",
        "tourism": "viewpoint"
      },
      "geometry": {
        "type": "Point",
        "coordinates": [
          121.258438,
          23.302461
        ]
      },
      "id": "node/3205648569"
    },
    {
      "type": "Feature",
      "properties": {
        "@id": "node/3206334151",
        "name": "觀景台",
        "tourism": "viewpoint",
        "wheelchair": "no"
      },
      "geometry": {
        "type": "Point",
        "coordinates": [
          120.8656742,
          24.6454571
        ]
      },
      "id": "node/3206334151"
    },
    {
      "type": "Feature",
      "properties": {
        "@id": "node/3207275912",
        "name": "觀景台",
        "tourism": "viewpoint"
      },
      "geometry": {
        "type": "Point",
        "coordinates": [
          120.8944173,
          24.6592576
        ]
      },
      "id": "node/3207275912"
    },
    {
      "type": "Feature",
      "properties": {
        "@id": "node/3207324796",
        "name": "觀景台",
        "tourism": "viewpoint"
      },
      "geometry": {
        "type": "Point",
        "coordinates": [
          120.8908146,
          24.6519638
        ]
      },
      "id": "node/3207324796"
    },
    {
      "type": "Feature",
      "properties": {
        "@id": "node/3207324797",
        "name": "觀景台",
        "tourism": "viewpoint"
      },
      "geometry": {
        "type": "Point",
        "coordinates": [
          120.888647,
          24.6522787
        ]
      },
      "id": "node/3207324797"
    },
    {
      "type": "Feature",
      "properties": {
        "@id": "node/3207334785",
        "name": "觀景台",
        "tourism": "viewpoint"
      },
      "geometry": {
        "type": "Point",
        "coordinates": [
          120.887363,
          24.6500028
        ]
      },
      "id": "node/3207334785"
    },
    {
      "type": "Feature",
      "properties": {
        "@id": "node/3208920264",
        "name": "觀景台 1800m",
        "tourism": "viewpoint"
      },
      "geometry": {
        "type": "Point",
        "coordinates": [
          121.6311026,
          24.5055159
        ]
      },
      "id": "node/3208920264"
    },
    {
      "type": "Feature",
      "properties": {
        "@id": "node/3208920265",
        "name": "觀景台 1810m",
        "tourism": "viewpoint"
      },
      "geometry": {
        "type": "Point",
        "coordinates": [
          121.6268209,
          24.5080169
        ]
      },
      "id": "node/3208920265"
    },
    {
      "type": "Feature",
      "properties": {
        "@id": "node/3208920266",
        "ele": "2040",
        "name": "觀景台",
        "tourism": "viewpoint"
      },
      "geometry": {
        "type": "Point",
        "coordinates": [
          121.6163742,
          24.5111124
        ]
      },
      "id": "node/3208920266"
    },
    {
      "type": "Feature",
      "properties": {
        "@id": "node/3212342722",
        "name": "蝙蝠洞",
        "tourism": "viewpoint"
      },
      "geometry": {
        "type": "Point",
        "coordinates": [
          121.2994237,
          24.8432432
        ]
      },
      "id": "node/3212342722"
    },
    {
      "type": "Feature",
      "properties": {
        "@id": "node/3212342723",
        "name": "隧道口",
        "tourism": "viewpoint"
      },
      "geometry": {
        "type": "Point",
        "coordinates": [
          121.2995495,
          24.8425517
        ]
      },
      "id": "node/3212342723"
    },
    {
      "type": "Feature",
      "properties": {
        "@id": "node/3212444482",
        "name": "後慈湖",
        "tourism": "viewpoint"
      },
      "geometry": {
        "type": "Point",
        "coordinates": [
          121.3021659,
          24.8454893
        ]
      },
      "id": "node/3212444482"
    },
    {
      "type": "Feature",
      "properties": {
        "@id": "node/3233344743",
        "alt_name": "觀筍點",
        "name": "賞筍小丘",
        "tourism": "viewpoint"
      },
      "geometry": {
        "type": "Point",
        "coordinates": [
          121.7223378,
          25.0310491
        ]
      },
      "id": "node/3233344743"
    },
    {
      "type": "Feature",
      "properties": {
        "@id": "node/3268377322",
        "name": "蘭潭泛月",
        "tourism": "viewpoint"
      },
      "geometry": {
        "type": "Point",
        "coordinates": [
          120.4809851,
          23.4656209
        ]
      },
      "id": "node/3268377322"
    },
    {
      "type": "Feature",
      "properties": {
        "@id": "node/3270557183",
        "name": "百年肖楠木",
        "tourism": "viewpoint"
      },
      "geometry": {
        "type": "Point",
        "coordinates": [
          120.6955342,
          23.5040885
        ]
      },
      "id": "node/3270557183"
    },
    {
      "type": "Feature",
      "properties": {
        "@id": "node/3282357281",
        "historic": "ruins",
        "name": "舊碉堡",
        "tourism": "viewpoint"
      },
      "geometry": {
        "type": "Point",
        "coordinates": [
          120.7310956,
          24.6029493
        ]
      },
      "id": "node/3282357281"
    },
    {
      "type": "Feature",
      "properties": {
        "@id": "node/3284141596",
        "name": "觀景台",
        "tourism": "viewpoint"
      },
      "geometry": {
        "type": "Point",
        "coordinates": [
          120.858243,
          23.7323251
        ]
      },
      "id": "node/3284141596"
    },
    {
      "type": "Feature",
      "properties": {
        "@id": "node/3297970806",
        "name": "豆腐彎",
        "tourism": "viewpoint"
      },
      "geometry": {
        "type": "Point",
        "coordinates": [
          121.1659542,
          24.5621496
        ]
      },
      "id": "node/3297970806"
    },
    {
      "type": "Feature",
      "properties": {
        "@id": "node/3300653576",
        "name": "曙光橋",
        "tourism": "viewpoint",
        "wheelchair": "yes",
        "wheelchair:description": "注意自行車與跑步者"
      },
      "geometry": {
        "type": "Point",
        "coordinates": [
          121.6182125,
          23.9794913
        ]
      },
      "id": "node/3300653576"
    },
    {
      "type": "Feature",
      "properties": {
        "@id": "node/3301810261",
        "name": "寶山日出觀景點",
        "tourism": "viewpoint"
      },
      "geometry": {
        "type": "Point",
        "coordinates": [
          120.9987905,
          24.7171656
        ]
      },
      "id": "node/3301810261"
    },
    {
      "type": "Feature",
      "properties": {
        "@id": "node/3302172080",
        "name": "鯉魚潭水庫觀景台",
        "tourism": "viewpoint"
      },
      "geometry": {
        "type": "Point",
        "coordinates": [
          120.821252,
          24.3407758
        ]
      },
      "id": "node/3302172080"
    },
    {
      "type": "Feature",
      "properties": {
        "@id": "node/3302172081",
        "name": "龍騰斷橋",
        "tourism": "viewpoint"
      },
      "geometry": {
        "type": "Point",
        "coordinates": [
          120.7738489,
          24.3584185
        ]
      },
      "id": "node/3302172081"
    },
    {
      "type": "Feature",
      "properties": {
        "@id": "node/3304456391",
        "amenity": "shelter",
        "name": "觀景台",
        "tourism": "viewpoint"
      },
      "geometry": {
        "type": "Point",
        "coordinates": [
          121.7145508,
          24.9348959
        ]
      },
      "id": "node/3304456391"
    },
    {
      "type": "Feature",
      "properties": {
        "@id": "node/3307192568",
        "name": "百年楓香觀景台",
        "tourism": "viewpoint"
      },
      "geometry": {
        "type": "Point",
        "coordinates": [
          121.5321208,
          25.1558152
        ]
      },
      "id": "node/3307192568"
    },
    {
      "type": "Feature",
      "properties": {
        "@id": "node/3311402864",
        "name": "桂花巷藝術村彩繪牆",
        "tourism": "viewpoint"
      },
      "geometry": {
        "type": "Point",
        "coordinates": [
          120.4320984,
          24.0558373
        ]
      },
      "id": "node/3311402864"
    },
    {
      "type": "Feature",
      "properties": {
        "@id": "node/3311573277",
        "name": "攀根坡",
        "tourism": "viewpoint"
      },
      "geometry": {
        "type": "Point",
        "coordinates": [
          120.3790618,
          22.7345525
        ]
      },
      "id": "node/3311573277"
    },
    {
      "type": "Feature",
      "properties": {
        "@id": "node/3311575883",
        "name": "蓮花池",
        "tourism": "viewpoint"
      },
      "geometry": {
        "type": "Point",
        "coordinates": [
          120.3804611,
          22.7295796
        ]
      },
      "id": "node/3311575883"
    },
    {
      "type": "Feature",
      "properties": {
        "@id": "node/3311656929",
        "name": "弦月眺景台",
        "name:en": "Crescent Observation Deck",
        "name:zh": "弦月眺景台",
        "tourism": "viewpoint"
      },
      "geometry": {
        "type": "Point",
        "coordinates": [
          120.3884919,
          22.888052
        ]
      },
      "id": "node/3311656929"
    },
    {
      "type": "Feature",
      "properties": {
        "@id": "node/3313932617",
        "name": "南港賞鳥區",
        "tourism": "viewpoint"
      },
      "geometry": {
        "type": "Point",
        "coordinates": [
          120.8935233,
          24.7430068
        ]
      },
      "id": "node/3313932617"
    },
    {
      "type": "Feature",
      "properties": {
        "@id": "node/3324727785",
        "name": "賞鳥平台",
        "tourism": "viewpoint"
      },
      "geometry": {
        "type": "Point",
        "coordinates": [
          121.1877828,
          23.9453432
        ]
      },
      "id": "node/3324727785"
    },
    {
      "type": "Feature",
      "properties": {
        "@id": "node/3325185158",
        "name": "觀景台",
        "tourism": "viewpoint"
      },
      "geometry": {
        "type": "Point",
        "coordinates": [
          121.3644523,
          25.1314643
        ]
      },
      "id": "node/3325185158"
    },
    {
      "type": "Feature",
      "properties": {
        "@id": "node/3329994293",
        "name": "彩虹街",
        "name:en": "Rainbow Street",
        "name:zh": "彩虹街",
        "tourism": "viewpoint"
      },
      "geometry": {
        "type": "Point",
        "coordinates": [
          120.9067537,
          22.3591303
        ]
      },
      "id": "node/3329994293"
    },
    {
      "type": "Feature",
      "properties": {
        "@id": "node/3341967718",
        "amenity": "shelter",
        "name": "觀日亭",
        "tourism": "viewpoint"
      },
      "geometry": {
        "type": "Point",
        "coordinates": [
          121.0056304,
          24.6431107
        ]
      },
      "id": "node/3341967718"
    },
    {
      "type": "Feature",
      "properties": {
        "@id": "node/3341986060",
        "name": "觀景台",
        "tourism": "viewpoint"
      },
      "geometry": {
        "type": "Point",
        "coordinates": [
          121.0253652,
          24.6529246
        ]
      },
      "id": "node/3341986060"
    },
    {
      "type": "Feature",
      "properties": {
        "@id": "node/3351424217",
        "building": "pavilion",
        "building:levels": "3",
        "direction": "135-80",
        "man_made": "tower",
        "name": "三層景觀台",
        "tourism": "viewpoint",
        "tower:type": "observation"
      },
      "geometry": {
        "type": "Point",
        "coordinates": [
          121.082889,
          24.7319308
        ]
      },
      "id": "node/3351424217"
    },
    {
      "type": "Feature",
      "properties": {
        "@id": "node/3363324944",
        "amenity": "bench",
        "name": "休憩平台",
        "tourism": "viewpoint"
      },
      "geometry": {
        "type": "Point",
        "coordinates": [
          121.0909674,
          24.6409748
        ]
      },
      "id": "node/3363324944"
    },
    {
      "type": "Feature",
      "properties": {
        "@id": "node/3366010227",
        "name": "新月橋",
        "tourism": "viewpoint"
      },
      "geometry": {
        "type": "Point",
        "coordinates": [
          121.4515822,
          25.0296349
        ]
      },
      "id": "node/3366010227"
    },
    {
      "type": "Feature",
      "properties": {
        "@id": "node/3371399893",
        "name": "涼亭",
        "toilets:wheelchair": "yes",
        "tourism": "viewpoint",
        "wheelchair": "yes"
      },
      "geometry": {
        "type": "Point",
        "coordinates": [
          121.6180703,
          23.9771473
        ]
      },
      "id": "node/3371399893"
    },
    {
      "type": "Feature",
      "properties": {
        "@id": "node/3375058127",
        "name": "向山眺望平台",
        "tourism": "viewpoint",
        "wheelchair": "yes"
      },
      "geometry": {
        "type": "Point",
        "coordinates": [
          120.9054773,
          23.8549364
        ]
      },
      "id": "node/3375058127"
    },
    {
      "type": "Feature",
      "properties": {
        "@id": "node/3376517773",
        "name": "夫妻樹",
        "tourism": "viewpoint"
      },
      "geometry": {
        "type": "Point",
        "coordinates": [
          120.8906342,
          23.5125919
        ]
      },
      "id": "node/3376517773"
    },
    {
      "type": "Feature",
      "properties": {
        "@id": "node/3376518692",
        "name": "麟趾山景觀平台",
        "tourism": "viewpoint"
      },
      "geometry": {
        "type": "Point",
        "coordinates": [
          120.8898297,
          23.475734
        ]
      },
      "id": "node/3376518692"
    },
    {
      "type": "Feature",
      "properties": {
        "@id": "node/3376547361",
        "name": "觀景台",
        "tourism": "viewpoint"
      },
      "geometry": {
        "type": "Point",
        "coordinates": [
          120.8945075,
          23.4966068
        ]
      },
      "id": "node/3376547361"
    },
    {
      "type": "Feature",
      "properties": {
        "@id": "node/3377419346",
        "name": "文化大學後山夜景",
        "name:en": "Night view of Taipei",
        "name:zh": "文化大學後山夜景",
        "tourism": "viewpoint"
      },
      "geometry": {
        "type": "Point",
        "coordinates": [
          121.5394897,
          25.1339831
        ]
      },
      "id": "node/3377419346"
    },
    {
      "type": "Feature",
      "properties": {
        "@id": "node/3390632322",
        "name": "觀景台 2580m",
        "tourism": "viewpoint"
      },
      "geometry": {
        "type": "Point",
        "coordinates": [
          121.2380255,
          24.2209231
        ]
      },
      "id": "node/3390632322"
    },
    {
      "type": "Feature",
      "properties": {
        "@id": "node/3390632323",
        "name": "觀景台",
        "tourism": "viewpoint"
      },
      "geometry": {
        "type": "Point",
        "coordinates": [
          121.2376835,
          24.2199574
        ]
      },
      "id": "node/3390632323"
    },
    {
      "type": "Feature",
      "properties": {
        "@id": "node/3410847153",
        "name": "觀景台",
        "tourism": "viewpoint"
      },
      "geometry": {
        "type": "Point",
        "coordinates": [
          121.4688736,
          24.9722293
        ]
      },
      "id": "node/3410847153"
    },
    {
      "type": "Feature",
      "properties": {
        "@id": "node/3426404334",
        "name": "慈湖",
        "tourism": "viewpoint"
      },
      "geometry": {
        "type": "Point",
        "coordinates": [
          121.2973755,
          24.8406532
        ]
      },
      "id": "node/3426404334"
    },
    {
      "type": "Feature",
      "properties": {
        "@id": "node/3443069027",
        "name": "真愛碼頭",
        "name:en": "True Love Warf",
        "tourism": "viewpoint"
      },
      "geometry": {
        "type": "Point",
        "coordinates": [
          121.5352207,
          24.9525446
        ]
      },
      "id": "node/3443069027"
    },
    {
      "type": "Feature",
      "properties": {
        "@id": "node/3443069043",
        "name": "螢光劇場",
        "tourism": "viewpoint"
      },
      "geometry": {
        "type": "Point",
        "coordinates": [
          121.5336664,
          24.9515327
        ]
      },
      "id": "node/3443069043"
    },
    {
      "type": "Feature",
      "properties": {
        "@id": "node/3443069044",
        "name": "迎賓平臺",
        "tourism": "viewpoint"
      },
      "geometry": {
        "type": "Point",
        "coordinates": [
          121.5348784,
          24.9556776
        ]
      },
      "id": "node/3443069044"
    },
    {
      "type": "Feature",
      "properties": {
        "@id": "node/3443069045",
        "name": "雙心坪",
        "name:en": "Double-heart Plaza",
        "tourism": "viewpoint"
      },
      "geometry": {
        "type": "Point",
        "coordinates": [
          121.5347876,
          24.9523741
        ]
      },
      "id": "node/3443069045"
    },
    {
      "type": "Feature",
      "properties": {
        "@id": "node/3443092774",
        "name": "鳳蝶幽谷",
        "tourism": "viewpoint"
      },
      "geometry": {
        "type": "Point",
        "coordinates": [
          121.5324015,
          24.9504692
        ]
      },
      "id": "node/3443092774"
    },
    {
      "type": "Feature",
      "properties": {
        "@id": "node/3443092775",
        "name": "1號碼頭",
        "name:en": "Pier 1",
        "tourism": "viewpoint"
      },
      "geometry": {
        "type": "Point",
        "coordinates": [
          121.5350065,
          24.9542973
        ]
      },
      "id": "node/3443092775"
    },
    {
      "type": "Feature",
      "properties": {
        "@id": "node/3452156583",
        "name": "燕庵",
        "tourism": "viewpoint"
      },
      "geometry": {
        "type": "Point",
        "coordinates": [
          120.7970502,
          23.6352356
        ]
      },
      "id": "node/3452156583"
    },
    {
      "type": "Feature",
      "properties": {
        "@id": "node/3464718054",
        "name": "觀景台",
        "tourism": "viewpoint"
      },
      "geometry": {
        "type": "Point",
        "coordinates": [
          121.1972579,
          24.4773668
        ]
      },
      "id": "node/3464718054"
    },
    {
      "type": "Feature",
      "properties": {
        "@id": "node/3464946470",
        "name": "觀景平台",
        "tourism": "viewpoint"
      },
      "geometry": {
        "type": "Point",
        "coordinates": [
          121.3631127,
          24.9574595
        ]
      },
      "id": "node/3464946470"
    },
    {
      "type": "Feature",
      "properties": {
        "@id": "node/3478469569",
        "name": "眺望點",
        "tourism": "viewpoint"
      },
      "geometry": {
        "type": "Point",
        "coordinates": [
          121.3189697,
          24.9128952
        ]
      },
      "id": "node/3478469569"
    },
    {
      "type": "Feature",
      "properties": {
        "@id": "node/3480403032",
        "name": "觀景台",
        "tourism": "viewpoint"
      },
      "geometry": {
        "type": "Point",
        "coordinates": [
          120.9515431,
          24.6933882
        ]
      },
      "id": "node/3480403032"
    },
    {
      "type": "Feature",
      "properties": {
        "@id": "node/3490652382",
        "direction": "270",
        "name": "陸海空眺望台",
        "tourism": "viewpoint"
      },
      "geometry": {
        "type": "Point",
        "coordinates": [
          121.3179144,
          25.0525545
        ]
      },
      "id": "node/3490652382"
    },
    {
      "type": "Feature",
      "properties": {
        "@id": "node/3494507182",
        "name": "臺灣極北富貴角燈塔",
        "name:en": "Northernmost point of Taiwan",
        "name:zh": "臺灣極北富貴角燈塔",
        "tourism": "viewpoint"
      },
      "geometry": {
        "type": "Point",
        "coordinates": [
          121.5375863,
          25.2983498
        ]
      },
      "id": "node/3494507182"
    },
    {
      "type": "Feature",
      "properties": {
        "@id": "node/3507964870",
        "name": "低砲台砲座區",
        "tourism": "viewpoint"
      },
      "geometry": {
        "type": "Point",
        "coordinates": [
          121.7827263,
          25.1158204
        ]
      },
      "id": "node/3507964870"
    },
    {
      "type": "Feature",
      "properties": {
        "@id": "node/3507964871",
        "name": "低砲台砲座區",
        "tourism": "viewpoint"
      },
      "geometry": {
        "type": "Point",
        "coordinates": [
          121.7828686,
          25.1160339
        ]
      },
      "id": "node/3507964871"
    },
    {
      "type": "Feature",
      "properties": {
        "@id": "node/3507964880",
        "name": "石階梯步道",
        "tourism": "viewpoint"
      },
      "geometry": {
        "type": "Point",
        "coordinates": [
          121.782598,
          25.1162155
        ]
      },
      "id": "node/3507964880"
    },
    {
      "type": "Feature",
      "properties": {
        "@id": "node/3507965258",
        "name": "運砲坡道",
        "tourism": "viewpoint"
      },
      "geometry": {
        "type": "Point",
        "coordinates": [
          121.7822939,
          25.1166701
        ]
      },
      "id": "node/3507965258"
    },
    {
      "type": "Feature",
      "properties": {
        "@id": "node/3507965259",
        "name": "高砲台砲座區",
        "tourism": "viewpoint"
      },
      "geometry": {
        "type": "Point",
        "coordinates": [
          121.7828765,
          25.1165408
        ]
      },
      "id": "node/3507965259"
    },
    {
      "type": "Feature",
      "properties": {
        "@id": "node/3508125753",
        "name": "觀景台",
        "tourism": "viewpoint"
      },
      "geometry": {
        "type": "Point",
        "coordinates": [
          121.0159497,
          24.1914184
        ]
      },
      "id": "node/3508125753"
    },
    {
      "type": "Feature",
      "properties": {
        "@id": "node/3508504346",
        "name": "粗坑口煤窯場遺址",
        "tourism": "viewpoint"
      },
      "geometry": {
        "type": "Point",
        "coordinates": [
          121.763985,
          25.0854265
        ]
      },
      "id": "node/3508504346"
    },
    {
      "type": "Feature",
      "properties": {
        "@id": "node/3562751294",
        "alt_name": "一線天",
        "name": "武界一線天",
        "tourism": "viewpoint"
      },
      "geometry": {
        "type": "Point",
        "coordinates": [
          121.0450692,
          23.8885513
        ]
      },
      "id": "node/3562751294"
    },
    {
      "type": "Feature",
      "properties": {
        "@id": "node/3566339263",
        "name": "涵碧亭",
        "name:en": "Verdant Pavilion",
        "name:zh": "涵碧亭",
        "tourism": "viewpoint"
      },
      "geometry": {
        "type": "Point",
        "coordinates": [
          120.8256006,
          21.9529872
        ]
      },
      "id": "node/3566339263"
    },
    {
      "type": "Feature",
      "properties": {
        "@id": "node/3591132807",
        "name": "觀景台",
        "tourism": "viewpoint"
      },
      "geometry": {
        "type": "Point",
        "coordinates": [
          120.5808103,
          24.2696261
        ]
      },
      "id": "node/3591132807"
    },
    {
      "type": "Feature",
      "properties": {
        "@id": "node/3606928300",
        "name": "巨松台",
        "tourism": "viewpoint"
      },
      "geometry": {
        "type": "Point",
        "coordinates": [
          121.0263655,
          24.0863163
        ]
      },
      "id": "node/3606928300"
    },
    {
      "type": "Feature",
      "properties": {
        "@id": "node/3608472325",
        "name": "觀景台",
        "tourism": "viewpoint"
      },
      "geometry": {
        "type": "Point",
        "coordinates": [
          121.834466,
          24.8693144
        ]
      },
      "id": "node/3608472325"
    },
    {
      "type": "Feature",
      "properties": {
        "@id": "node/3619115307",
        "amenity": "shelter",
        "name": "蔣公涼亭",
        "name:en": "Jiang Gong Pavilion",
        "name:etymology": "蔣中正",
        "name:etymology:wikidata": "Q16574",
        "name:etymology:wikipedia": "zh:蔣中正",
        "tourism": "viewpoint"
      },
      "geometry": {
        "type": "Point",
        "coordinates": [
          120.9099425,
          23.8627466
        ]
      },
      "id": "node/3619115307"
    },
    {
      "type": "Feature",
      "properties": {
        "@id": "node/3624639971",
        "name": "嘉義八景:彌陀曉鐘",
        "tourism": "viewpoint"
      },
      "geometry": {
        "type": "Point",
        "coordinates": [
          120.4706856,
          23.4625319
        ]
      },
      "id": "node/3624639971"
    },
    {
      "type": "Feature",
      "properties": {
        "@id": "node/3646948929",
        "name": "大砲岩",
        "name:en": "Cannon Rock",
        "name:zh": "大砲岩",
        "name:zh-Hant": "大砲岩",
        "natural": "stone",
        "tourism": "viewpoint"
      },
      "geometry": {
        "type": "Point",
        "coordinates": [
          121.5202041,
          25.1423847
        ]
      },
      "id": "node/3646948929"
    },
    {
      "type": "Feature",
      "properties": {
        "@id": "node/3665944278",
        "name": "四眼井",
        "name:zh": "四眼井",
        "name:zh-Hans": "四眼井",
        "name:zh-Hant": "四眼井",
        "tourism": "viewpoint"
      },
      "geometry": {
        "type": "Point",
        "coordinates": [
          119.5650548,
          23.5649404
        ]
      },
      "id": "node/3665944278"
    },
    {
      "type": "Feature",
      "properties": {
        "@id": "node/3665944317",
        "name": "萬軍井",
        "name:zh": "萬軍井",
        "name:zh-Hans": "万军井",
        "name:zh-Hant": "萬軍井",
        "tourism": "viewpoint"
      },
      "geometry": {
        "type": "Point",
        "coordinates": [
          119.5642579,
          23.5644841
        ]
      },
      "id": "node/3665944317"
    },
    {
      "type": "Feature",
      "properties": {
        "@id": "node/3665944318",
        "name": "西瀛虹橋",
        "tourism": "viewpoint"
      },
      "geometry": {
        "type": "Point",
        "coordinates": [
          119.5600665,
          23.5683072
        ]
      },
      "id": "node/3665944318"
    },
    {
      "type": "Feature",
      "properties": {
        "@id": "node/3677474549",
        "name": "夢之湖",
        "tourism": "viewpoint"
      },
      "geometry": {
        "type": "Point",
        "coordinates": [
          120.4010715,
          23.1991602
        ]
      },
      "id": "node/3677474549"
    },
    {
      "type": "Feature",
      "properties": {
        "@id": "node/3679147942",
        "name": "南寮古厝群",
        "name:zh": "南寮古厝群",
        "name:zh-Hans": "南寮古厝群",
        "name:zh-Hant": "南寮古厝群",
        "tourism": "viewpoint"
      },
      "geometry": {
        "type": "Point",
        "coordinates": [
          119.6707021,
          23.5847884
        ]
      },
      "id": "node/3679147942"
    },
    {
      "type": "Feature",
      "properties": {
        "@id": "node/3679155054",
        "name": "菓葉灰窯",
        "name:en": "Guoye Cement Kiln",
        "name:zh": "菓葉灰窯",
        "name:zh-Hans": "果叶灰窑",
        "name:zh-Hant": "菓葉灰窯",
        "tourism": "viewpoint",
        "wikidata": "Q107260727"
      },
      "geometry": {
        "type": "Point",
        "coordinates": [
          119.6806128,
          23.5752849
        ]
      },
      "id": "node/3679155054"
    },
    {
      "type": "Feature",
      "properties": {
        "@id": "node/3686397870",
        "name": "蓮花池",
        "name:zh": "蓮花池",
        "name:zh-Hans": "莲花池",
        "name:zh-Hant": "蓮花池",
        "tourism": "viewpoint"
      },
      "geometry": {
        "type": "Point",
        "coordinates": [
          119.5145103,
          23.5095086
        ]
      },
      "id": "node/3686397870"
    },
    {
      "type": "Feature",
      "properties": {
        "@id": "node/3686397871",
        "name": "西南石柱群",
        "name:zh": "西南石柱群",
        "name:zh-Hans": "西南石柱群",
        "name:zh-Hant": "西南石柱群",
        "tourism": "viewpoint"
      },
      "geometry": {
        "type": "Point",
        "coordinates": [
          119.5189768,
          23.5089722
        ]
      },
      "id": "node/3686397871"
    },
    {
      "type": "Feature",
      "properties": {
        "@id": "node/3686397872",
        "name": "貓江石",
        "name:zh": "貓江石",
        "name:zh-Hans": "猫江石",
        "name:zh-Hant": "貓江石",
        "tourism": "viewpoint"
      },
      "geometry": {
        "type": "Point",
        "coordinates": [
          119.5165667,
          23.5142355
        ]
      },
      "id": "node/3686397872"
    },
    {
      "type": "Feature",
      "properties": {
        "@id": "node/3702472092",
        "name": "觀海長堤賞鳥",
        "tourism": "viewpoint"
      },
      "geometry": {
        "type": "Point",
        "coordinates": [
          121.4166833,
          25.1687691
        ]
      },
      "id": "node/3702472092"
    },
    {
      "type": "Feature",
      "properties": {
        "@id": "node/3705290109",
        "amenity": "shelter",
        "name": "生態池涼亭",
        "tourism": "viewpoint"
      },
      "geometry": {
        "type": "Point",
        "coordinates": [
          120.3588869,
          22.9628414
        ]
      },
      "id": "node/3705290109"
    },
    {
      "type": "Feature",
      "properties": {
        "@id": "node/3715564939",
        "name": "一線天",
        "tourism": "viewpoint"
      },
      "geometry": {
        "type": "Point",
        "coordinates": [
          121.7484372,
          25.1447613
        ]
      },
      "id": "node/3715564939"
    },
    {
      "type": "Feature",
      "properties": {
        "@id": "node/3717114078",
        "name": "夢泉",
        "tourism": "viewpoint"
      },
      "geometry": {
        "type": "Point",
        "coordinates": [
          121.7749562,
          25.149121
        ]
      },
      "id": "node/3717114078"
    },
    {
      "type": "Feature",
      "properties": {
        "@id": "node/3721973162",
        "name": "中正公園觀景台",
        "tourism": "viewpoint"
      },
      "geometry": {
        "type": "Point",
        "coordinates": [
          121.7505449,
          25.1336434
        ]
      },
      "id": "node/3721973162"
    },
    {
      "type": "Feature",
      "properties": {
        "@id": "node/3747117017",
        "name": "尖帽峽風動石",
        "name:en": "Wind-moving Rock of Jian-mao Bealock",
        "name:zh": "尖帽峽風動石",
        "note": "風動石 此處為當地有名的尖帽峽（尖山與紗帽山所形成的峽谷，就是鞍部、埡口或分水嶺，西向為湖底溪，東向紗帽山溪，均為磺溪支流）。尖帽峽因地形氣候影響，在春冬季風吹拂，而發出「咻！咻！隆！隆！」之聲。陽明山後山公園前身羽衣園時期有一座休憩平台，另在羽衣園尖帽峽路口處有一大石，傳說「風吹石會動」，「風動石」之地名開始傳開。後因道路拓寬與安全考量，遂敲解此石以修復平台。",
        "tourism": "viewpoint"
      },
      "geometry": {
        "type": "Point",
        "coordinates": [
          121.5413967,
          25.1516545
        ]
      },
      "id": "node/3747117017"
    },
    {
      "type": "Feature",
      "properties": {
        "@id": "node/3747119377",
        "name": "觀景台",
        "tourism": "viewpoint"
      },
      "geometry": {
        "type": "Point",
        "coordinates": [
          121.5101023,
          25.147837
        ]
      },
      "id": "node/3747119377"
    },
    {
      "type": "Feature",
      "properties": {
        "@id": "node/3750465311",
        "name": "蛇頭山觀景台",
        "name:en": "Snake's Head Mountain View",
        "name:zh": "蛇頭山觀景台",
        "tourism": "viewpoint"
      },
      "geometry": {
        "type": "Point",
        "coordinates": [
          120.6962039,
          22.9158337
        ]
      },
      "id": "node/3750465311"
    },
    {
      "type": "Feature",
      "properties": {
        "@id": "node/3752307009",
        "name": "燭臺雙峙",
        "tourism": "viewpoint"
      },
      "geometry": {
        "type": "Point",
        "coordinates": [
          121.6515144,
          25.2291494
        ]
      },
      "id": "node/3752307009"
    },
    {
      "type": "Feature",
      "properties": {
        "@id": "node/3752492509",
        "name": "神祕海岸",
        "tourism": "viewpoint"
      },
      "geometry": {
        "type": "Point",
        "coordinates": [
          121.651398,
          25.2269157
        ]
      },
      "id": "node/3752492509"
    },
    {
      "type": "Feature",
      "properties": {
        "@id": "node/3755918935",
        "direction": "45",
        "name": "四八高地",
        "name:zh": "四八高地",
        "tourism": "viewpoint"
      },
      "geometry": {
        "type": "Point",
        "coordinates": [
          121.6348905,
          24.0222916
        ]
      },
      "id": "node/3755918935"
    },
    {
      "type": "Feature",
      "properties": {
        "@id": "node/3758831471",
        "construction": "yes",
        "name": "香林神木",
        "tourism": "viewpoint"
      },
      "geometry": {
        "type": "Point",
        "coordinates": [
          120.8080732,
          23.5171659
        ]
      },
      "id": "node/3758831471"
    },
    {
      "type": "Feature",
      "properties": {
        "@id": "node/3774439715",
        "direction": "0",
        "ele": "187",
        "name": "觀海岩",
        "name:en": "View Sea Rock",
        "name:zh": "觀海岩",
        "tourism": "viewpoint"
      },
      "geometry": {
        "type": "Point",
        "coordinates": [
          120.2611365,
          22.6618679
        ]
      },
      "id": "node/3774439715"
    },
    {
      "type": "Feature",
      "properties": {
        "@id": "node/3776472922",
        "name": "小長城",
        "tourism": "viewpoint"
      },
      "geometry": {
        "type": "Point",
        "coordinates": [
          121.5071401,
          22.6606462
        ]
      },
      "id": "node/3776472922"
    },
    {
      "type": "Feature",
      "properties": {
        "@id": "node/3780762941",
        "name": "華朋瞭望台",
        "tourism": "viewpoint",
        "tower:type": "observation"
      },
      "geometry": {
        "type": "Point",
        "coordinates": [
          121.5809371,
          25.1088725
        ]
      },
      "id": "node/3780762941"
    },
    {
      "type": "Feature",
      "properties": {
        "@id": "node/3781336438",
        "amenity": "shelter",
        "covered": "yes",
        "leisure": "picnic_table",
        "name": "向山觀景臺",
        "tourism": "viewpoint"
      },
      "geometry": {
        "type": "Point",
        "coordinates": [
          120.902872,
          23.8546947
        ]
      },
      "id": "node/3781336438"
    },
    {
      "type": "Feature",
      "properties": {
        "@id": "node/3798979414",
        "name": "北山海堤",
        "tourism": "viewpoint"
      },
      "geometry": {
        "type": "Point",
        "coordinates": [
          118.3019992,
          24.4833016
        ]
      },
      "id": "node/3798979414"
    },
    {
      "type": "Feature",
      "properties": {
        "@id": "node/3800295393",
        "name": "六十石山風景區",
        "tourism": "viewpoint"
      },
      "geometry": {
        "type": "Point",
        "coordinates": [
          121.316174,
          23.2213781
        ]
      },
      "id": "node/3800295393"
    },
    {
      "type": "Feature",
      "properties": {
        "@id": "node/3828593592",
        "name": "相思彎",
        "tourism": "viewpoint"
      },
      "geometry": {
        "type": "Point",
        "coordinates": [
          121.5022268,
          25.1539426
        ]
      },
      "id": "node/3828593592"
    },
    {
      "type": "Feature",
      "properties": {
        "@id": "node/3835148764",
        "addr:city": "花蓮縣",
        "addr:country": "TW",
        "addr:district": "鳳林鎮",
        "addr:full": "975花蓮縣鳳林鎮復興路81號",
        "addr:housenumber": "81",
        "addr:postcode": "975",
        "addr:province": "台灣省",
        "addr:street": "復興路",
        "name": "廖快菸樓",
        "toilets:wheelchair": "no",
        "tourism": "viewpoint",
        "website": "https://www.facebook.com/ju1042002/",
        "wheelchair": "limited",
        "wheelchair:description": "some Height difference, no restroom"
      },
      "geometry": {
        "type": "Point",
        "coordinates": [
          121.4682367,
          23.7534215
        ]
      },
      "id": "node/3835148764"
    },
    {
      "type": "Feature",
      "properties": {
        "@id": "node/3835167857",
        "addr:city": "花蓮縣",
        "addr:country": "TW",
        "addr:district": "鳳林鎮",
        "addr:full": "975花蓮縣鳳林鎮民生街16號",
        "addr:housenumber": "16",
        "addr:postcode": "975",
        "addr:province": "台灣省",
        "addr:street": "民生街",
        "name": "校長夢工廠",
        "toilets:wheelchair": "no",
        "tourism": "viewpoint",
        "website": "https://travel.network.com.tw/main/travel/point/showpage/105147.html",
        "wheelchair": "no",
        "wheelchair:description": "have slope to go, but the slope is very uncomfortable, no restroom"
      },
      "geometry": {
        "type": "Point",
        "coordinates": [
          121.4502338,
          23.7475884
        ]
      },
      "id": "node/3835167857"
    },
    {
      "type": "Feature",
      "properties": {
        "@id": "node/3878449940",
        "name": "好漢坡觀景台",
        "tourism": "viewpoint"
      },
      "geometry": {
        "type": "Point",
        "coordinates": [
          121.1817582,
          23.9524422
        ]
      },
      "id": "node/3878449940"
    },
    {
      "type": "Feature",
      "properties": {
        "@id": "node/3890039688",
        "name": "鰲風山，觀景台",
        "name:en": "Aofong Hill Observatory",
        "name:zh": "鰲風山，觀景台",
        "tourism": "viewpoint"
      },
      "geometry": {
        "type": "Point",
        "coordinates": [
          120.5838022,
          24.2700453
        ]
      },
      "id": "node/3890039688"
    },
    {
      "type": "Feature",
      "properties": {
        "@id": "node/3904005745",
        "name": "杉原海岸",
        "tourism": "viewpoint"
      },
      "geometry": {
        "type": "Point",
        "coordinates": [
          121.1857663,
          22.8328711
        ]
      },
      "id": "node/3904005745"
    },
    {
      "type": "Feature",
      "properties": {
        "@id": "node/3905840149",
        "name": "渚橋",
        "name:en": "Nagisa Bridge",
        "name:zh-Hant": "渚橋",
        "tourism": "viewpoint"
      },
      "geometry": {
        "type": "Point",
        "coordinates": [
          121.2035575,
          22.8609626
        ]
      },
      "id": "node/3905840149"
    },
    {
      "type": "Feature",
      "properties": {
        "@id": "node/3905851461",
        "name": "郡界",
        "tourism": "viewpoint"
      },
      "geometry": {
        "type": "Point",
        "coordinates": [
          121.1987403,
          22.857163
        ]
      },
      "id": "node/3905851461"
    },
    {
      "type": "Feature",
      "properties": {
        "@id": "node/3905851462",
        "name": "加母子灣",
        "tourism": "viewpoint"
      },
      "geometry": {
        "type": "Point",
        "coordinates": [
          121.2063834,
          22.8634619
        ]
      },
      "id": "node/3905851462"
    },
    {
      "type": "Feature",
      "properties": {
        "@id": "node/3905950599",
        "name": "金樽",
        "name:en": "Jin Zun Rest Area",
        "name:zh": "金樽",
        "tourism": "viewpoint"
      },
      "geometry": {
        "type": "Point",
        "coordinates": [
          121.2801706,
          22.9453375
        ]
      },
      "id": "node/3905950599"
    },
    {
      "type": "Feature",
      "properties": {
        "@id": "node/3905950654",
        "name": "金樽陸連島",
        "tourism": "viewpoint"
      },
      "geometry": {
        "type": "Point",
        "coordinates": [
          121.2865168,
          22.9501598
        ]
      },
      "id": "node/3905950654"
    },
    {
      "type": "Feature",
      "properties": {
        "@id": "node/3913959416",
        "name": "新橋",
        "tourism": "viewpoint"
      },
      "geometry": {
        "type": "Point",
        "coordinates": [
          121.2147618,
          22.8658432
        ]
      },
      "id": "node/3913959416"
    },
    {
      "type": "Feature",
      "properties": {
        "@id": "node/3913959604",
        "name": "舊東河橋",
        "tourism": "viewpoint"
      },
      "geometry": {
        "type": "Point",
        "coordinates": [
          121.3049536,
          22.9760642
        ]
      },
      "id": "node/3913959604"
    },
    {
      "type": "Feature",
      "properties": {
        "@id": "node/3913973057",
        "name": "泰源幽谷",
        "tourism": "viewpoint"
      },
      "geometry": {
        "type": "Point",
        "coordinates": [
          121.2960847,
          22.9895699
        ]
      },
      "id": "node/3913973057"
    },
    {
      "type": "Feature",
      "properties": {
        "@id": "node/3919864822",
        "name": "石雨傘觀景點",
        "tourism": "viewpoint"
      },
      "geometry": {
        "type": "Point",
        "coordinates": [
          121.4015509,
          23.175468
        ]
      },
      "id": "node/3919864822"
    },
    {
      "type": "Feature",
      "properties": {
        "@id": "node/3919866510",
        "name": "堺橋休息區",
        "tourism": "viewpoint"
      },
      "geometry": {
        "type": "Point",
        "coordinates": [
          121.408831,
          23.2149754
        ]
      },
      "id": "node/3919866510"
    },
    {
      "type": "Feature",
      "properties": {
        "@id": "node/3919867024",
        "name": "齒草橋",
        "tourism": "viewpoint"
      },
      "geometry": {
        "type": "Point",
        "coordinates": [
          121.4363444,
          23.2956758
        ]
      },
      "id": "node/3919867024"
    },
    {
      "type": "Feature",
      "properties": {
        "@id": "node/3919868520",
        "name": "梯田大道(金剛大道)",
        "tourism": "viewpoint"
      },
      "geometry": {
        "type": "Point",
        "coordinates": [
          121.4560303,
          23.3306683
        ]
      },
      "id": "node/3919868520"
    },
    {
      "type": "Feature",
      "properties": {
        "@id": "node/3928118637",
        "description": "深潭危險",
        "name": "南安瀑布",
        "tourism": "viewpoint",
        "waterway": "waterfall",
        "wikidata": "Q34847082"
      },
      "geometry": {
        "type": "Point",
        "coordinates": [
          121.2475823,
          23.3120753
        ]
      },
      "id": "node/3928118637"
    },
    {
      "type": "Feature",
      "properties": {
        "@id": "node/3945277477",
        "name": "知本林道瀑布",
        "tourism": "viewpoint",
        "waterway": "waterfall"
      },
      "geometry": {
        "type": "Point",
        "coordinates": [
          121.014408,
          22.7047114
        ]
      },
      "id": "node/3945277477"
    },
    {
      "type": "Feature",
      "properties": {
        "@id": "node/3948073620",
        "name": "望海台",
        "name:en": "Sea Viewing Platform",
        "tourism": "viewpoint"
      },
      "geometry": {
        "type": "Point",
        "coordinates": [
          120.8136133,
          21.9666537
        ]
      },
      "id": "node/3948073620"
    },
    {
      "type": "Feature",
      "properties": {
        "@id": "node/3954827293",
        "name": "永春崗平台",
        "tourism": "viewpoint"
      },
      "geometry": {
        "type": "Point",
        "coordinates": [
          121.5769931,
          25.0290014
        ]
      },
      "id": "node/3954827293"
    },
    {
      "type": "Feature",
      "properties": {
        "@id": "node/3956887280",
        "amenity": "shelter",
        "name": "向山自行車道中段休息平台",
        "tourism": "viewpoint"
      },
      "geometry": {
        "type": "Point",
        "coordinates": [
          120.9046777,
          23.8663218
        ]
      },
      "id": "node/3956887280"
    },
    {
      "type": "Feature",
      "properties": {
        "@id": "node/3995131153",
        "name": "十三目仔窯看火車",
        "tourism": "viewpoint"
      },
      "geometry": {
        "type": "Point",
        "coordinates": [
          120.7712348,
          23.8274914
        ]
      },
      "id": "node/3995131153"
    },
    {
      "type": "Feature",
      "properties": {
        "@id": "node/4002068417",
        "amenity": "shelter",
        "name": "觀景台",
        "tourism": "viewpoint"
      },
      "geometry": {
        "type": "Point",
        "coordinates": [
          120.8145691,
          22.2202963
        ]
      },
      "id": "node/4002068417"
    },
    {
      "type": "Feature",
      "properties": {
        "@id": "node/4011361409",
        "name": "小台灣",
        "name:en": "Little Taiwan",
        "name:zh": "小台灣",
        "name:zh-Hans": "小台湾",
        "name:zh-Hant": "小台灣",
        "tourism": "viewpoint"
      },
      "geometry": {
        "type": "Point",
        "coordinates": [
          119.44244,
          23.2089177
        ]
      },
      "id": "node/4011361409"
    },
    {
      "type": "Feature",
      "properties": {
        "@id": "node/4041776973",
        "name": "桃源谷",
        "tourism": "viewpoint"
      },
      "geometry": {
        "type": "Point",
        "coordinates": [
          121.8935957,
          24.9665861
        ]
      },
      "id": "node/4041776973"
    },
    {
      "type": "Feature",
      "properties": {
        "@id": "node/4047089735",
        "name": "巴陵大橋觀景台",
        "tourism": "viewpoint"
      },
      "geometry": {
        "type": "Point",
        "coordinates": [
          121.3796282,
          24.6804672
        ]
      },
      "id": "node/4047089735"
    },
    {
      "type": "Feature",
      "properties": {
        "@id": "node/4047452002",
        "name": "台灣極東點",
        "name:en": "Taiwan's Easternmost Point",
        "name:ja": "台湾極東点",
        "name:zh": "台灣極東點",
        "tourism": "viewpoint"
      },
      "geometry": {
        "type": "Point",
        "coordinates": [
          122.0026894,
          25.008754
        ]
      },
      "id": "node/4047452002"
    },
    {
      "type": "Feature",
      "properties": {
        "@id": "node/4085135899",
        "name": "涼山瀑布第一層",
        "tourism": "viewpoint",
        "waterway": "waterfall"
      },
      "geometry": {
        "type": "Point",
        "coordinates": [
          120.6446696,
          22.6821922
        ]
      },
      "id": "node/4085135899"
    },
    {
      "type": "Feature",
      "properties": {
        "@id": "node/4090193852",
        "name": "馬太林池",
        "tourism": "viewpoint"
      },
      "geometry": {
        "type": "Point",
        "coordinates": [
          121.4147283,
          23.4094467
        ]
      },
      "id": "node/4090193852"
    },
    {
      "type": "Feature",
      "properties": {
        "@id": "node/4098850823",
        "name": "超優展望點",
        "tourism": "viewpoint"
      },
      "geometry": {
        "type": "Point",
        "coordinates": [
          120.7535093,
          22.5142459
        ]
      },
      "id": "node/4098850823"
    },
    {
      "type": "Feature",
      "properties": {
        "@id": "node/4098850824",
        "name": "展望點",
        "tourism": "viewpoint"
      },
      "geometry": {
        "type": "Point",
        "coordinates": [
          120.7528278,
          22.5169658
        ]
      },
      "id": "node/4098850824"
    },
    {
      "type": "Feature",
      "properties": {
        "@id": "node/4098850825",
        "name": "展望點",
        "tourism": "viewpoint"
      },
      "geometry": {
        "type": "Point",
        "coordinates": [
          120.7178036,
          22.5072073
        ]
      },
      "id": "node/4098850825"
    },
    {
      "type": "Feature",
      "properties": {
        "@id": "node/4099756977",
        "name": "展望",
        "tourism": "viewpoint"
      },
      "geometry": {
        "type": "Point",
        "coordinates": [
          120.2526955,
          22.6453592
        ]
      },
      "id": "node/4099756977"
    },
    {
      "type": "Feature",
      "properties": {
        "@id": "node/4101108483",
        "name": "多納鬼斧神工峽谷",
        "tourism": "viewpoint"
      },
      "geometry": {
        "type": "Point",
        "coordinates": [
          120.7302453,
          22.9167595
        ]
      },
      "id": "node/4101108483"
    },
    {
      "type": "Feature",
      "properties": {
        "@id": "node/4101129317",
        "name": "舊長春橋頭",
        "name:en": "Old Changchun Bridge Head",
        "name:zh": "舊長春橋頭",
        "tourism": "viewpoint"
      },
      "geometry": {
        "type": "Point",
        "coordinates": [
          121.6042345,
          24.1607914
        ]
      },
      "id": "node/4101129317"
    },
    {
      "type": "Feature",
      "properties": {
        "@id": "node/4101129353",
        "name": "彌陀巖",
        "tourism": "viewpoint"
      },
      "geometry": {
        "type": "Point",
        "coordinates": [
          121.6041469,
          24.1606901
        ]
      },
      "id": "node/4101129353"
    },
    {
      "type": "Feature",
      "properties": {
        "@id": "node/4101267310",
        "name": "土虱彎",
        "tourism": "viewpoint"
      },
      "geometry": {
        "type": "Point",
        "coordinates": [
          120.7493694,
          22.8888239
        ]
      },
      "id": "node/4101267310"
    },
    {
      "type": "Feature",
      "properties": {
        "@id": "node/4106948337",
        "name": "合谷瀑布觀景台",
        "name:en": "viewpoint towards Hegu waterfall",
        "tourism": "viewpoint"
      },
      "geometry": {
        "type": "Point",
        "coordinates": [
          121.8119604,
          25.0610888
        ]
      },
      "id": "node/4106948337"
    },
    {
      "type": "Feature",
      "properties": {
        "@id": "node/4115784438",
        "name": "阿婆灣觀景台",
        "name:zh": "Apowan Observation Deck",
        "tourism": "viewpoint"
      },
      "geometry": {
        "type": "Point",
        "coordinates": [
          120.5806373,
          23.3616959
        ]
      },
      "id": "node/4115784438"
    },
    {
      "type": "Feature",
      "properties": {
        "@id": "node/4115788948",
        "name": "情人瀑布",
        "tourism": "viewpoint"
      },
      "geometry": {
        "type": "Point",
        "coordinates": [
          120.6405652,
          23.301673
        ]
      },
      "id": "node/4115788948"
    },
    {
      "type": "Feature",
      "properties": {
        "@id": "node/4115788949",
        "name": "內葉翅吊橋",
        "tourism": "viewpoint"
      },
      "geometry": {
        "type": "Point",
        "coordinates": [
          120.6377283,
          23.3007239
        ]
      },
      "id": "node/4115788949"
    },
    {
      "type": "Feature",
      "properties": {
        "@id": "node/4116866561",
        "name": "旭海草原遊樂區",
        "tourism": "viewpoint"
      },
      "geometry": {
        "type": "Point",
        "coordinates": [
          120.8852217,
          22.2046787
        ]
      },
      "id": "node/4116866561"
    },
    {
      "type": "Feature",
      "properties": {
        "@id": "node/4121672340",
        "name": "苦楝樹隧道",
        "name:en": "Neem Tunnel",
        "name:fr": "Tunnel de Neem",
        "tourism": "viewpoint"
      },
      "geometry": {
        "type": "Point",
        "coordinates": [
          120.3196004,
          23.5057668
        ]
      },
      "id": "node/4121672340"
    },
    {
      "type": "Feature",
      "properties": {
        "@id": "node/4135151001",
        "name": "觀瀑亭1樓",
        "tourism": "viewpoint"
      },
      "geometry": {
        "type": "Point",
        "coordinates": [
          121.4536408,
          24.8194382
        ]
      },
      "id": "node/4135151001"
    },
    {
      "type": "Feature",
      "properties": {
        "@id": "node/4135299868",
        "name": "觀景台",
        "tourism": "viewpoint"
      },
      "geometry": {
        "type": "Point",
        "coordinates": [
          120.5219414,
          23.4755572
        ]
      },
      "id": "node/4135299868"
    },
    {
      "type": "Feature",
      "properties": {
        "@id": "node/4155356590",
        "name": "埔里市景色",
        "tourism": "viewpoint"
      },
      "geometry": {
        "type": "Point",
        "coordinates": [
          120.9896994,
          23.9663848
        ]
      },
      "id": "node/4155356590"
    },
    {
      "type": "Feature",
      "properties": {
        "@id": "node/4158081895",
        "name": "竹筏港溪(溪筏港溪)",
        "tourism": "viewpoint"
      },
      "geometry": {
        "type": "Point",
        "coordinates": [
          120.1167985,
          23.0329185
        ]
      },
      "id": "node/4158081895"
    },
    {
      "type": "Feature",
      "properties": {
        "@id": "node/4166789022",
        "name": "觀景平台",
        "tourism": "viewpoint"
      },
      "geometry": {
        "type": "Point",
        "coordinates": [
          121.495774,
          22.644424
        ]
      },
      "id": "node/4166789022"
    },
    {
      "type": "Feature",
      "properties": {
        "@id": "node/4188714798",
        "name": "對高岳觀景台",
        "name:en": "Duigaoyue Viewing Lot",
        "name:zh": "對高岳觀景台",
        "source": "survey",
        "source:geometry": "gps",
        "tourism": "viewpoint"
      },
      "geometry": {
        "type": "Point",
        "coordinates": [
          120.8200024,
          23.516814
        ]
      },
      "id": "node/4188714798"
    },
    {
      "type": "Feature",
      "properties": {
        "@id": "node/4188739595",
        "name": "祝山觀日出平台",
        "name:en": "Zhushan Sunrise Viewing Platform",
        "name:zh": "祝山觀日出平台",
        "source": "survey",
        "source:geometry": "gps",
        "tourism": "viewpoint"
      },
      "geometry": {
        "type": "Point",
        "coordinates": [
          120.8236576,
          23.5103591
        ]
      },
      "id": "node/4188739595"
    },
    {
      "type": "Feature",
      "properties": {
        "@id": "node/4195531759",
        "name": "馬祖播音站",
        "tourism": "viewpoint",
        "wheelchair": "no"
      },
      "geometry": {
        "type": "Point",
        "coordinates": [
          119.9790842,
          26.2250227
        ]
      },
      "id": "node/4195531759"
    },
    {
      "type": "Feature",
      "properties": {
        "@id": "node/4201277365",
        "name": "觀瀑平台",
        "tourism": "viewpoint"
      },
      "geometry": {
        "type": "Point",
        "coordinates": [
          121.7995151,
          24.9402502
        ]
      },
      "id": "node/4201277365"
    },
    {
      "type": "Feature",
      "properties": {
        "@id": "node/4216587389",
        "name": "最高點平台",
        "tourism": "viewpoint"
      },
      "geometry": {
        "type": "Point",
        "coordinates": [
          120.7299302,
          24.3669587
        ]
      },
      "id": "node/4216587389"
    },
    {
      "type": "Feature",
      "properties": {
        "@id": "node/4239129570",
        "name": "觀景台",
        "tourism": "viewpoint"
      },
      "geometry": {
        "type": "Point",
        "coordinates": [
          120.7996249,
          24.1748277
        ]
      },
      "id": "node/4239129570"
    },
    {
      "type": "Feature",
      "properties": {
        "@id": "node/4254866891",
        "amenity": "shelter",
        "name": "涼亭",
        "tourism": "viewpoint"
      },
      "geometry": {
        "type": "Point",
        "coordinates": [
          121.5555078,
          23.747393
        ]
      },
      "id": "node/4254866891"
    },
    {
      "type": "Feature",
      "properties": {
        "@id": "node/4270805708",
        "name": "觀景台",
        "tourism": "viewpoint"
      },
      "geometry": {
        "type": "Point",
        "coordinates": [
          121.3638751,
          24.9613652
        ]
      },
      "id": "node/4270805708"
    },
    {
      "type": "Feature",
      "properties": {
        "@id": "node/4283508324",
        "name": "新豐紅樹林",
        "tourism": "viewpoint"
      },
      "geometry": {
        "type": "Point",
        "coordinates": [
          120.9716959,
          24.9084253
        ]
      },
      "id": "node/4283508324"
    },
    {
      "type": "Feature",
      "properties": {
        "@id": "node/4288760888",
        "name": "親水活動廣場",
        "tourism": "viewpoint"
      },
      "geometry": {
        "type": "Point",
        "coordinates": [
          121.1689069,
          22.7620188
        ]
      },
      "id": "node/4288760888"
    },
    {
      "type": "Feature",
      "properties": {
        "@id": "node/4288761589",
        "name": "林務監工房",
        "tourism": "viewpoint"
      },
      "geometry": {
        "type": "Point",
        "coordinates": [
          121.1664499,
          22.7642382
        ]
      },
      "id": "node/4288761589"
    },
    {
      "type": "Feature",
      "properties": {
        "@id": "node/4288761594",
        "name": "花架隧道",
        "tourism": "viewpoint"
      },
      "geometry": {
        "type": "Point",
        "coordinates": [
          121.1622147,
          22.7634506
        ]
      },
      "id": "node/4288761594"
    },
    {
      "type": "Feature",
      "properties": {
        "@id": "node/4288761599",
        "name": "觀景區",
        "tourism": "viewpoint"
      },
      "geometry": {
        "type": "Point",
        "coordinates": [
          121.1480617,
          22.7755999
        ]
      },
      "id": "node/4288761599"
    },
    {
      "type": "Feature",
      "properties": {
        "@id": "node/4288761600",
        "name": "鷺鷥橋",
        "tourism": "viewpoint"
      },
      "geometry": {
        "type": "Point",
        "coordinates": [
          121.1476531,
          22.7762699
        ]
      },
      "id": "node/4288761600"
    },
    {
      "type": "Feature",
      "properties": {
        "@id": "node/4288761601",
        "name": "苗圃區",
        "tourism": "viewpoint"
      },
      "geometry": {
        "type": "Point",
        "coordinates": [
          121.1466707,
          22.777105
        ]
      },
      "id": "node/4288761601"
    },
    {
      "type": "Feature",
      "properties": {
        "@id": "node/4288761606",
        "name": "賞湖區橋",
        "tourism": "viewpoint"
      },
      "geometry": {
        "type": "Point",
        "coordinates": [
          121.146721,
          22.7783918
        ]
      },
      "id": "node/4288761606"
    },
    {
      "type": "Feature",
      "properties": {
        "@id": "node/4288761631",
        "name": "海洋劇場",
        "tourism": "viewpoint"
      },
      "geometry": {
        "type": "Point",
        "coordinates": [
          121.168981,
          22.755467
        ]
      },
      "id": "node/4288761631"
    },
    {
      "type": "Feature",
      "properties": {
        "@id": "node/4288761706",
        "name": "觀景丘",
        "name:en": "View-hill 360 degrees",
        "name:zh": "觀景丘",
        "tourism": "viewpoint"
      },
      "geometry": {
        "type": "Point",
        "coordinates": [
          121.1700586,
          22.7623081
        ]
      },
      "id": "node/4288761706"
    },
    {
      "type": "Feature",
      "properties": {
        "@id": "node/4295593670",
        "name": "石朗",
        "tourism": "viewpoint"
      },
      "geometry": {
        "type": "Point",
        "coordinates": [
          121.4746843,
          22.6552385
        ]
      },
      "id": "node/4295593670"
    },
    {
      "type": "Feature",
      "properties": {
        "@id": "node/4295605207",
        "name": "龜灣鼻",
        "tourism": "viewpoint"
      },
      "geometry": {
        "type": "Point",
        "coordinates": [
          121.47335,
          22.6466647
        ]
      },
      "id": "node/4295605207"
    },
    {
      "type": "Feature",
      "properties": {
        "@id": "node/4295605208",
        "name": "龜灣",
        "tourism": "viewpoint"
      },
      "geometry": {
        "type": "Point",
        "coordinates": [
          121.4830754,
          22.6446575
        ]
      },
      "id": "node/4295605208"
    },
    {
      "type": "Feature",
      "properties": {
        "@id": "node/4295605210",
        "name": "龍蝦洞",
        "tourism": "viewpoint"
      },
      "geometry": {
        "type": "Point",
        "coordinates": [
          121.4902428,
          22.6413284
        ]
      },
      "id": "node/4295605210"
    },
    {
      "type": "Feature",
      "properties": {
        "@id": "node/4295605211",
        "name": "水底教堂",
        "tourism": "viewpoint"
      },
      "geometry": {
        "type": "Point",
        "coordinates": [
          121.4921244,
          22.6392791
        ]
      },
      "id": "node/4295605211"
    },
    {
      "type": "Feature",
      "properties": {
        "@id": "node/4296527956",
        "name": "帆船鼻",
        "tourism": "viewpoint"
      },
      "geometry": {
        "type": "Point",
        "coordinates": [
          121.5071894,
          22.6350695
        ]
      },
      "id": "node/4296527956"
    },
    {
      "type": "Feature",
      "properties": {
        "@id": "node/4296528416",
        "name": "柴口",
        "tourism": "viewpoint"
      },
      "geometry": {
        "type": "Point",
        "coordinates": [
          121.4832634,
          22.6766773
        ]
      },
      "id": "node/4296528416"
    },
    {
      "type": "Feature",
      "properties": {
        "@id": "node/4296619813",
        "name": "孔子岩",
        "tourism": "viewpoint"
      },
      "geometry": {
        "type": "Point",
        "coordinates": [
          121.5057951,
          22.6521352
        ]
      },
      "id": "node/4296619813"
    },
    {
      "type": "Feature",
      "properties": {
        "@id": "node/4297625801",
        "name": "臥龍谷",
        "tourism": "viewpoint"
      },
      "geometry": {
        "type": "Point",
        "coordinates": [
          120.6636192,
          23.5092193
        ]
      },
      "id": "node/4297625801"
    },
    {
      "type": "Feature",
      "properties": {
        "@id": "node/4298612046",
        "name": "酬勤水庫",
        "tourism": "viewpoint"
      },
      "geometry": {
        "type": "Point",
        "coordinates": [
          121.5008226,
          22.672712
        ]
      },
      "id": "node/4298612046"
    },
    {
      "type": "Feature",
      "properties": {
        "@id": "node/4298612152",
        "name": "牛頭山",
        "tourism": "viewpoint"
      },
      "geometry": {
        "type": "Point",
        "coordinates": [
          121.5079514,
          22.676948
        ]
      },
      "id": "node/4298612152"
    },
    {
      "type": "Feature",
      "properties": {
        "@id": "node/4306100532",
        "name": "巧雲小棧",
        "tourism": "viewpoint"
      },
      "geometry": {
        "type": "Point",
        "coordinates": [
          120.6279263,
          23.5514809
        ]
      },
      "id": "node/4306100532"
    },
    {
      "type": "Feature",
      "properties": {
        "@id": "node/4312164200",
        "name": "百年綠色隧道(樟樹)",
        "tourism": "viewpoint"
      },
      "geometry": {
        "type": "Point",
        "coordinates": [
          121.5240127,
          24.5956629
        ]
      },
      "id": "node/4312164200"
    },
    {
      "type": "Feature",
      "properties": {
        "@id": "node/4312164201",
        "name": "被遺忘的部落",
        "tourism": "viewpoint"
      },
      "geometry": {
        "type": "Point",
        "coordinates": [
          121.5476484,
          24.6150512
        ]
      },
      "id": "node/4312164201"
    },
    {
      "type": "Feature",
      "properties": {
        "@id": "node/4312828375",
        "name": "誠石",
        "tourism": "viewpoint"
      },
      "geometry": {
        "type": "Point",
        "coordinates": [
          121.5607876,
          24.9981088
        ]
      },
      "id": "node/4312828375"
    },
    {
      "type": "Feature",
      "properties": {
        "@id": "node/4315769192",
        "name": "八通關西峰展望",
        "tourism": "viewpoint"
      },
      "geometry": {
        "type": "Point",
        "coordinates": [
          121.0033766,
          23.489456
        ]
      },
      "id": "node/4315769192"
    },
    {
      "type": "Feature",
      "properties": {
        "@id": "node/4326621891",
        "name": "活力健康農場",
        "tourism": "viewpoint"
      },
      "geometry": {
        "type": "Point",
        "coordinates": [
          121.1102141,
          24.9547513
        ]
      },
      "id": "node/4326621891"
    },
    {
      "type": "Feature",
      "properties": {
        "@id": "node/4327979790",
        "name": "觀魚平臺",
        "tourism": "viewpoint"
      },
      "geometry": {
        "type": "Point",
        "coordinates": [
          121.3102499,
          24.373093
        ]
      },
      "id": "node/4327979790"
    },
    {
      "type": "Feature",
      "properties": {
        "@id": "node/4340568720",
        "name": "賞鳥平台",
        "tourism": "viewpoint"
      },
      "geometry": {
        "type": "Point",
        "coordinates": [
          121.5348369,
          25.0310357
        ]
      },
      "id": "node/4340568720"
    },
    {
      "type": "Feature",
      "properties": {
        "@id": "node/4340568739",
        "name": "賞鳥平台",
        "tourism": "viewpoint"
      },
      "geometry": {
        "type": "Point",
        "coordinates": [
          121.5344818,
          25.0319702
        ]
      },
      "id": "node/4340568739"
    },
    {
      "type": "Feature",
      "properties": {
        "@id": "node/4345264793",
        "name": "燕子崖",
        "tourism": "viewpoint"
      },
      "geometry": {
        "type": "Point",
        "coordinates": [
          120.6654116,
          23.5349996
        ]
      },
      "id": "node/4345264793"
    },
    {
      "type": "Feature",
      "properties": {
        "@id": "node/4345264794",
        "name": "蝙蝠洞",
        "tourism": "viewpoint"
      },
      "geometry": {
        "type": "Point",
        "coordinates": [
          120.6651899,
          23.5350598
        ]
      },
      "id": "node/4345264794"
    },
    {
      "type": "Feature",
      "properties": {
        "@id": "node/4345345571",
        "name": "植物園",
        "tourism": "viewpoint"
      },
      "geometry": {
        "type": "Point",
        "coordinates": [
          120.6594921,
          23.5246934
        ]
      },
      "id": "node/4345345571"
    },
    {
      "type": "Feature",
      "properties": {
        "@id": "node/4345345572",
        "name": "心湖",
        "tourism": "viewpoint"
      },
      "geometry": {
        "type": "Point",
        "coordinates": [
          120.6588797,
          23.528045
        ]
      },
      "id": "node/4345345572"
    },
    {
      "type": "Feature",
      "properties": {
        "@id": "node/4345347736",
        "name": "南天巨屏",
        "tourism": "viewpoint"
      },
      "geometry": {
        "type": "Point",
        "coordinates": [
          120.6719879,
          23.5543743
        ]
      },
      "id": "node/4345347736"
    },
    {
      "type": "Feature",
      "properties": {
        "@id": "node/4345347849",
        "name": "海鼠山觀景樓",
        "tourism": "viewpoint"
      },
      "geometry": {
        "type": "Point",
        "coordinates": [
          120.6790527,
          23.5595474
        ]
      },
      "id": "node/4345347849"
    },
    {
      "type": "Feature",
      "properties": {
        "@id": "node/4345349456",
        "name": "柴巃古道",
        "tourism": "viewpoint"
      },
      "geometry": {
        "type": "Point",
        "coordinates": [
          120.6727247,
          23.5531909
        ]
      },
      "id": "node/4345349456"
    },
    {
      "type": "Feature",
      "properties": {
        "@id": "node/4345349457",
        "name": "進學古道",
        "tourism": "viewpoint"
      },
      "geometry": {
        "type": "Point",
        "coordinates": [
          120.6698376,
          23.5519128
        ]
      },
      "id": "node/4345349457"
    },
    {
      "type": "Feature",
      "properties": {
        "@id": "node/4345349458",
        "name": "野薑花溪步道",
        "tourism": "viewpoint"
      },
      "geometry": {
        "type": "Point",
        "coordinates": [
          120.6860847,
          23.5448174
        ]
      },
      "id": "node/4345349458"
    },
    {
      "type": "Feature",
      "properties": {
        "@id": "node/4345349459",
        "name": "竹坑溪步道36.5K入口",
        "tourism": "viewpoint"
      },
      "geometry": {
        "type": "Point",
        "coordinates": [
          120.6703292,
          23.5542241
        ]
      },
      "id": "node/4345349459"
    },
    {
      "type": "Feature",
      "properties": {
        "@id": "node/4345349460",
        "name": "竹坑溪步道30K入口",
        "tourism": "viewpoint"
      },
      "geometry": {
        "type": "Point",
        "coordinates": [
          120.6510526,
          23.5619178
        ]
      },
      "id": "node/4345349460"
    },
    {
      "type": "Feature",
      "properties": {
        "@id": "node/4345353921",
        "name": "草嶺潭觀景平台",
        "tourism": "viewpoint"
      },
      "geometry": {
        "type": "Point",
        "coordinates": [
          120.6589286,
          23.5648962
        ]
      },
      "id": "node/4345353921"
    },
    {
      "type": "Feature",
      "properties": {
        "@id": "node/4345354533",
        "name": "野薑花溪步道",
        "tourism": "viewpoint"
      },
      "geometry": {
        "type": "Point",
        "coordinates": [
          120.6736488,
          23.5501492
        ]
      },
      "id": "node/4345354533"
    },
    {
      "type": "Feature",
      "properties": {
        "@id": "node/4345354534",
        "name": "綠色隧道",
        "tourism": "viewpoint"
      },
      "geometry": {
        "type": "Point",
        "coordinates": [
          120.6813524,
          23.5433047
        ]
      },
      "id": "node/4345354534"
    },
    {
      "type": "Feature",
      "properties": {
        "@id": "node/4345354535",
        "name": "綠色隧道",
        "tourism": "viewpoint"
      },
      "geometry": {
        "type": "Point",
        "coordinates": [
          120.6694075,
          23.5421962
        ]
      },
      "id": "node/4345354535"
    },
    {
      "type": "Feature",
      "properties": {
        "@id": "node/4345355854",
        "description": "望風斷崖",
        "name": "太平觀景斷崖",
        "tourism": "viewpoint"
      },
      "geometry": {
        "type": "Point",
        "coordinates": [
          120.5988583,
          23.5635429
        ]
      },
      "id": "node/4345355854"
    },
    {
      "type": "Feature",
      "properties": {
        "@id": "node/4345357489",
        "name": "太平老街",
        "tourism": "viewpoint"
      },
      "geometry": {
        "type": "Point",
        "coordinates": [
          120.6039825,
          23.560764
        ]
      },
      "id": "node/4345357489"
    },
    {
      "type": "Feature",
      "properties": {
        "@id": "node/4345357490",
        "name": "碧湖山觀光茶園",
        "tourism": "viewpoint"
      },
      "geometry": {
        "type": "Point",
        "coordinates": [
          120.6222082,
          23.5696763
        ]
      },
      "id": "node/4345357490"
    },
    {
      "type": "Feature",
      "properties": {
        "@id": "node/4345367740",
        "name": "太興岩步道",
        "tourism": "viewpoint"
      },
      "geometry": {
        "type": "Point",
        "coordinates": [
          120.6352793,
          23.5363688
        ]
      },
      "id": "node/4345367740"
    },
    {
      "type": "Feature",
      "properties": {
        "@id": "node/4345405741",
        "name": "青年嶺步道",
        "tourism": "viewpoint"
      },
      "geometry": {
        "type": "Point",
        "coordinates": [
          120.6578332,
          23.5340809
        ]
      },
      "id": "node/4345405741"
    },
    {
      "type": "Feature",
      "properties": {
        "@id": "node/4345406813",
        "name": "青年嶺步道",
        "tourism": "viewpoint"
      },
      "geometry": {
        "type": "Point",
        "coordinates": [
          120.6646892,
          23.5393394
        ]
      },
      "id": "node/4345406813"
    },
    {
      "type": "Feature",
      "properties": {
        "@id": "node/4346629014",
        "name": "望瀧橋",
        "tourism": "viewpoint"
      },
      "geometry": {
        "type": "Point",
        "coordinates": [
          120.6591181,
          23.5576062
        ]
      },
      "id": "node/4346629014"
    },
    {
      "type": "Feature",
      "properties": {
        "@id": "node/4352613077",
        "name": "青龍瀑布",
        "tourism": "viewpoint"
      },
      "geometry": {
        "type": "Point",
        "coordinates": [
          120.6368271,
          23.5769126
        ]
      },
      "id": "node/4352613077"
    },
    {
      "type": "Feature",
      "properties": {
        "@id": "node/4358931817",
        "name": "高田觀景台",
        "tourism": "viewpoint"
      },
      "geometry": {
        "type": "Point",
        "coordinates": [
          121.2381277,
          24.6496729
        ]
      },
      "id": "node/4358931817"
    },
    {
      "type": "Feature",
      "properties": {
        "@id": "node/4359589001",
        "name": "石厝",
        "tourism": "viewpoint"
      },
      "geometry": {
        "type": "Point",
        "coordinates": [
          120.6717051,
          23.5506584
        ]
      },
      "id": "node/4359589001"
    },
    {
      "type": "Feature",
      "properties": {
        "@id": "node/4391547389",
        "name": "鋸齒堰",
        "name:zh": "鋸齒堰",
        "tourism": "viewpoint"
      },
      "geometry": {
        "type": "Point",
        "coordinates": [
          120.7814336,
          24.341388
        ]
      },
      "id": "node/4391547389"
    },
    {
      "type": "Feature",
      "properties": {
        "@id": "node/4391547390",
        "name": "水簾洞C形髮夾彎",
        "name:zh": "水簾洞C形髮夾彎",
        "tourism": "viewpoint"
      },
      "geometry": {
        "type": "Point",
        "coordinates": [
          121.8690805,
          25.122453
        ]
      },
      "id": "node/4391547390"
    },
    {
      "type": "Feature",
      "properties": {
        "@id": "node/4392903892",
        "name": "萬里拳頭石",
        "name:zh": "萬里拳頭石",
        "tourism": "viewpoint"
      },
      "geometry": {
        "type": "Point",
        "coordinates": [
          121.7007553,
          25.1792229
        ]
      },
      "id": "node/4392903892"
    },
    {
      "type": "Feature",
      "properties": {
        "@id": "node/4393090289",
        "name": "三峰鄉賞銀河點",
        "name:zh": "三峰鄉賞銀河點",
        "tourism": "viewpoint"
      },
      "geometry": {
        "type": "Point",
        "coordinates": [
          120.9892839,
          24.7060327
        ]
      },
      "id": "node/4393090289"
    },
    {
      "type": "Feature",
      "properties": {
        "@id": "node/4396332078",
        "name": "好望角",
        "tourism": "viewpoint"
      },
      "geometry": {
        "type": "Point",
        "coordinates": [
          120.7268495,
          23.6011475
        ]
      },
      "id": "node/4396332078"
    },
    {
      "type": "Feature",
      "properties": {
        "@id": "node/4396980968",
        "name": "瑞太古道",
        "tourism": "viewpoint"
      },
      "geometry": {
        "type": "Point",
        "coordinates": [
          120.6833954,
          23.543265
        ]
      },
      "id": "node/4396980968"
    },
    {
      "type": "Feature",
      "properties": {
        "@id": "node/4397688464",
        "name": "觀景台",
        "tourism": "viewpoint"
      },
      "geometry": {
        "type": "Point",
        "coordinates": [
          120.6997135,
          23.5054954
        ]
      },
      "id": "node/4397688464"
    },
    {
      "type": "Feature",
      "properties": {
        "@id": "node/4397688465",
        "disused:amenity": "place_of_worship",
        "historic": "ruins",
        "mapillary": "193323369306243",
        "name": "日本神社遺址",
        "name:en": "Fenqihu Shinto Shrine",
        "name:zh": "日本神社遺址",
        "tourism": "viewpoint"
      },
      "geometry": {
        "type": "Point",
        "coordinates": [
          120.6970821,
          23.5068832
        ]
      },
      "id": "node/4397688465"
    },
    {
      "type": "Feature",
      "properties": {
        "@id": "node/4397688466",
        "name": "鹿鼎巨木",
        "natural": "tree",
        "tourism": "viewpoint"
      },
      "geometry": {
        "type": "Point",
        "coordinates": [
          120.6968035,
          23.5076658
        ]
      },
      "id": "node/4397688466"
    },
    {
      "type": "Feature",
      "properties": {
        "@id": "node/4404482707",
        "name": "南寮",
        "name:zh": "南寮",
        "tourism": "viewpoint"
      },
      "geometry": {
        "type": "Point",
        "coordinates": [
          120.9288946,
          24.8496212
        ]
      },
      "id": "node/4404482707"
    },
    {
      "type": "Feature",
      "properties": {
        "@id": "node/4414795805",
        "name": "慈雲觀景",
        "tourism": "viewpoint"
      },
      "geometry": {
        "type": "Point",
        "coordinates": [
          120.8080648,
          23.516048
        ]
      },
      "id": "node/4414795805"
    },
    {
      "type": "Feature",
      "properties": {
        "@id": "node/4414801212",
        "name": "小笠原觀景台",
        "tourism": "viewpoint"
      },
      "geometry": {
        "type": "Point",
        "coordinates": [
          120.8238184,
          23.5061618
        ]
      },
      "id": "node/4414801212"
    },
    {
      "type": "Feature",
      "properties": {
        "@id": "node/4414801352",
        "name": "雲海",
        "name:en": "Cloud Sea",
        "name:zh": "雲海",
        "tourism": "viewpoint"
      },
      "geometry": {
        "type": "Point",
        "coordinates": [
          120.8068841,
          23.5171949
        ]
      },
      "id": "node/4414801352"
    },
    {
      "type": "Feature",
      "properties": {
        "@id": "node/4417815224",
        "name": "觀日落平台",
        "tourism": "viewpoint"
      },
      "geometry": {
        "type": "Point",
        "coordinates": [
          120.6934689,
          23.524663
        ]
      },
      "id": "node/4417815224"
    },
    {
      "type": "Feature",
      "properties": {
        "@id": "node/4418896553",
        "name": "悶材窯",
        "tourism": "viewpoint"
      },
      "geometry": {
        "type": "Point",
        "coordinates": [
          120.6949694,
          23.5076838
        ]
      },
      "id": "node/4418896553"
    },
    {
      "type": "Feature",
      "properties": {
        "@id": "node/4418911702",
        "name": "大凍山國家步道",
        "tourism": "viewpoint"
      },
      "geometry": {
        "type": "Point",
        "coordinates": [
          120.712093,
          23.4999769
        ]
      },
      "id": "node/4418911702"
    },
    {
      "type": "Feature",
      "properties": {
        "@id": "node/4419888082",
        "name": "四方竹林",
        "tourism": "viewpoint"
      },
      "geometry": {
        "type": "Point",
        "coordinates": [
          120.6942872,
          23.5051789
        ]
      },
      "id": "node/4419888082"
    },
    {
      "type": "Feature",
      "properties": {
        "@id": "node/4431976558",
        "historic": "ruins",
        "name": "望高樓遺址",
        "tourism": "viewpoint"
      },
      "geometry": {
        "type": "Point",
        "coordinates": [
          121.4075925,
          25.1861822
        ]
      },
      "id": "node/4431976558"
    },
    {
      "type": "Feature",
      "properties": {
        "@id": "node/4432472054",
        "name": "水火同源",
        "tourism": "viewpoint"
      },
      "geometry": {
        "type": "Point",
        "coordinates": [
          120.8532097,
          23.7837408
        ]
      },
      "id": "node/4432472054"
    },
    {
      "type": "Feature",
      "properties": {
        "@id": "node/4440269021",
        "amenity": "shelter",
        "building": "roof",
        "name": "民和亭",
        "tourism": "viewpoint"
      },
      "geometry": {
        "type": "Point",
        "coordinates": [
          121.3798524,
          24.9771299
        ]
      },
      "id": "node/4440269021"
    },
    {
      "type": "Feature",
      "properties": {
        "@id": "node/4449162890",
        "name": "台積2廠",
        "name:en": "TSMC",
        "name:zh": "台積2廠",
        "tourism": "viewpoint"
      },
      "geometry": {
        "type": "Point",
        "coordinates": [
          120.9982605,
          24.7741135
        ]
      },
      "id": "node/4449162890"
    },
    {
      "type": "Feature",
      "properties": {
        "@id": "node/4460261784",
        "name": "牛樟巨木",
        "tourism": "viewpoint"
      },
      "geometry": {
        "type": "Point",
        "coordinates": [
          120.7200037,
          23.4925612
        ]
      },
      "id": "node/4460261784"
    },
    {
      "type": "Feature",
      "properties": {
        "@id": "node/4460263317",
        "name": "觀音石",
        "tourism": "viewpoint"
      },
      "geometry": {
        "type": "Point",
        "coordinates": [
          120.7220972,
          23.4914812
        ]
      },
      "id": "node/4460263317"
    },
    {
      "type": "Feature",
      "properties": {
        "@id": "node/4461118298",
        "name": "三角椅",
        "tourism": "viewpoint"
      },
      "geometry": {
        "type": "Point",
        "coordinates": [
          120.7137425,
          23.4964526
        ]
      },
      "id": "node/4461118298"
    },
    {
      "type": "Feature",
      "properties": {
        "@id": "node/4461118300",
        "name": "石獅象",
        "tourism": "viewpoint"
      },
      "geometry": {
        "type": "Point",
        "coordinates": [
          120.7161411,
          23.4965122
        ]
      },
      "id": "node/4461118300"
    },
    {
      "type": "Feature",
      "properties": {
        "@id": "node/4461118331",
        "name": "回頭嶺",
        "tourism": "viewpoint"
      },
      "geometry": {
        "type": "Point",
        "coordinates": [
          120.7057214,
          23.4957296
        ]
      },
      "id": "node/4461118331"
    },
    {
      "type": "Feature",
      "properties": {
        "@id": "node/4461118332",
        "name": "十八羅漢洞",
        "tourism": "viewpoint"
      },
      "geometry": {
        "type": "Point",
        "coordinates": [
          120.7048694,
          23.4949573
        ]
      },
      "id": "node/4461118332"
    },
    {
      "type": "Feature",
      "properties": {
        "@id": "node/4461122374",
        "name": "大凍山觀景平台",
        "tourism": "viewpoint"
      },
      "geometry": {
        "type": "Point",
        "coordinates": [
          120.7198818,
          23.497896
        ]
      },
      "id": "node/4461122374"
    },
    {
      "type": "Feature",
      "properties": {
        "@id": "node/4461123511",
        "name": "樹同盟",
        "tourism": "viewpoint"
      },
      "geometry": {
        "type": "Point",
        "coordinates": [
          120.7168212,
          23.5010411
        ]
      },
      "id": "node/4461123511"
    },
    {
      "type": "Feature",
      "properties": {
        "@id": "node/4461338652",
        "name": "大榕樹平台",
        "tourism": "viewpoint"
      },
      "geometry": {
        "type": "Point",
        "coordinates": [
          121.3685359,
          24.976142
        ]
      },
      "id": "node/4461338652"
    },
    {
      "type": "Feature",
      "properties": {
        "@id": "node/4464251097",
        "access": "no",
        "description": "封閉至2024年底",
        "name": "觀景台",
        "name:en": "Observatory",
        "name:zh": "觀景台",
        "tourism": "viewpoint"
      },
      "geometry": {
        "type": "Point",
        "coordinates": [
          121.5503256,
          25.0644033
        ]
      },
      "id": "node/4464251097"
    },
    {
      "type": "Feature",
      "properties": {
        "@id": "node/4486871900",
        "name": "水水古道",
        "tourism": "viewpoint"
      },
      "geometry": {
        "type": "Point",
        "coordinates": [
          120.6439176,
          23.498515
        ]
      },
      "id": "node/4486871900"
    },
    {
      "type": "Feature",
      "properties": {
        "@id": "node/4496779326",
        "name": "情人谷",
        "tourism": "viewpoint"
      },
      "geometry": {
        "type": "Point",
        "coordinates": [
          120.7791515,
          23.5581952
        ]
      },
      "id": "node/4496779326"
    },
    {
      "type": "Feature",
      "properties": {
        "@id": "node/4496779327",
        "name": "石夢谷",
        "tourism": "viewpoint"
      },
      "geometry": {
        "type": "Point",
        "coordinates": [
          120.7782175,
          23.5559671
        ]
      },
      "id": "node/4496779327"
    },
    {
      "type": "Feature",
      "properties": {
        "@id": "node/4533188664",
        "name": "魔神仔洞",
        "tourism": "viewpoint"
      },
      "geometry": {
        "type": "Point",
        "coordinates": [
          121.7189623,
          25.0322572
        ]
      },
      "id": "node/4533188664"
    },
    {
      "type": "Feature",
      "properties": {
        "@id": "node/4538841849",
        "name": "杜仔湖步道",
        "tourism": "viewpoint"
      },
      "geometry": {
        "type": "Point",
        "coordinates": [
          120.7199538,
          23.5047475
        ]
      },
      "id": "node/4538841849"
    },
    {
      "type": "Feature",
      "properties": {
        "@id": "node/4550083046",
        "name": "太師椅",
        "tourism": "viewpoint"
      },
      "geometry": {
        "type": "Point",
        "coordinates": [
          120.5911067,
          23.240859
        ]
      },
      "id": "node/4550083046"
    },
    {
      "type": "Feature",
      "properties": {
        "@id": "node/4571539759",
        "description": "風景好，可見石門水庫。",
        "ele": "400",
        "name": "牛背岩",
        "tourism": "viewpoint"
      },
      "geometry": {
        "type": "Point",
        "coordinates": [
          121.2792613,
          24.8023113
        ]
      },
      "id": "node/4571539759"
    },
    {
      "type": "Feature",
      "properties": {
        "@id": "node/4584726593",
        "name": "中正路",
        "name:zh": "中正路",
        "tourism": "viewpoint"
      },
      "geometry": {
        "type": "Point",
        "coordinates": [
          120.4833975,
          23.1782199
        ]
      },
      "id": "node/4584726593"
    },
    {
      "type": "Feature",
      "properties": {
        "@id": "node/4589116195",
        "name": "防空洞",
        "tourism": "viewpoint"
      },
      "geometry": {
        "type": "Point",
        "coordinates": [
          120.7233107,
          23.4907645
        ]
      },
      "id": "node/4589116195"
    },
    {
      "type": "Feature",
      "properties": {
        "@id": "node/4589116196",
        "name": "峭壁雄風",
        "tourism": "viewpoint"
      },
      "geometry": {
        "type": "Point",
        "coordinates": [
          120.723198,
          23.4903205
        ]
      },
      "id": "node/4589116196"
    },
    {
      "type": "Feature",
      "properties": {
        "@id": "node/4589116198",
        "name": "鐵達尼石",
        "tourism": "viewpoint"
      },
      "geometry": {
        "type": "Point",
        "coordinates": [
          120.7230619,
          23.4900158
        ]
      },
      "id": "node/4589116198"
    },
    {
      "type": "Feature",
      "properties": {
        "@id": "node/4592200869",
        "amenity": "shelter",
        "name": "鯉魚山觀景台",
        "tourism": "viewpoint"
      },
      "geometry": {
        "type": "Point",
        "coordinates": [
          121.5206506,
          23.9190766
        ]
      },
      "id": "node/4592200869"
    },
    {
      "type": "Feature",
      "properties": {
        "@id": "node/4592304505",
        "direction": "SE",
        "name": "觀景平台",
        "tourism": "viewpoint"
      },
      "geometry": {
        "type": "Point",
        "coordinates": [
          121.543631,
          23.812901
        ]
      },
      "id": "node/4592304505"
    },
    {
      "type": "Feature",
      "properties": {
        "@id": "node/4599304880",
        "historic": "ruins",
        "man_made": "kiln",
        "name": "台泥百年石灰窯",
        "tourism": "viewpoint"
      },
      "geometry": {
        "type": "Point",
        "coordinates": [
          120.2750502,
          22.6442133
        ]
      },
      "id": "node/4599304880"
    },
    {
      "type": "Feature",
      "properties": {
        "@id": "node/4599312534",
        "name": "天長斷崖",
        "tourism": "viewpoint",
        "wikidata": "Q24833626",
        "wikipedia": "zh:天長斷崖"
      },
      "geometry": {
        "type": "Point",
        "coordinates": [
          121.3554032,
          24.0304769
        ]
      },
      "id": "node/4599312534"
    },
    {
      "type": "Feature",
      "properties": {
        "@id": "node/4605352548",
        "name": "雙龍瀑布",
        "tourism": "viewpoint"
      },
      "geometry": {
        "type": "Point",
        "coordinates": [
          121.577023,
          24.1167838
        ]
      },
      "id": "node/4605352548"
    },
    {
      "type": "Feature",
      "properties": {
        "@id": "node/4605366340",
        "name": "金剛瀑布",
        "tourism": "viewpoint"
      },
      "geometry": {
        "type": "Point",
        "coordinates": [
          121.7696895,
          24.5127544
        ]
      },
      "id": "node/4605366340"
    },
    {
      "type": "Feature",
      "properties": {
        "@id": "node/4627947169",
        "name": "鯉首觀景平台",
        "name:en": "Lishou Scenic Platform",
        "tourism": "viewpoint"
      },
      "geometry": {
        "type": "Point",
        "coordinates": [
          121.1411353,
          22.756332
        ]
      },
      "id": "node/4627947169"
    },
    {
      "type": "Feature",
      "properties": {
        "@id": "node/4627947170",
        "name": "鯉眼觀景平台",
        "tourism": "viewpoint"
      },
      "geometry": {
        "type": "Point",
        "coordinates": [
          121.1413879,
          22.7556746
        ]
      },
      "id": "node/4627947170"
    },
    {
      "type": "Feature",
      "properties": {
        "@id": "node/4631787894",
        "name": "觀景平台",
        "tourism": "viewpoint"
      },
      "geometry": {
        "type": "Point",
        "coordinates": [
          121.1978191,
          22.7955131
        ]
      },
      "id": "node/4631787894"
    },
    {
      "type": "Feature",
      "properties": {
        "@id": "node/4634916675",
        "name": "枕頭山觀景台",
        "tourism": "viewpoint"
      },
      "geometry": {
        "type": "Point",
        "coordinates": [
          120.4869841,
          23.3287031
        ]
      },
      "id": "node/4634916675"
    },
    {
      "type": "Feature",
      "properties": {
        "@id": "node/4635237948",
        "name": "全安宮牌樓",
        "tourism": "viewpoint"
      },
      "geometry": {
        "type": "Point",
        "coordinates": [
          120.2869563,
          23.8475827
        ]
      },
      "id": "node/4635237948"
    },
    {
      "type": "Feature",
      "properties": {
        "@id": "node/4654972020",
        "name": "瀑布觀景台",
        "tourism": "viewpoint"
      },
      "geometry": {
        "type": "Point",
        "coordinates": [
          120.799133,
          23.7328161
        ]
      },
      "id": "node/4654972020"
    },
    {
      "type": "Feature",
      "properties": {
        "@id": "node/4664846691",
        "name": "水簾橋",
        "name:zh": "水簾橋",
        "tourism": "viewpoint"
      },
      "geometry": {
        "type": "Point",
        "coordinates": [
          121.0246582,
          24.6561028
        ]
      },
      "id": "node/4664846691"
    },
    {
      "type": "Feature",
      "properties": {
        "@id": "node/4681076019",
        "name": "天然混凝土大石塊",
        "tourism": "viewpoint"
      },
      "geometry": {
        "type": "Point",
        "coordinates": [
          121.7986903,
          24.4312639
        ]
      },
      "id": "node/4681076019"
    },
    {
      "type": "Feature",
      "properties": {
        "@id": "node/4681076020",
        "name": "皺褶岩理石壁",
        "tourism": "viewpoint"
      },
      "geometry": {
        "type": "Point",
        "coordinates": [
          121.7979471,
          24.4294412
        ]
      },
      "id": "node/4681076020"
    },
    {
      "type": "Feature",
      "properties": {
        "@id": "node/4682730603",
        "name": "銀絲瀑布",
        "tourism": "viewpoint"
      },
      "geometry": {
        "type": "Point",
        "coordinates": [
          121.840636,
          25.0996204
        ]
      },
      "id": "node/4682730603"
    },
    {
      "type": "Feature",
      "properties": {
        "@id": "node/4682733922",
        "name": "觀音海岸自然保護區解說牌0.5K",
        "tourism": "viewpoint"
      },
      "geometry": {
        "type": "Point",
        "coordinates": [
          121.8020401,
          24.4372326
        ]
      },
      "id": "node/4682733922"
    },
    {
      "type": "Feature",
      "properties": {
        "@id": "node/4685185120",
        "direction": "135",
        "name": "遠眺翡翠水庫",
        "tourism": "viewpoint"
      },
      "geometry": {
        "type": "Point",
        "coordinates": [
          121.57656,
          24.9203321
        ]
      },
      "id": "node/4685185120"
    },
    {
      "type": "Feature",
      "properties": {
        "@id": "node/4687105701",
        "name": "北山蚵田",
        "tourism": "viewpoint"
      },
      "geometry": {
        "type": "Point",
        "coordinates": [
          118.3043549,
          24.4859634
        ]
      },
      "id": "node/4687105701"
    },
    {
      "type": "Feature",
      "properties": {
        "@id": "node/4695445578",
        "name": "第三觀景台",
        "tourism": "viewpoint"
      },
      "geometry": {
        "type": "Point",
        "coordinates": [
          121.545798,
          23.9634115
        ]
      },
      "id": "node/4695445578"
    },
    {
      "type": "Feature",
      "properties": {
        "@id": "node/4695445582",
        "building": "shelter",
        "name": "第四觀景台",
        "shelter_type": "sun_shelter",
        "tourism": "viewpoint"
      },
      "geometry": {
        "type": "Point",
        "coordinates": [
          121.5484008,
          23.9684405
        ]
      },
      "id": "node/4695445582"
    },
    {
      "type": "Feature",
      "properties": {
        "@id": "node/4695585980",
        "amenity": "shelter",
        "name": "第九觀景台",
        "shelter_type": "sun_shelter",
        "tourism": "viewpoint"
      },
      "geometry": {
        "type": "Point",
        "coordinates": [
          121.5475143,
          23.9821398
        ]
      },
      "id": "node/4695585980"
    },
    {
      "type": "Feature",
      "properties": {
        "@id": "node/4714596433",
        "name": "噍吧哖紀念碑",
        "tourism": "viewpoint"
      },
      "geometry": {
        "type": "Point",
        "coordinates": [
          120.5362657,
          23.0583788
        ]
      },
      "id": "node/4714596433"
    },
    {
      "type": "Feature",
      "properties": {
        "@id": "node/4721367153",
        "name": "攔沙壩",
        "tourism": "viewpoint"
      },
      "geometry": {
        "type": "Point",
        "coordinates": [
          120.8379929,
          22.068888
        ]
      },
      "id": "node/4721367153"
    },
    {
      "type": "Feature",
      "properties": {
        "@id": "node/4721367154",
        "name": "廢水泥門柱",
        "tourism": "viewpoint"
      },
      "geometry": {
        "type": "Point",
        "coordinates": [
          120.8357167,
          22.0707094
        ]
      },
      "id": "node/4721367154"
    },
    {
      "type": "Feature",
      "properties": {
        "@id": "node/4721367180",
        "name": "電桿南山分82",
        "tourism": "viewpoint"
      },
      "geometry": {
        "type": "Point",
        "coordinates": [
          120.8421083,
          22.0685971
        ]
      },
      "id": "node/4721367180"
    },
    {
      "type": "Feature",
      "properties": {
        "@id": "node/4722106545",
        "name": "牛角聚落",
        "tourism": "viewpoint",
        "wheelchair": "no"
      },
      "geometry": {
        "type": "Point",
        "coordinates": [
          119.9527512,
          26.1637603
        ]
      },
      "id": "node/4722106545"
    },
    {
      "type": "Feature",
      "properties": {
        "@id": "node/4730159631",
        "name": "觀景台",
        "tourism": "viewpoint"
      },
      "geometry": {
        "type": "Point",
        "coordinates": [
          121.6032148,
          25.080602
        ]
      },
      "id": "node/4730159631"
    },
    {
      "type": "Feature",
      "properties": {
        "@id": "node/4735620369",
        "name": "65.8K台18",
        "tourism": "viewpoint"
      },
      "geometry": {
        "type": "Point",
        "coordinates": [
          120.7175679,
          23.477744
        ]
      },
      "id": "node/4735620369"
    },
    {
      "type": "Feature",
      "properties": {
        "@id": "node/4744477682",
        "name": "仙井瀑布",
        "tourism": "viewpoint"
      },
      "geometry": {
        "type": "Point",
        "coordinates": [
          120.6714428,
          23.4096565
        ]
      },
      "id": "node/4744477682"
    },
    {
      "type": "Feature",
      "properties": {
        "@id": "node/4744478212",
        "name": "仙井瀑布停車場",
        "tourism": "viewpoint"
      },
      "geometry": {
        "type": "Point",
        "coordinates": [
          120.6640846,
          23.420563
        ]
      },
      "id": "node/4744478212"
    },
    {
      "type": "Feature",
      "properties": {
        "@id": "node/4744478320",
        "name": "台18 53.9K",
        "tourism": "viewpoint"
      },
      "geometry": {
        "type": "Point",
        "coordinates": [
          120.6603629,
          23.4218101
        ]
      },
      "id": "node/4744478320"
    },
    {
      "type": "Feature",
      "properties": {
        "@id": "node/4782159121",
        "name": "土城翠湖",
        "name:en": "拍照翠鳥交配-4/8-4/15",
        "name:zh": "土城翠湖",
        "tourism": "viewpoint"
      },
      "geometry": {
        "type": "Point",
        "coordinates": [
          121.443731,
          24.9637218
        ]
      },
      "id": "node/4782159121"
    },
    {
      "type": "Feature",
      "properties": {
        "@id": "node/4783974821",
        "name": "迷洞",
        "tourism": "viewpoint"
      },
      "geometry": {
        "type": "Point",
        "coordinates": [
          121.0099892,
          24.6418063
        ]
      },
      "id": "node/4783974821"
    },
    {
      "type": "Feature",
      "properties": {
        "@id": "node/4783974844",
        "name": "新竹縣苗栗縣界碑",
        "tourism": "viewpoint"
      },
      "geometry": {
        "type": "Point",
        "coordinates": [
          121.0108697,
          24.6435867
        ]
      },
      "id": "node/4783974844"
    },
    {
      "type": "Feature",
      "properties": {
        "@id": "node/4797902171",
        "name": "彩虹瀑布",
        "tourism": "viewpoint"
      },
      "geometry": {
        "type": "Point",
        "coordinates": [
          121.3869809,
          24.626058
        ]
      },
      "id": "node/4797902171"
    },
    {
      "type": "Feature",
      "properties": {
        "@id": "node/4797902172",
        "name": "三疊瀑布",
        "tourism": "viewpoint"
      },
      "geometry": {
        "type": "Point",
        "coordinates": [
          121.3909734,
          24.6261136
        ]
      },
      "id": "node/4797902172"
    },
    {
      "type": "Feature",
      "properties": {
        "@id": "node/4800219701",
        "name": "南雅海岸",
        "tourism": "viewpoint"
      },
      "geometry": {
        "type": "Point",
        "coordinates": [
          121.8989048,
          25.1197595
        ]
      },
      "id": "node/4800219701"
    },
    {
      "type": "Feature",
      "properties": {
        "@id": "node/4805827700",
        "name": "金面棧台",
        "tourism": "viewpoint"
      },
      "geometry": {
        "type": "Point",
        "coordinates": [
          121.7752596,
          24.864851
        ]
      },
      "id": "node/4805827700"
    },
    {
      "type": "Feature",
      "properties": {
        "@id": "node/4813234825",
        "name": "大東濕地公園 水漾森林",
        "tourism": "viewpoint"
      },
      "geometry": {
        "type": "Point",
        "coordinates": [
          120.3647848,
          22.6279088
        ]
      },
      "id": "node/4813234825"
    },
    {
      "type": "Feature",
      "properties": {
        "@id": "node/4818061821",
        "name": "淡水河口-台北港-林口火力發電廠、西海岸、夕陽落海、賞鷹平台",
        "name:zh": "淡水河口-台北港-林口火力發電廠、西海岸、夕陽落海、賞鷹平台",
        "tourism": "viewpoint"
      },
      "geometry": {
        "type": "Point",
        "coordinates": [
          121.4141769,
          25.1312588
        ]
      },
      "id": "node/4818061821"
    },
    {
      "type": "Feature",
      "properties": {
        "@id": "node/4827933186",
        "name": "大屯山助航站觀景台",
        "tourism": "viewpoint"
      },
      "geometry": {
        "type": "Point",
        "coordinates": [
          121.5226623,
          25.1747102
        ]
      },
      "id": "node/4827933186"
    },
    {
      "type": "Feature",
      "properties": {
        "@id": "node/4829044234",
        "access": "private",
        "name": "番字洞",
        "natural": "cave_entrance",
        "tourism": "viewpoint"
      },
      "geometry": {
        "type": "Point",
        "coordinates": [
          121.7662767,
          25.1619631
        ]
      },
      "id": "node/4829044234"
    },
    {
      "type": "Feature",
      "properties": {
        "@id": "node/4830425190",
        "name": "台灣豬腳",
        "tourism": "viewpoint"
      },
      "geometry": {
        "type": "Point",
        "coordinates": [
          121.765713,
          25.1628588
        ]
      },
      "id": "node/4830425190"
    },
    {
      "type": "Feature",
      "properties": {
        "@id": "node/4835923693",
        "name": "甲仙大橋",
        "tourism": "viewpoint"
      },
      "geometry": {
        "type": "Point",
        "coordinates": [
          120.5862892,
          23.080983
        ]
      },
      "id": "node/4835923693"
    },
    {
      "type": "Feature",
      "properties": {
        "@id": "node/4839256324",
        "name": "小野柳",
        "name:zh": "小野柳",
        "tourism": "viewpoint"
      },
      "geometry": {
        "type": "Point",
        "coordinates": [
          121.6941902,
          25.2023113
        ]
      },
      "id": "node/4839256324"
    },
    {
      "type": "Feature",
      "properties": {
        "@id": "node/4839345622",
        "name": "觀音瀑布觀景",
        "name:en": "Guan Yin Waterfall Viewpoint",
        "name:zh": "觀音瀑布觀景",
        "tourism": "viewpoint"
      },
      "geometry": {
        "type": "Point",
        "coordinates": [
          121.0360959,
          23.9903234
        ]
      },
      "id": "node/4839345622"
    },
    {
      "type": "Feature",
      "properties": {
        "@id": "node/4845539627",
        "name": "池上浮圳",
        "name:en": "Irrigation system and rice paddies",
        "tourism": "viewpoint"
      },
      "geometry": {
        "type": "Point",
        "coordinates": [
          121.2132332,
          23.1029554
        ]
      },
      "id": "node/4845539627"
    },
    {
      "type": "Feature",
      "properties": {
        "@id": "node/4846780721",
        "name": "遠眺都蘭山",
        "name:en": "Beinan River and background mountains",
        "name:zh": "遠眺都蘭山",
        "tourism": "viewpoint"
      },
      "geometry": {
        "type": "Point",
        "coordinates": [
          121.1187477,
          22.8168914
        ]
      },
      "id": "node/4846780721"
    },
    {
      "type": "Feature",
      "properties": {
        "@id": "node/4846780821",
        "name": "觀景亭",
        "name:en": "View-tower 360 degrees",
        "name:zh": "觀景亭",
        "tourism": "viewpoint"
      },
      "geometry": {
        "type": "Point",
        "coordinates": [
          121.1162448,
          22.8181002
        ]
      },
      "id": "node/4846780821"
    },
    {
      "type": "Feature",
      "properties": {
        "@id": "node/4852608221",
        "name": "看埔里鎮",
        "name:zh": "看埔里鎮",
        "tourism": "viewpoint"
      },
      "geometry": {
        "type": "Point",
        "coordinates": [
          121.0218562,
          23.9172904
        ]
      },
      "id": "node/4852608221"
    },
    {
      "type": "Feature",
      "properties": {
        "@id": "node/4852622525",
        "name": "私人土地景點",
        "name:zh": "私人土地景點",
        "tourism": "viewpoint"
      },
      "geometry": {
        "type": "Point",
        "coordinates": [
          121.0302901,
          23.9174017
        ]
      },
      "id": "node/4852622525"
    },
    {
      "type": "Feature",
      "properties": {
        "@id": "node/4859039726",
        "name": "嵩山梯田觀景處",
        "tourism": "viewpoint"
      },
      "geometry": {
        "type": "Point",
        "coordinates": [
          121.566587,
          25.2442622
        ]
      },
      "id": "node/4859039726"
    },
    {
      "type": "Feature",
      "properties": {
        "@id": "node/4874193551",
        "name": "生態景觀台",
        "tourism": "viewpoint"
      },
      "geometry": {
        "type": "Point",
        "coordinates": [
          121.6750204,
          24.7912228
        ]
      },
      "id": "node/4874193551"
    },
    {
      "type": "Feature",
      "properties": {
        "@id": "node/4886679016",
        "name": "眺望臺",
        "tourism": "viewpoint"
      },
      "geometry": {
        "type": "Point",
        "coordinates": [
          121.5756976,
          24.9106167
        ]
      },
      "id": "node/4886679016"
    },
    {
      "type": "Feature",
      "properties": {
        "@id": "node/4894737122",
        "name": "觀景平台",
        "name:zh": "觀景平台",
        "tourism": "viewpoint"
      },
      "geometry": {
        "type": "Point",
        "coordinates": [
          121.6451873,
          24.1823413
        ]
      },
      "id": "node/4894737122"
    },
    {
      "type": "Feature",
      "properties": {
        "@id": "node/4907663023",
        "name": "黃麻溪展望",
        "name:en": "Viewpoint over the bridge",
        "name:zh": "黃麻溪展望",
        "tourism": "viewpoint"
      },
      "geometry": {
        "type": "Point",
        "coordinates": [
          121.1918094,
          23.330431
        ]
      },
      "id": "node/4907663023"
    },
    {
      "type": "Feature",
      "properties": {
        "@id": "node/4911012022",
        "name": "東部最大米倉",
        "tourism": "viewpoint"
      },
      "geometry": {
        "type": "Point",
        "coordinates": [
          121.3210634,
          23.2791354
        ]
      },
      "id": "node/4911012022"
    },
    {
      "type": "Feature",
      "properties": {
        "@id": "node/4929195121",
        "name": "山仔頂步道入口觀景台",
        "name:zh": "山仔頂步道入口觀景台",
        "tourism": "viewpoint"
      },
      "geometry": {
        "type": "Point",
        "coordinates": [
          121.4927079,
          25.185869
        ]
      },
      "id": "node/4929195121"
    },
    {
      "type": "Feature",
      "properties": {
        "@id": "node/4935193681",
        "name": "天溪園由來景觀",
        "name:zh": "天溪園由來景觀",
        "tourism": "viewpoint"
      },
      "geometry": {
        "type": "Point",
        "coordinates": [
          121.5947283,
          25.1328873
        ]
      },
      "id": "node/4935193681"
    },
    {
      "type": "Feature",
      "properties": {
        "@id": "node/4936459489",
        "name": "自然生態演替區",
        "tourism": "viewpoint"
      },
      "geometry": {
        "type": "Point",
        "coordinates": [
          121.5573092,
          25.015515
        ]
      },
      "id": "node/4936459489"
    },
    {
      "type": "Feature",
      "properties": {
        "@id": "node/4936459492",
        "name": "賞蝶區",
        "tourism": "viewpoint"
      },
      "geometry": {
        "type": "Point",
        "coordinates": [
          121.5574235,
          25.0160858
        ]
      },
      "id": "node/4936459492"
    },
    {
      "type": "Feature",
      "properties": {
        "@id": "node/4936459493",
        "name": "濕地生態觀察區",
        "tourism": "viewpoint"
      },
      "geometry": {
        "type": "Point",
        "coordinates": [
          121.5574335,
          25.0151055
        ]
      },
      "id": "node/4936459493"
    },
    {
      "type": "Feature",
      "properties": {
        "@id": "node/4936954591",
        "name": "風衝林平台",
        "tourism": "viewpoint"
      },
      "geometry": {
        "type": "Point",
        "coordinates": [
          121.5833072,
          25.1135268
        ]
      },
      "id": "node/4936954591"
    },
    {
      "type": "Feature",
      "properties": {
        "@id": "node/4936954592",
        "alt_name": "撲克黑桃平台",
        "name": "黑桃平台",
        "name:en": "Poker Spades Platform",
        "name:zh": "黑桃平台",
        "tourism": "viewpoint"
      },
      "geometry": {
        "type": "Point",
        "coordinates": [
          121.5808653,
          25.1096952
        ]
      },
      "id": "node/4936954592"
    },
    {
      "type": "Feature",
      "properties": {
        "@id": "node/4938565421",
        "name": "觀景台",
        "name:zh": "觀景台",
        "tourism": "viewpoint"
      },
      "geometry": {
        "type": "Point",
        "coordinates": [
          121.7053753,
          25.1591189
        ]
      },
      "id": "node/4938565421"
    },
    {
      "type": "Feature",
      "properties": {
        "@id": "node/4938567521",
        "name": "觀景台",
        "name:zh": "觀景台",
        "tourism": "viewpoint"
      },
      "geometry": {
        "type": "Point",
        "coordinates": [
          121.70526,
          25.1592974
        ]
      },
      "id": "node/4938567521"
    },
    {
      "type": "Feature",
      "properties": {
        "@id": "node/4938567523",
        "name": "觀景台",
        "name:zh": "觀景台",
        "tourism": "viewpoint"
      },
      "geometry": {
        "type": "Point",
        "coordinates": [
          121.7044264,
          25.1601868
        ]
      },
      "id": "node/4938567523"
    },
    {
      "type": "Feature",
      "properties": {
        "@id": "node/4945425125",
        "name": "太平雲梯吊橋",
        "name:zh": "太平雲梯吊橋",
        "tourism": "viewpoint"
      },
      "geometry": {
        "type": "Point",
        "coordinates": [
          120.598844,
          23.5600656
        ]
      },
      "id": "node/4945425125"
    },
    {
      "type": "Feature",
      "properties": {
        "@id": "node/4959456821",
        "name": "可以看海的橋下",
        "name:en": "Watch sea under the bridge",
        "name:zh": "可以看海的橋下",
        "tourism": "viewpoint"
      },
      "geometry": {
        "type": "Point",
        "coordinates": [
          121.3507972,
          25.1296091
        ]
      },
      "id": "node/4959456821"
    },
    {
      "type": "Feature",
      "properties": {
        "@id": "node/4973608777",
        "name": "大山背休閒農業區",
        "name:en": "DaShanBei Leisure Agriculture Area",
        "name:zh": "大山背休閒農業區",
        "tourism": "viewpoint"
      },
      "geometry": {
        "type": "Point",
        "coordinates": [
          121.1395598,
          24.6987104
        ]
      },
      "id": "node/4973608777"
    },
    {
      "type": "Feature",
      "properties": {
        "@id": "node/4974561644",
        "name": "四分尾山",
        "name:en": "Si Fen Wei Mountain",
        "name:zh": "四分尾山",
        "tourism": "viewpoint"
      },
      "geometry": {
        "type": "Point",
        "coordinates": [
          121.6806646,
          25.0411746
        ]
      },
      "id": "node/4974561644"
    },
    {
      "type": "Feature",
      "properties": {
        "@id": "node/4982569985",
        "amenity": "shelter",
        "name": "望海亭",
        "tourism": "viewpoint"
      },
      "geometry": {
        "type": "Point",
        "coordinates": [
          121.6166756,
          24.1580215
        ]
      },
      "id": "node/4982569985"
    },
    {
      "type": "Feature",
      "properties": {
        "@id": "node/4991470021",
        "name": "合歡山奇萊山稜大景",
        "tourism": "viewpoint"
      },
      "geometry": {
        "type": "Point",
        "coordinates": [
          121.2952084,
          24.1320443
        ]
      },
      "id": "node/4991470021"
    },
    {
      "type": "Feature",
      "properties": {
        "@id": "node/4993787237",
        "ele": "1950",
        "name": "梨山觀景台",
        "tourism": "viewpoint"
      },
      "geometry": {
        "type": "Point",
        "coordinates": [
          121.2514919,
          24.2550758
        ]
      },
      "id": "node/4993787237"
    },
    {
      "type": "Feature",
      "properties": {
        "@id": "node/4993983374",
        "ele": "2000",
        "name": "觀景台",
        "tourism": "viewpoint"
      },
      "geometry": {
        "type": "Point",
        "coordinates": [
          121.2572587,
          24.2557129
        ]
      },
      "id": "node/4993983374"
    },
    {
      "type": "Feature",
      "properties": {
        "@id": "node/5010898388",
        "name": "梯田景觀",
        "tourism": "viewpoint"
      },
      "geometry": {
        "type": "Point",
        "coordinates": [
          121.5851585,
          25.1309605
        ]
      },
      "id": "node/5010898388"
    },
    {
      "type": "Feature",
      "properties": {
        "@id": "node/5018856515",
        "name": "2.75K觀景台",
        "tourism": "viewpoint"
      },
      "geometry": {
        "type": "Point",
        "coordinates": [
          120.949652,
          23.8475435
        ]
      },
      "id": "node/5018856515"
    },
    {
      "type": "Feature",
      "properties": {
        "@id": "node/5019758952",
        "name": "觀景點",
        "tourism": "viewpoint"
      },
      "geometry": {
        "type": "Point",
        "coordinates": [
          120.9557372,
          23.8216221
        ]
      },
      "id": "node/5019758952"
    },
    {
      "type": "Feature",
      "properties": {
        "@id": "node/5043812421",
        "name": "姜子寮絕壁",
        "tourism": "viewpoint"
      },
      "geometry": {
        "type": "Point",
        "coordinates": [
          121.7154312,
          25.0578305
        ]
      },
      "id": "node/5043812421"
    },
    {
      "type": "Feature",
      "properties": {
        "@id": "node/5044824574",
        "name": "湖海灣",
        "tourism": "viewpoint"
      },
      "geometry": {
        "type": "Point",
        "coordinates": [
          121.7090617,
          25.1703133
        ]
      },
      "id": "node/5044824574"
    },
    {
      "type": "Feature",
      "properties": {
        "@id": "node/5046184283",
        "name": "玉峰大橋",
        "tourism": "viewpoint"
      },
      "geometry": {
        "type": "Point",
        "coordinates": [
          121.3068326,
          24.6545995
        ]
      },
      "id": "node/5046184283"
    },
    {
      "type": "Feature",
      "properties": {
        "@id": "node/5050633167",
        "description": "裸岩峭壁危險",
        "name": "汐止鷹石尖",
        "tourism": "viewpoint"
      },
      "geometry": {
        "type": "Point",
        "coordinates": [
          121.6311808,
          25.0900649
        ]
      },
      "id": "node/5050633167"
    },
    {
      "type": "Feature",
      "properties": {
        "@id": "node/5059636625",
        "name": "幸福轉運站",
        "name:zh": "幸福轉運站",
        "tourism": "viewpoint"
      },
      "geometry": {
        "type": "Point",
        "coordinates": [
          121.7560435,
          24.7517817
        ]
      },
      "id": "node/5059636625"
    },
    {
      "type": "Feature",
      "properties": {
        "@id": "node/5061464325",
        "name": "風口觀景點",
        "tourism": "viewpoint"
      },
      "geometry": {
        "type": "Point",
        "coordinates": [
          120.6318417,
          23.9409461
        ]
      },
      "id": "node/5061464325"
    },
    {
      "type": "Feature",
      "properties": {
        "@id": "node/5080865724",
        "name": "平溪線鐵道觀景點",
        "tourism": "viewpoint"
      },
      "geometry": {
        "type": "Point",
        "coordinates": [
          121.8064346,
          25.054009
        ]
      },
      "id": "node/5080865724"
    },
    {
      "type": "Feature",
      "properties": {
        "@id": "node/5080865725",
        "name": "平溪線鐵道觀景點",
        "tourism": "viewpoint"
      },
      "geometry": {
        "type": "Point",
        "coordinates": [
          121.8063355,
          25.0544732
        ]
      },
      "id": "node/5080865725"
    },
    {
      "type": "Feature",
      "properties": {
        "@id": "node/5101201868",
        "name": "造橋鐵道鳳凰花",
        "tourism": "viewpoint"
      },
      "geometry": {
        "type": "Point",
        "coordinates": [
          120.8739186,
          24.6470614
        ]
      },
      "id": "node/5101201868"
    },
    {
      "type": "Feature",
      "properties": {
        "@id": "node/5118844622",
        "name": "觀音山夕照",
        "tourism": "viewpoint"
      },
      "geometry": {
        "type": "Point",
        "coordinates": [
          121.5671538,
          25.1012213
        ]
      },
      "id": "node/5118844622"
    },
    {
      "type": "Feature",
      "properties": {
        "@id": "node/5128363615",
        "name": "拉繩陡上",
        "tourism": "viewpoint"
      },
      "geometry": {
        "type": "Point",
        "coordinates": [
          121.3761938,
          24.8810439
        ]
      },
      "id": "node/5128363615"
    },
    {
      "type": "Feature",
      "properties": {
        "@id": "node/5132286896",
        "name": "合谷瀑布觀景台",
        "name:en": "viewpoint towards Hegu waterfall",
        "name:zh": "合谷瀑布觀景台",
        "tourism": "viewpoint"
      },
      "geometry": {
        "type": "Point",
        "coordinates": [
          121.812125,
          25.0615335
        ]
      },
      "id": "node/5132286896"
    },
    {
      "type": "Feature",
      "properties": {
        "@id": "node/5146218653",
        "name": "梅台",
        "tourism": "viewpoint"
      },
      "geometry": {
        "type": "Point",
        "coordinates": [
          120.4855037,
          26.3681039
        ]
      },
      "id": "node/5146218653"
    },
    {
      "type": "Feature",
      "properties": {
        "@id": "node/5146902581",
        "name": "鱷魚島",
        "tourism": "viewpoint"
      },
      "geometry": {
        "type": "Point",
        "coordinates": [
          120.4721393,
          26.3761665
        ]
      },
      "id": "node/5146902581"
    },
    {
      "type": "Feature",
      "properties": {
        "@id": "node/5146902582",
        "name": "和尚看經",
        "tourism": "viewpoint"
      },
      "geometry": {
        "type": "Point",
        "coordinates": [
          120.4782354,
          26.3691311
        ]
      },
      "id": "node/5146902582"
    },
    {
      "type": "Feature",
      "properties": {
        "@id": "node/5170798821",
        "name": "南化水庫",
        "tourism": "viewpoint"
      },
      "geometry": {
        "type": "Point",
        "coordinates": [
          120.5368681,
          23.0863557
        ]
      },
      "id": "node/5170798821"
    },
    {
      "type": "Feature",
      "properties": {
        "@id": "node/5175570666",
        "name": "情人谷",
        "tourism": "viewpoint"
      },
      "geometry": {
        "type": "Point",
        "coordinates": [
          120.9111483,
          24.5430812
        ]
      },
      "id": "node/5175570666"
    },
    {
      "type": "Feature",
      "properties": {
        "@id": "node/5189737463",
        "name": "清水斷崖",
        "tourism": "viewpoint"
      },
      "geometry": {
        "type": "Point",
        "coordinates": [
          121.6891446,
          24.2188739
        ]
      },
      "id": "node/5189737463"
    },
    {
      "type": "Feature",
      "properties": {
        "@id": "node/5210410643",
        "name": "福山坪",
        "tourism": "viewpoint"
      },
      "geometry": {
        "type": "Point",
        "coordinates": [
          120.7828318,
          24.0423023
        ]
      },
      "id": "node/5210410643"
    },
    {
      "type": "Feature",
      "properties": {
        "@id": "node/5213518954",
        "description": "新寮瀑布木造觀景平台",
        "name": "瀑布觀景台",
        "tourism": "viewpoint"
      },
      "geometry": {
        "type": "Point",
        "coordinates": [
          121.7448684,
          24.6015737
        ]
      },
      "id": "node/5213518954"
    },
    {
      "type": "Feature",
      "properties": {
        "@id": "node/5256829232",
        "name": "遠觀大鬼瀑布點",
        "tourism": "viewpoint"
      },
      "geometry": {
        "type": "Point",
        "coordinates": [
          121.8796524,
          25.1130779
        ]
      },
      "id": "node/5256829232"
    },
    {
      "type": "Feature",
      "properties": {
        "@id": "node/5259954578",
        "name": "跨堤平台",
        "name:en": "Cross-Dike Platform",
        "name:zh": "跨堤平台",
        "tourism": "viewpoint"
      },
      "geometry": {
        "type": "Point",
        "coordinates": [
          121.522634,
          25.0201087
        ]
      },
      "id": "node/5259954578"
    },
    {
      "type": "Feature",
      "properties": {
        "@id": "node/5278190956",
        "name": "牡丹坡",
        "name:zh": "牡丹坡（南側）",
        "tourism": "viewpoint"
      },
      "geometry": {
        "type": "Point",
        "coordinates": [
          121.860632,
          25.0485122
        ]
      },
      "id": "node/5278190956"
    },
    {
      "type": "Feature",
      "properties": {
        "@id": "node/5278190957",
        "name": "牡丹坡",
        "name:zh": "牡丹坡（北側）",
        "tourism": "viewpoint"
      },
      "geometry": {
        "type": "Point",
        "coordinates": [
          121.8577971,
          25.0541419
        ]
      },
      "id": "node/5278190957"
    },
    {
      "type": "Feature",
      "properties": {
        "@id": "node/5285643420",
        "direction": "SW",
        "name": "過溪",
        "tourism": "viewpoint"
      },
      "geometry": {
        "type": "Point",
        "coordinates": [
          121.6761646,
          25.0525061
        ]
      },
      "id": "node/5285643420"
    },
    {
      "type": "Feature",
      "properties": {
        "@id": "node/5285643421",
        "direction": "SW",
        "name": "溯溪",
        "tourism": "viewpoint"
      },
      "geometry": {
        "type": "Point",
        "coordinates": [
          121.67624,
          25.0526586
        ]
      },
      "id": "node/5285643421"
    },
    {
      "type": "Feature",
      "properties": {
        "@id": "node/5295062486",
        "name": "新店之眼",
        "tourism": "viewpoint"
      },
      "geometry": {
        "type": "Point",
        "coordinates": [
          121.5554539,
          24.9728785
        ]
      },
      "id": "node/5295062486"
    },
    {
      "type": "Feature",
      "properties": {
        "@id": "node/5301012221",
        "name": "楓樹湖觀景臺",
        "tourism": "viewpoint"
      },
      "geometry": {
        "type": "Point",
        "coordinates": [
          121.5015137,
          25.1842395
        ]
      },
      "id": "node/5301012221"
    },
    {
      "type": "Feature",
      "properties": {
        "@id": "node/5316103022",
        "amenity": "bench",
        "name": "觀景平臺",
        "tourism": "viewpoint"
      },
      "geometry": {
        "type": "Point",
        "coordinates": [
          121.6245076,
          24.1598398
        ]
      },
      "id": "node/5316103022"
    },
    {
      "type": "Feature",
      "properties": {
        "@id": "node/5340349879",
        "description": "日落\n101合影點",
        "name": "福壽岩",
        "tourism": "viewpoint"
      },
      "geometry": {
        "type": "Point",
        "coordinates": [
          121.591688,
          25.0307748
        ]
      },
      "id": "node/5340349879"
    },
    {
      "type": "Feature",
      "properties": {
        "@id": "node/5340349880",
        "name": "基隆河城市景觀大景",
        "tourism": "viewpoint"
      },
      "geometry": {
        "type": "Point",
        "coordinates": [
          121.5883718,
          25.0286073
        ]
      },
      "id": "node/5340349880"
    },
    {
      "type": "Feature",
      "properties": {
        "@id": "node/5350938054",
        "name": "樂水觀景台",
        "tourism": "viewpoint"
      },
      "geometry": {
        "type": "Point",
        "coordinates": [
          121.5316265,
          25.1507468
        ]
      },
      "id": "node/5350938054"
    },
    {
      "type": "Feature",
      "properties": {
        "@id": "node/5350938059",
        "name": "樂山觀景台",
        "tourism": "viewpoint"
      },
      "geometry": {
        "type": "Point",
        "coordinates": [
          121.5316392,
          25.1519192
        ]
      },
      "id": "node/5350938059"
    },
    {
      "type": "Feature",
      "properties": {
        "@id": "node/5356010321",
        "name": "觀瀑平台2",
        "ref": "2",
        "tourism": "viewpoint"
      },
      "geometry": {
        "type": "Point",
        "coordinates": [
          121.7881867,
          25.0490013
        ]
      },
      "id": "node/5356010321"
    },
    {
      "type": "Feature",
      "properties": {
        "@id": "node/5380764621",
        "name": "觀雲台",
        "name:zh": "觀雲台",
        "tourism": "viewpoint"
      },
      "geometry": {
        "type": "Point",
        "coordinates": [
          120.6664625,
          22.8592689
        ]
      },
      "id": "node/5380764621"
    },
    {
      "type": "Feature",
      "properties": {
        "@id": "node/5380764622",
        "name": "休息亭",
        "name:zh": "休息亭",
        "tourism": "viewpoint"
      },
      "geometry": {
        "type": "Point",
        "coordinates": [
          120.6596578,
          22.8634004
        ]
      },
      "id": "node/5380764622"
    },
    {
      "type": "Feature",
      "properties": {
        "@id": "node/5380764921",
        "name": "休息亭",
        "name:zh": "休息亭",
        "tourism": "viewpoint"
      },
      "geometry": {
        "type": "Point",
        "coordinates": [
          120.6587282,
          22.866896
        ]
      },
      "id": "node/5380764921"
    },
    {
      "type": "Feature",
      "properties": {
        "@id": "node/5380764922",
        "name": "休息亭",
        "name:zh": "休息亭",
        "tourism": "viewpoint"
      },
      "geometry": {
        "type": "Point",
        "coordinates": [
          120.6491725,
          22.8731021
        ]
      },
      "id": "node/5380764922"
    },
    {
      "type": "Feature",
      "properties": {
        "@id": "node/5380764923",
        "name": "路轉角",
        "name:zh": "路轉角",
        "tourism": "viewpoint"
      },
      "geometry": {
        "type": "Point",
        "coordinates": [
          120.6461122,
          22.8788251
        ]
      },
      "id": "node/5380764923"
    },
    {
      "type": "Feature",
      "properties": {
        "@id": "node/5382374944",
        "description": "凌空廊道觀景台",
        "name": "凌空廊道",
        "tourism": "viewpoint"
      },
      "geometry": {
        "type": "Point",
        "coordinates": [
          121.2623032,
          24.6999824
        ]
      },
      "id": "node/5382374944"
    },
    {
      "type": "Feature",
      "properties": {
        "@id": "node/5383609454",
        "name": "第一觀景台˙",
        "tourism": "viewpoint"
      },
      "geometry": {
        "type": "Point",
        "coordinates": [
          121.6293069,
          25.1341698
        ]
      },
      "id": "node/5383609454"
    },
    {
      "type": "Feature",
      "properties": {
        "@id": "node/5383609455",
        "name": "第二觀景台",
        "tourism": "viewpoint"
      },
      "geometry": {
        "type": "Point",
        "coordinates": [
          121.6298968,
          25.1340255
        ]
      },
      "id": "node/5383609455"
    },
    {
      "type": "Feature",
      "properties": {
        "@id": "node/5398241428",
        "alt_name": "撲克梅花平台",
        "name": "梅花平台",
        "name:en": "Poker Clubs Platform",
        "name:zh": "梅花平台",
        "tourism": "viewpoint"
      },
      "geometry": {
        "type": "Point",
        "coordinates": [
          121.5810612,
          25.1105178
        ]
      },
      "id": "node/5398241428"
    },
    {
      "type": "Feature",
      "properties": {
        "@id": "node/5398246327",
        "name": "巨木瞭望台",
        "tourism": "viewpoint"
      },
      "geometry": {
        "type": "Point",
        "coordinates": [
          121.5806677,
          25.107898
        ]
      },
      "id": "node/5398246327"
    },
    {
      "type": "Feature",
      "properties": {
        "@id": "node/5403178784",
        "name": "米市巷",
        "tourism": "viewpoint"
      },
      "geometry": {
        "type": "Point",
        "coordinates": [
          121.45135,
          25.0337377
        ]
      },
      "id": "node/5403178784"
    },
    {
      "type": "Feature",
      "properties": {
        "@id": "node/5403186373",
        "name": "大溪水中土地公",
        "tourism": "viewpoint"
      },
      "geometry": {
        "type": "Point",
        "coordinates": [
          121.2815863,
          24.8369509
        ]
      },
      "id": "node/5403186373"
    },
    {
      "type": "Feature",
      "properties": {
        "@id": "node/5430816674",
        "name": "觀景平台 (已無視野)",
        "tourism": "viewpoint"
      },
      "geometry": {
        "type": "Point",
        "coordinates": [
          121.4926745,
          22.6455881
        ]
      },
      "id": "node/5430816674"
    },
    {
      "type": "Feature",
      "properties": {
        "@id": "node/5430816675",
        "name": "觀景平台",
        "tourism": "viewpoint"
      },
      "geometry": {
        "type": "Point",
        "coordinates": [
          121.4927059,
          22.6582865
        ]
      },
      "id": "node/5430816675"
    },
    {
      "type": "Feature",
      "properties": {
        "@id": "node/5436478521",
        "name": "橫山賞鷹平台",
        "tourism": "viewpoint"
      },
      "geometry": {
        "type": "Point",
        "coordinates": [
          120.63315,
          23.8963186
        ]
      },
      "id": "node/5436478521"
    },
    {
      "type": "Feature",
      "properties": {
        "@id": "node/5462633522",
        "name": "第一觀景臺",
        "tourism": "viewpoint"
      },
      "geometry": {
        "type": "Point",
        "coordinates": [
          121.7105442,
          25.1231571
        ]
      },
      "id": "node/5462633522"
    },
    {
      "type": "Feature",
      "properties": {
        "@id": "node/5462651322",
        "name": "第二觀景臺",
        "tourism": "viewpoint"
      },
      "geometry": {
        "type": "Point",
        "coordinates": [
          121.7098345,
          25.1230644
        ]
      },
      "id": "node/5462651322"
    },
    {
      "type": "Feature",
      "properties": {
        "@id": "node/5464401142",
        "name": "觀景台",
        "tourism": "viewpoint"
      },
      "geometry": {
        "type": "Point",
        "coordinates": [
          120.9812379,
          23.2510295
        ]
      },
      "id": "node/5464401142"
    },
    {
      "type": "Feature",
      "properties": {
        "@id": "node/5464434873",
        "name": "大崩壁觀景點",
        "tourism": "viewpoint"
      },
      "geometry": {
        "type": "Point",
        "coordinates": [
          120.9857552,
          23.2750247
        ]
      },
      "id": "node/5464434873"
    },
    {
      "type": "Feature",
      "properties": {
        "@id": "node/5470679274",
        "name": "廢棄鐵塔基座",
        "tourism": "viewpoint"
      },
      "geometry": {
        "type": "Point",
        "coordinates": [
          121.2758435,
          24.8236993
        ]
      },
      "id": "node/5470679274"
    },
    {
      "type": "Feature",
      "properties": {
        "@id": "node/5566659159",
        "name": "雲台山觀景點",
        "tourism": "viewpoint"
      },
      "geometry": {
        "type": "Point",
        "coordinates": [
          119.9230567,
          26.1506059
        ]
      },
      "id": "node/5566659159"
    },
    {
      "type": "Feature",
      "properties": {
        "@id": "node/5570089783",
        "name": "大溪落羽松大道",
        "tourism": "viewpoint"
      },
      "geometry": {
        "type": "Point",
        "coordinates": [
          121.2558707,
          24.8712813
        ]
      },
      "id": "node/5570089783"
    },
    {
      "type": "Feature",
      "properties": {
        "@id": "node/5582171245",
        "ele": "1000",
        "name": "山海觀",
        "tourism": "viewpoint"
      },
      "geometry": {
        "type": "Point",
        "coordinates": [
          121.5325113,
          25.1880029
        ]
      },
      "id": "node/5582171245"
    },
    {
      "type": "Feature",
      "properties": {
        "@id": "node/5582171247",
        "direction": "W-NE",
        "name": "人面石觀景點",
        "tourism": "viewpoint"
      },
      "geometry": {
        "type": "Point",
        "coordinates": [
          121.5382406,
          25.1868908
        ]
      },
      "id": "node/5582171247"
    },
    {
      "type": "Feature",
      "properties": {
        "@id": "node/5585899087",
        "name": "面天山觀景台",
        "tourism": "viewpoint"
      },
      "geometry": {
        "type": "Point",
        "coordinates": [
          121.5046101,
          25.1742171
        ]
      },
      "id": "node/5585899087"
    },
    {
      "type": "Feature",
      "properties": {
        "@id": "node/5621052625",
        "name": "落日亭",
        "name:en": "Sunset Pavilion",
        "name:zh": "落日亭",
        "tourism": "viewpoint"
      },
      "geometry": {
        "type": "Point",
        "coordinates": [
          120.3534057,
          22.3248056
        ]
      },
      "id": "node/5621052625"
    },
    {
      "type": "Feature",
      "properties": {
        "@id": "node/5621613921",
        "name": "貝殼砂",
        "name:zh": "貝殼砂",
        "tourism": "viewpoint"
      },
      "geometry": {
        "type": "Point",
        "coordinates": [
          121.5676506,
          22.0753116
        ]
      },
      "id": "node/5621613921"
    },
    {
      "type": "Feature",
      "properties": {
        "@id": "node/5626609094",
        "name": "阿里磅瀑布觀瀑點",
        "tourism": "viewpoint"
      },
      "geometry": {
        "type": "Point",
        "coordinates": [
          121.5769659,
          25.2262001
        ]
      },
      "id": "node/5626609094"
    },
    {
      "type": "Feature",
      "properties": {
        "@id": "node/5698312429",
        "direction": "0-45;225-360",
        "name": "魚鱗天梯",
        "name:en": "Fish Scales Ladder",
        "tourism": "viewpoint"
      },
      "geometry": {
        "type": "Point",
        "coordinates": [
          120.923681,
          24.8522569
        ]
      },
      "id": "node/5698312429"
    },
    {
      "type": "Feature",
      "properties": {
        "@id": "node/5708037050",
        "name": "大石展望點",
        "name:zh": "大石展望點",
        "tourism": "viewpoint"
      },
      "geometry": {
        "type": "Point",
        "coordinates": [
          121.5987097,
          25.1305097
        ]
      },
      "id": "node/5708037050"
    },
    {
      "type": "Feature",
      "properties": {
        "@id": "node/5714705075",
        "name": "觀雲嶺",
        "tourism": "viewpoint"
      },
      "geometry": {
        "type": "Point",
        "coordinates": [
          120.75513,
          24.14296
        ]
      },
      "id": "node/5714705075"
    },
    {
      "type": "Feature",
      "properties": {
        "@id": "node/5738325314",
        "direction": "60",
        "name": "鳥瞰高雄觀景台",
        "name:en": "Observation Deck",
        "name:zh": "鳥瞰高雄觀景台",
        "tourism": "viewpoint"
      },
      "geometry": {
        "type": "Point",
        "coordinates": [
          120.2634628,
          22.657327
        ]
      },
      "id": "node/5738325314"
    },
    {
      "type": "Feature",
      "properties": {
        "@id": "node/5763794755",
        "name": "鐵道枋山彎",
        "tourism": "viewpoint"
      },
      "geometry": {
        "type": "Point",
        "coordinates": [
          120.6529763,
          22.2709009
        ]
      },
      "id": "node/5763794755"
    },
    {
      "type": "Feature",
      "properties": {
        "@id": "node/5828463208",
        "name": "觀景平台",
        "tourism": "viewpoint"
      },
      "geometry": {
        "type": "Point",
        "coordinates": [
          120.5611966,
          23.1841489
        ]
      },
      "id": "node/5828463208"
    },
    {
      "type": "Feature",
      "properties": {
        "@id": "node/5843148275",
        "name": "觀景台",
        "tourism": "viewpoint"
      },
      "geometry": {
        "type": "Point",
        "coordinates": [
          121.2717126,
          24.1383737
        ]
      },
      "id": "node/5843148275"
    },
    {
      "type": "Feature",
      "properties": {
        "@id": "node/5845564524",
        "name": "七星石",
        "tourism": "viewpoint"
      },
      "geometry": {
        "type": "Point",
        "coordinates": [
          120.7162,
          23.4983493
        ]
      },
      "id": "node/5845564524"
    },
    {
      "type": "Feature",
      "properties": {
        "@id": "node/5893759354",
        "name": "高北加壓站觀景台",
        "tourism": "viewpoint"
      },
      "geometry": {
        "type": "Point",
        "coordinates": [
          120.5635736,
          24.3241255
        ]
      },
      "id": "node/5893759354"
    },
    {
      "type": "Feature",
      "properties": {
        "@id": "node/5939983223",
        "name": "觀海樓",
        "tourism": "viewpoint"
      },
      "geometry": {
        "type": "Point",
        "coordinates": [
          120.6457477,
          24.3591682
        ]
      },
      "id": "node/5939983223"
    },
    {
      "type": "Feature",
      "properties": {
        "@id": "node/6048488585",
        "addr:street": "中正路",
        "name": "薄山脊觀景亭",
        "name:en": "Toushe Basin Lookout",
        "name:zh": "薄山脊觀景亭",
        "tourism": "viewpoint"
      },
      "geometry": {
        "type": "Point",
        "coordinates": [
          120.9078904,
          23.8360084
        ]
      },
      "id": "node/6048488585"
    },
    {
      "type": "Feature",
      "properties": {
        "@id": "node/6050487685",
        "name": "眷村自治會",
        "tourism": "viewpoint"
      },
      "geometry": {
        "type": "Point",
        "coordinates": [
          121.4994925,
          25.0577861
        ]
      },
      "id": "node/6050487685"
    },
    {
      "type": "Feature",
      "properties": {
        "@id": "node/6050487687",
        "name": "眷村故事館",
        "tourism": "viewpoint"
      },
      "geometry": {
        "type": "Point",
        "coordinates": [
          121.4993691,
          25.0582162
        ]
      },
      "id": "node/6050487687"
    },
    {
      "type": "Feature",
      "properties": {
        "@id": "node/6050638882",
        "name": "防洪樓",
        "tourism": "viewpoint"
      },
      "geometry": {
        "type": "Point",
        "coordinates": [
          121.4992578,
          25.0577193
        ]
      },
      "id": "node/6050638882"
    },
    {
      "type": "Feature",
      "properties": {
        "@id": "node/6050638883",
        "name": "村長的家",
        "tourism": "viewpoint"
      },
      "geometry": {
        "type": "Point",
        "coordinates": [
          121.4996736,
          25.057808
        ]
      },
      "id": "node/6050638883"
    },
    {
      "type": "Feature",
      "properties": {
        "@id": "node/6050638884",
        "name": "放映室",
        "tourism": "viewpoint"
      },
      "geometry": {
        "type": "Point",
        "coordinates": [
          121.4992149,
          25.0577521
        ]
      },
      "id": "node/6050638884"
    },
    {
      "type": "Feature",
      "properties": {
        "@id": "node/6050639185",
        "name": "池宅",
        "tourism": "viewpoint"
      },
      "geometry": {
        "type": "Point",
        "coordinates": [
          121.499636,
          25.0582733
        ]
      },
      "id": "node/6050639185"
    },
    {
      "type": "Feature",
      "properties": {
        "@id": "node/6050639186",
        "name": "夏宅",
        "tourism": "viewpoint"
      },
      "geometry": {
        "type": "Point",
        "coordinates": [
          121.4995582,
          25.0582757
        ]
      },
      "id": "node/6050639186"
    },
    {
      "type": "Feature",
      "properties": {
        "@id": "node/6050639187",
        "name": "眷村生活館",
        "tourism": "viewpoint"
      },
      "geometry": {
        "type": "Point",
        "coordinates": [
          121.4994349,
          25.0582478
        ]
      },
      "id": "node/6050639187"
    },
    {
      "type": "Feature",
      "properties": {
        "@id": "node/6059624584",
        "name": "觀景台",
        "name:en": "Viewing Platform",
        "name:zh": "觀景台",
        "tourism": "viewpoint"
      },
      "geometry": {
        "type": "Point",
        "coordinates": [
          121.2947412,
          24.385324
        ]
      },
      "id": "node/6059624584"
    },
    {
      "type": "Feature",
      "properties": {
        "@id": "node/6071185707",
        "name": "展望台",
        "tourism": "viewpoint"
      },
      "geometry": {
        "type": "Point",
        "coordinates": [
          121.9044498,
          25.0051474
        ]
      },
      "id": "node/6071185707"
    },
    {
      "type": "Feature",
      "properties": {
        "@id": "node/6098335515",
        "name": "遠眺馬海僕富士山",
        "tourism": "viewpoint"
      },
      "geometry": {
        "type": "Point",
        "coordinates": [
          121.2329487,
          24.0482264
        ]
      },
      "id": "node/6098335515"
    },
    {
      "type": "Feature",
      "properties": {
        "@id": "node/6102803085",
        "name": "小黃山觀景",
        "name:en": "Small Yellow Mountain Viewpoint",
        "name:zh": "小黃山觀景",
        "name:zh-Hans": "小黄山观景",
        "name:zh-Hant": "小黃山觀景",
        "tourism": "viewpoint"
      },
      "geometry": {
        "type": "Point",
        "coordinates": [
          121.1332841,
          22.8332576
        ]
      },
      "id": "node/6102803085"
    },
    {
      "type": "Feature",
      "properties": {
        "@id": "node/6111113837",
        "direction": "220-270",
        "name": "向欣谷",
        "name:en": "Shiand-Hsin Valley",
        "name:zh": "向欣谷",
        "tourism": "viewpoint"
      },
      "geometry": {
        "type": "Point",
        "coordinates": [
          120.78628,
          23.6394733
        ]
      },
      "id": "node/6111113837"
    },
    {
      "type": "Feature",
      "properties": {
        "@id": "node/6111349101",
        "direction": "45-170",
        "mapillary": "295622355346398",
        "name": "青龍瀑布",
        "name:en": "Chinglong Waterfall",
        "name:zh": "青龍瀑布",
        "tourism": "viewpoint"
      },
      "geometry": {
        "type": "Point",
        "coordinates": [
          120.7837878,
          23.6377837
        ]
      },
      "id": "node/6111349101"
    },
    {
      "type": "Feature",
      "properties": {
        "@id": "node/6113224307",
        "direction": "320-145",
        "name": "仙人台",
        "tourism": "viewpoint"
      },
      "geometry": {
        "type": "Point",
        "coordinates": [
          120.7945324,
          23.6324016
        ]
      },
      "id": "node/6113224307"
    },
    {
      "type": "Feature",
      "properties": {
        "@id": "node/6124770737",
        "name": "三樓觀景台",
        "tourism": "viewpoint"
      },
      "geometry": {
        "type": "Point",
        "coordinates": [
          120.5213841,
          24.2601572
        ]
      },
      "id": "node/6124770737"
    },
    {
      "type": "Feature",
      "properties": {
        "@id": "node/6138222985",
        "name": "觀日出",
        "tourism": "viewpoint"
      },
      "geometry": {
        "type": "Point",
        "coordinates": [
          120.8303896,
          23.4842136
        ]
      },
      "id": "node/6138222985"
    },
    {
      "type": "Feature",
      "properties": {
        "@id": "node/6158725183",
        "name": "觀景台 1900m",
        "tourism": "viewpoint"
      },
      "geometry": {
        "type": "Point",
        "coordinates": [
          121.5351699,
          24.477388
        ]
      },
      "id": "node/6158725183"
    },
    {
      "type": "Feature",
      "properties": {
        "@id": "node/6162597498",
        "check_date": "2024-08-26",
        "ele": "1890",
        "layer": "2",
        "name": "觀景台",
        "tourism": "viewpoint"
      },
      "geometry": {
        "type": "Point",
        "coordinates": [
          121.5360088,
          24.492797
        ]
      },
      "id": "node/6162597498"
    },
    {
      "type": "Feature",
      "properties": {
        "@id": "node/6162643488",
        "ele": "2180",
        "name": "觀景台",
        "tourism": "viewpoint"
      },
      "geometry": {
        "type": "Point",
        "coordinates": [
          121.5260874,
          24.4968753
        ]
      },
      "id": "node/6162643488"
    },
    {
      "type": "Feature",
      "properties": {
        "@id": "node/6162707062",
        "name": "休憩平台",
        "tourism": "viewpoint"
      },
      "geometry": {
        "type": "Point",
        "coordinates": [
          121.5047282,
          24.5485956
        ]
      },
      "id": "node/6162707062"
    },
    {
      "type": "Feature",
      "properties": {
        "@id": "node/6162707066",
        "name": "觀景平台",
        "tourism": "viewpoint"
      },
      "geometry": {
        "type": "Point",
        "coordinates": [
          121.5061471,
          24.5486602
        ]
      },
      "id": "node/6162707066"
    },
    {
      "type": "Feature",
      "properties": {
        "@id": "node/6169511664",
        "name": "相思閣",
        "tourism": "viewpoint"
      },
      "geometry": {
        "type": "Point",
        "coordinates": [
          121.7388019,
          24.6430678
        ]
      },
      "id": "node/6169511664"
    },
    {
      "type": "Feature",
      "properties": {
        "@id": "node/6169511666",
        "name": "望梅亭",
        "tourism": "viewpoint"
      },
      "geometry": {
        "type": "Point",
        "coordinates": [
          121.737206,
          24.6437187
        ]
      },
      "id": "node/6169511666"
    },
    {
      "type": "Feature",
      "properties": {
        "@id": "node/6177653261",
        "name": "六甲菁埔埤落羽松",
        "tourism": "viewpoint"
      },
      "geometry": {
        "type": "Point",
        "coordinates": [
          120.3150159,
          23.2357221
        ]
      },
      "id": "node/6177653261"
    },
    {
      "type": "Feature",
      "properties": {
        "@id": "node/6178610653",
        "name": "方塊平台",
        "tourism": "viewpoint"
      },
      "geometry": {
        "type": "Point",
        "coordinates": [
          121.5813302,
          25.1095058
        ]
      },
      "id": "node/6178610653"
    },
    {
      "type": "Feature",
      "properties": {
        "@id": "node/6180682251",
        "name": "Shuili and Guoxing area",
        "tourism": "viewpoint"
      },
      "geometry": {
        "type": "Point",
        "coordinates": [
          120.9078937,
          23.8814125
        ]
      },
      "id": "node/6180682251"
    },
    {
      "type": "Feature",
      "properties": {
        "@id": "node/6231322523",
        "name": "次生林相觀察區",
        "tourism": "viewpoint"
      },
      "geometry": {
        "type": "Point",
        "coordinates": [
          121.5576847,
          25.0163296
        ]
      },
      "id": "node/6231322523"
    },
    {
      "type": "Feature",
      "properties": {
        "@id": "node/6237666201",
        "name": "一星觀泉",
        "tourism": "viewpoint"
      },
      "geometry": {
        "type": "Point",
        "coordinates": [
          121.8513405,
          24.5973901
        ]
      },
      "id": "node/6237666201"
    },
    {
      "type": "Feature",
      "properties": {
        "@id": "node/6237666202",
        "amenity": "shelter",
        "name": "二星觀澳",
        "tourism": "viewpoint"
      },
      "geometry": {
        "type": "Point",
        "coordinates": [
          121.8513768,
          24.5977917
        ]
      },
      "id": "node/6237666202"
    },
    {
      "type": "Feature",
      "properties": {
        "@id": "node/6237703676",
        "ele": "111",
        "name": "獅仔頭暸望台",
        "tourism": "viewpoint"
      },
      "geometry": {
        "type": "Point",
        "coordinates": [
          121.2934595,
          25.0745375
        ]
      },
      "id": "node/6237703676"
    },
    {
      "type": "Feature",
      "properties": {
        "@id": "node/6334543186",
        "name": "埡口觀景台",
        "name:zh": "埡口觀景台",
        "tourism": "viewpoint"
      },
      "geometry": {
        "type": "Point",
        "coordinates": [
          121.0338419,
          24.2658483
        ]
      },
      "id": "node/6334543186"
    },
    {
      "type": "Feature",
      "properties": {
        "@id": "node/6335130469",
        "name": "樹梅坪觀景平台",
        "tourism": "viewpoint"
      },
      "geometry": {
        "type": "Point",
        "coordinates": [
          121.8496663,
          25.1013629
        ]
      },
      "id": "node/6335130469"
    },
    {
      "type": "Feature",
      "properties": {
        "@id": "node/6341235216",
        "direction": "315",
        "name": "機車瀑布",
        "tourism": "viewpoint"
      },
      "geometry": {
        "type": "Point",
        "coordinates": [
          121.5110945,
          25.0627235
        ]
      },
      "id": "node/6341235216"
    },
    {
      "type": "Feature",
      "properties": {
        "@id": "node/6416069688",
        "name": "神木",
        "tourism": "viewpoint"
      },
      "geometry": {
        "type": "Point",
        "coordinates": [
          120.7792758,
          23.5572386
        ]
      },
      "id": "node/6416069688"
    },
    {
      "type": "Feature",
      "properties": {
        "@id": "node/6423629185",
        "name": "雲杉步道",
        "tourism": "viewpoint"
      },
      "geometry": {
        "type": "Point",
        "coordinates": [
          120.76453,
          23.0738349
        ]
      },
      "id": "node/6423629185"
    },
    {
      "type": "Feature",
      "properties": {
        "@id": "node/6425706585",
        "name": "秋海棠步道",
        "tourism": "viewpoint"
      },
      "geometry": {
        "type": "Point",
        "coordinates": [
          120.7591228,
          23.0702184
        ]
      },
      "id": "node/6425706585"
    },
    {
      "type": "Feature",
      "properties": {
        "@id": "node/6448939585",
        "name": "瞭望點",
        "name:en": "View point",
        "name:zh": "瞭望點",
        "tourism": "viewpoint"
      },
      "geometry": {
        "type": "Point",
        "coordinates": [
          121.9752505,
          25.0033272
        ]
      },
      "id": "node/6448939585"
    },
    {
      "type": "Feature",
      "properties": {
        "@id": "node/6448969685",
        "ele": "380",
        "name": "隆林山",
        "name:en": "Longlin mountain",
        "name:zh": "隆林山",
        "tourism": "viewpoint"
      },
      "geometry": {
        "type": "Point",
        "coordinates": [
          121.9726636,
          24.998083
        ]
      },
      "id": "node/6448969685"
    },
    {
      "type": "Feature",
      "properties": {
        "@id": "node/6453450245",
        "name": "祈堂老街礦工老房",
        "tourism": "viewpoint"
      },
      "geometry": {
        "type": "Point",
        "coordinates": [
          121.8590636,
          25.1095776
        ]
      },
      "id": "node/6453450245"
    },
    {
      "type": "Feature",
      "properties": {
        "@id": "node/6466267050",
        "name": "阿柑姨芋圓市內用餐270度山海大景觀景點",
        "tourism": "viewpoint"
      },
      "geometry": {
        "type": "Point",
        "coordinates": [
          121.8435252,
          25.1078711
        ]
      },
      "id": "node/6466267050"
    },
    {
      "type": "Feature",
      "properties": {
        "@id": "node/6466304492",
        "name": "觀景台",
        "tourism": "viewpoint"
      },
      "geometry": {
        "type": "Point",
        "coordinates": [
          121.2511753,
          24.2534706
        ]
      },
      "id": "node/6466304492"
    },
    {
      "type": "Feature",
      "properties": {
        "@id": "node/6467761264",
        "name": "外垵餌砲觀景台",
        "name:zh": "外垵餌砲觀景台",
        "name:zh-Hans": "外垵饵炮观景台",
        "name:zh-Hant": "外垵餌砲觀景台",
        "tourism": "viewpoint"
      },
      "geometry": {
        "type": "Point",
        "coordinates": [
          119.4757033,
          23.5647887
        ]
      },
      "id": "node/6467761264"
    },
    {
      "type": "Feature",
      "properties": {
        "@id": "node/6481720979",
        "name": "看基隆嶼",
        "tourism": "viewpoint"
      },
      "geometry": {
        "type": "Point",
        "coordinates": [
          121.8536019,
          25.1024581
        ]
      },
      "id": "node/6481720979"
    },
    {
      "type": "Feature",
      "properties": {
        "@id": "node/6496935797",
        "name": "不厭天下景觀",
        "tourism": "viewpoint"
      },
      "geometry": {
        "type": "Point",
        "coordinates": [
          121.850451,
          25.0889053
        ]
      },
      "id": "node/6496935797"
    },
    {
      "type": "Feature",
      "properties": {
        "@id": "node/6496962958",
        "name": "黃金瀑布頂",
        "tourism": "viewpoint"
      },
      "geometry": {
        "type": "Point",
        "coordinates": [
          121.8618397,
          25.1163699
        ]
      },
      "id": "node/6496962958"
    },
    {
      "type": "Feature",
      "properties": {
        "@id": "node/6499653298",
        "name": "眺望三貂嶺聚落與平溪鐵路",
        "tourism": "viewpoint"
      },
      "geometry": {
        "type": "Point",
        "coordinates": [
          121.8256999,
          25.0576589
        ]
      },
      "id": "node/6499653298"
    },
    {
      "type": "Feature",
      "properties": {
        "@id": "node/6499655871",
        "name": "與火車出山洞合拍",
        "tourism": "viewpoint"
      },
      "geometry": {
        "type": "Point",
        "coordinates": [
          121.8158413,
          25.0574513
        ]
      },
      "id": "node/6499655871"
    },
    {
      "type": "Feature",
      "properties": {
        "@id": "node/6499660494",
        "name": "橋上9層瀑，橋下11層瀑拍攝點",
        "tourism": "viewpoint"
      },
      "geometry": {
        "type": "Point",
        "coordinates": [
          121.810168,
          25.0561283
        ]
      },
      "id": "node/6499660494"
    },
    {
      "type": "Feature",
      "properties": {
        "@id": "node/6509944462",
        "name": "觀日台",
        "tourism": "viewpoint"
      },
      "geometry": {
        "type": "Point",
        "coordinates": [
          120.8744066,
          24.286718
        ]
      },
      "id": "node/6509944462"
    },
    {
      "type": "Feature",
      "properties": {
        "@id": "node/6520428185",
        "name": "臺灣本島最北邊",
        "name:en": "Northernmost point of Taiwan",
        "name:ja": "台湾本島最北端",
        "name:zh": "臺灣本島最北邊",
        "tourism": "viewpoint"
      },
      "geometry": {
        "type": "Point",
        "coordinates": [
          121.5369188,
          25.2984665
        ]
      },
      "id": "node/6520428185"
    },
    {
      "type": "Feature",
      "properties": {
        "@id": "node/6533414448",
        "name": "觀景平台",
        "tourism": "viewpoint"
      },
      "geometry": {
        "type": "Point",
        "coordinates": [
          121.8360863,
          24.9078178
        ]
      },
      "id": "node/6533414448"
    },
    {
      "type": "Feature",
      "properties": {
        "@id": "node/6572314479",
        "name": "眺望台北港",
        "tourism": "viewpoint"
      },
      "geometry": {
        "type": "Point",
        "coordinates": [
          121.4226285,
          25.1317894
        ]
      },
      "id": "node/6572314479"
    },
    {
      "type": "Feature",
      "properties": {
        "@id": "node/6581691206",
        "name": "看遊客中心停車場全貌等",
        "tourism": "viewpoint"
      },
      "geometry": {
        "type": "Point",
        "coordinates": [
          121.4166103,
          25.1288616
        ]
      },
      "id": "node/6581691206"
    },
    {
      "type": "Feature",
      "properties": {
        "@id": "node/6586041928",
        "name": "看台北港",
        "tourism": "viewpoint"
      },
      "geometry": {
        "type": "Point",
        "coordinates": [
          121.4246508,
          25.1365779
        ]
      },
      "id": "node/6586041928"
    },
    {
      "type": "Feature",
      "properties": {
        "@id": "node/6604993885",
        "name": "象牙石觀景台",
        "tourism": "viewpoint"
      },
      "geometry": {
        "type": "Point",
        "coordinates": [
          121.4273802,
          25.1374477
        ]
      },
      "id": "node/6604993885"
    },
    {
      "type": "Feature",
      "properties": {
        "@id": "node/6616373001",
        "name": "看台北港夕陽",
        "tourism": "viewpoint"
      },
      "geometry": {
        "type": "Point",
        "coordinates": [
          121.4255158,
          25.1378626
        ]
      },
      "id": "node/6616373001"
    },
    {
      "type": "Feature",
      "properties": {
        "@id": "node/6616373002",
        "name": "看淡水河口",
        "tourism": "viewpoint"
      },
      "geometry": {
        "type": "Point",
        "coordinates": [
          121.4261499,
          25.1380633
        ]
      },
      "id": "node/6616373002"
    },
    {
      "type": "Feature",
      "properties": {
        "@id": "node/6639373372",
        "name": "觀景平台",
        "tourism": "viewpoint"
      },
      "geometry": {
        "type": "Point",
        "coordinates": [
          120.9156723,
          23.2778096
        ]
      },
      "id": "node/6639373372"
    },
    {
      "type": "Feature",
      "properties": {
        "@id": "node/6643083615",
        "ele": "2230",
        "name": "觀景台",
        "tourism": "viewpoint"
      },
      "geometry": {
        "type": "Point",
        "coordinates": [
          121.2469545,
          24.2468007
        ]
      },
      "id": "node/6643083615"
    },
    {
      "type": "Feature",
      "properties": {
        "@id": "node/6649985749",
        "amenity": "shelter",
        "name": "攬勝樓 1960m",
        "tourism": "viewpoint"
      },
      "geometry": {
        "type": "Point",
        "coordinates": [
          121.2451681,
          24.2565889
        ]
      },
      "id": "node/6649985749"
    },
    {
      "type": "Feature",
      "properties": {
        "@id": "node/6660953933",
        "name": "凸岩獨步山林拍照點",
        "tourism": "viewpoint"
      },
      "geometry": {
        "type": "Point",
        "coordinates": [
          121.2879633,
          24.1732241
        ]
      },
      "id": "node/6660953933"
    },
    {
      "type": "Feature",
      "properties": {
        "@id": "node/6694121036",
        "name": "舊海線過港隧道群",
        "tourism": "viewpoint"
      },
      "geometry": {
        "type": "Point",
        "coordinates": [
          120.7233585,
          24.5967785
        ]
      },
      "id": "node/6694121036"
    },
    {
      "type": "Feature",
      "properties": {
        "@id": "node/6694782942",
        "name": "觀景台(遠眺基隆山)",
        "tourism": "viewpoint"
      },
      "geometry": {
        "type": "Point",
        "coordinates": [
          121.8617905,
          25.1089219
        ]
      },
      "id": "node/6694782942"
    },
    {
      "type": "Feature",
      "properties": {
        "@id": "node/6699845950",
        "name": "水上舞台",
        "tourism": "viewpoint"
      },
      "geometry": {
        "type": "Point",
        "coordinates": [
          120.3378415,
          23.0286121
        ]
      },
      "id": "node/6699845950"
    },
    {
      "type": "Feature",
      "properties": {
        "@id": "node/6699845952",
        "name": "第一碼頭",
        "tourism": "viewpoint"
      },
      "geometry": {
        "type": "Point",
        "coordinates": [
          120.3373659,
          23.0266539
        ]
      },
      "id": "node/6699845952"
    },
    {
      "type": "Feature",
      "properties": {
        "@id": "node/6702471966",
        "direction": "135",
        "name": "眺望高鐵進洞",
        "tourism": "viewpoint"
      },
      "geometry": {
        "type": "Point",
        "coordinates": [
          121.3201192,
          25.0534168
        ]
      },
      "id": "node/6702471966"
    },
    {
      "type": "Feature",
      "properties": {
        "@id": "node/6720919254",
        "name": "水牛坑大峽谷",
        "tourism": "viewpoint"
      },
      "geometry": {
        "type": "Point",
        "coordinates": [
          121.3194136,
          25.1200746
        ]
      },
      "id": "node/6720919254"
    },
    {
      "type": "Feature",
      "properties": {
        "@id": "node/6725648784",
        "name": "大坑九號步道觀景平台",
        "tourism": "viewpoint"
      },
      "geometry": {
        "type": "Point",
        "coordinates": [
          120.7361487,
          24.1864063
        ]
      },
      "id": "node/6725648784"
    },
    {
      "type": "Feature",
      "properties": {
        "@id": "node/6725763609",
        "name": "觀景台",
        "tourism": "viewpoint"
      },
      "geometry": {
        "type": "Point",
        "coordinates": [
          120.7372248,
          24.1852994
        ]
      },
      "id": "node/6725763609"
    },
    {
      "type": "Feature",
      "properties": {
        "@id": "node/6738605129",
        "ele": "1887",
        "name": "平台",
        "tourism": "viewpoint"
      },
      "geometry": {
        "type": "Point",
        "coordinates": [
          121.6080223,
          24.5166512
        ]
      },
      "id": "node/6738605129"
    },
    {
      "type": "Feature",
      "properties": {
        "@id": "node/6738605130",
        "ele": "1879",
        "name": "平台",
        "tourism": "viewpoint"
      },
      "geometry": {
        "type": "Point",
        "coordinates": [
          121.6076586,
          24.5170768
        ]
      },
      "id": "node/6738605130"
    },
    {
      "type": "Feature",
      "properties": {
        "@id": "node/6741490995",
        "name": "觀景台",
        "tourism": "viewpoint"
      },
      "geometry": {
        "type": "Point",
        "coordinates": [
          120.7363049,
          24.188437
        ]
      },
      "id": "node/6741490995"
    },
    {
      "type": "Feature",
      "properties": {
        "@id": "node/6776688285",
        "name": "日落岩",
        "name:en": "Sunset cliff",
        "name:zh": "日落岩",
        "name:zh-Hans": "日落岩",
        "name:zh-Hant": "日落岩",
        "tourism": "viewpoint"
      },
      "geometry": {
        "type": "Point",
        "coordinates": [
          119.4693368,
          23.5632909
        ]
      },
      "id": "node/6776688285"
    },
    {
      "type": "Feature",
      "properties": {
        "@id": "node/6791935485",
        "name": "觀夕崖頂",
        "name:en": "Sunset cliff",
        "name:zh": "觀夕崖頂",
        "name:zh-Hans": "观夕崖顶",
        "name:zh-Hant": "觀夕崖頂",
        "tourism": "viewpoint"
      },
      "geometry": {
        "type": "Point",
        "coordinates": [
          119.4745991,
          23.5665225
        ]
      },
      "id": "node/6791935485"
    },
    {
      "type": "Feature",
      "properties": {
        "@id": "node/6795244286",
        "name": "四季長廊觀景台",
        "tourism": "viewpoint"
      },
      "geometry": {
        "type": "Point",
        "coordinates": [
          121.5032519,
          25.1549056
        ]
      },
      "id": "node/6795244286"
    },
    {
      "type": "Feature",
      "properties": {
        "@id": "node/6796632272",
        "direction": "135",
        "name": "舊多良車站與太平洋賞景點",
        "railway": "sightseeing",
        "tourism": "viewpoint"
      },
      "geometry": {
        "type": "Point",
        "coordinates": [
          120.9588991,
          22.5075353
        ]
      },
      "id": "node/6796632272"
    },
    {
      "type": "Feature",
      "properties": {
        "@id": "node/6805735246",
        "name": "福德嶺",
        "tourism": "viewpoint"
      },
      "geometry": {
        "type": "Point",
        "coordinates": [
          121.3451116,
          24.9266187
        ]
      },
      "id": "node/6805735246"
    },
    {
      "type": "Feature",
      "properties": {
        "@id": "node/6807860025",
        "name": "看茶壺山",
        "tourism": "viewpoint"
      },
      "geometry": {
        "type": "Point",
        "coordinates": [
          121.8537818,
          25.1023583
        ]
      },
      "id": "node/6807860025"
    },
    {
      "type": "Feature",
      "properties": {
        "@id": "node/6817056521",
        "name": "哈巴狗岩",
        "tourism": "viewpoint"
      },
      "geometry": {
        "type": "Point",
        "coordinates": [
          121.8666149,
          25.1118398
        ]
      },
      "id": "node/6817056521"
    },
    {
      "type": "Feature",
      "properties": {
        "@id": "node/6817056522",
        "name": "小草皮山海大景",
        "tourism": "viewpoint"
      },
      "geometry": {
        "type": "Point",
        "coordinates": [
          121.866322,
          25.1108604
        ]
      },
      "id": "node/6817056522"
    },
    {
      "type": "Feature",
      "properties": {
        "@id": "node/6852913745",
        "name": "新屋綠色走廊",
        "tourism": "viewpoint"
      },
      "geometry": {
        "type": "Point",
        "coordinates": [
          121.0124018,
          24.9693505
        ]
      },
      "id": "node/6852913745"
    },
    {
      "type": "Feature",
      "properties": {
        "@id": "node/6910681033",
        "name": "龍蝦洞",
        "name:zh": "龍蝦洞",
        "name:zh-Hans": "龙虾洞",
        "name:zh-Hant": "龍蝦洞",
        "tourism": "viewpoint"
      },
      "geometry": {
        "type": "Point",
        "coordinates": [
          120.3883057,
          22.344862
        ]
      },
      "id": "node/6910681033"
    },
    {
      "type": "Feature",
      "properties": {
        "@id": "node/6910859756",
        "name": "杉福潮間帶",
        "name:zh": "杉福潮間帶",
        "name:zh-Hans": "杉福潮间带",
        "name:zh-Hant": "杉福潮間帶",
        "tourism": "viewpoint"
      },
      "geometry": {
        "type": "Point",
        "coordinates": [
          120.3628475,
          22.3419879
        ]
      },
      "id": "node/6910859756"
    },
    {
      "type": "Feature",
      "properties": {
        "@id": "node/6919810821",
        "name": "182 水桶灣",
        "tourism": "viewpoint"
      },
      "geometry": {
        "type": "Point",
        "coordinates": [
          120.4195118,
          22.9235185
        ]
      },
      "id": "node/6919810821"
    },
    {
      "type": "Feature",
      "properties": {
        "@id": "node/6944221534",
        "name": "賞景台",
        "tourism": "viewpoint"
      },
      "geometry": {
        "type": "Point",
        "coordinates": [
          121.3670445,
          24.9832212
        ]
      },
      "id": "node/6944221534"
    },
    {
      "type": "Feature",
      "properties": {
        "@id": "node/6979119187",
        "name": "5.6K大崩壁",
        "tourism": "viewpoint"
      },
      "geometry": {
        "type": "Point",
        "coordinates": [
          121.2422325,
          24.0531675
        ]
      },
      "id": "node/6979119187"
    },
    {
      "type": "Feature",
      "properties": {
        "@id": "node/6989600668",
        "name": "看高鐵、台鐵日出、夜景",
        "tourism": "viewpoint"
      },
      "geometry": {
        "type": "Point",
        "coordinates": [
          121.402984,
          25.0069125
        ]
      },
      "id": "node/6989600668"
    },
    {
      "type": "Feature",
      "properties": {
        "@id": "node/7034662585",
        "name": "灣灣公園",
        "tourism": "viewpoint"
      },
      "geometry": {
        "type": "Point",
        "coordinates": [
          120.8469313,
          22.1177338
        ]
      },
      "id": "node/7034662585"
    },
    {
      "type": "Feature",
      "properties": {
        "@id": "node/7048407785",
        "name": "眠月線第二明隧道口",
        "tourism": "viewpoint"
      },
      "geometry": {
        "type": "Point",
        "coordinates": [
          120.800733,
          23.5321934
        ]
      },
      "id": "node/7048407785"
    },
    {
      "type": "Feature",
      "properties": {
        "@id": "node/7048407885",
        "name": "眠月線第一明隧道崩塌處",
        "tourism": "viewpoint"
      },
      "geometry": {
        "type": "Point",
        "coordinates": [
          120.8055192,
          23.5328749
        ]
      },
      "id": "node/7048407885"
    },
    {
      "type": "Feature",
      "properties": {
        "@id": "node/7051631485",
        "name": "觀景台",
        "name:en": "Sunset platform",
        "name:zh": "夕陽觀景台",
        "tourism": "viewpoint"
      },
      "geometry": {
        "type": "Point",
        "coordinates": [
          120.8018523,
          23.4996327
        ]
      },
      "id": "node/7051631485"
    },
    {
      "type": "Feature",
      "properties": {
        "@id": "node/7058141158",
        "name": "那結山觀景點",
        "tourism": "viewpoint"
      },
      "geometry": {
        "type": "Point",
        "coordinates": [
          121.3102312,
          24.7559223
        ]
      },
      "id": "node/7058141158"
    },
    {
      "type": "Feature",
      "properties": {
        "@id": "node/7099076285",
        "description": "稀有大型猛禽白尾海雕（Haliaeetus albicilla）的穩定度冬與棲息觀察熱點，多出現在廣興濕地與翡翠水庫水域。",
        "name": "新店塗潭里白尾海雕觀察點",
        "tourism": "viewpoint"
      },
      "geometry": {
        "type": "Point",
        "coordinates": [
          121.5319602,
          24.9240234
        ]
      },
      "id": "node/7099076285"
    },
    {
      "type": "Feature",
      "properties": {
        "@id": "node/7125298864",
        "name": "鯉魚潭水庫觀景台",
        "tourism": "viewpoint"
      },
      "geometry": {
        "type": "Point",
        "coordinates": [
          120.7793672,
          24.3396175
        ]
      },
      "id": "node/7125298864"
    },
    {
      "type": "Feature",
      "properties": {
        "@id": "node/7165259585",
        "name": "展望點",
        "name:de": "Toll Aussichtspunkt ins Tal",
        "name:en": "Nice viewspot to valley",
        "name:zh": "展望點",
        "tourism": "viewpoint"
      },
      "geometry": {
        "type": "Point",
        "coordinates": [
          121.5017796,
          24.1833603
        ]
      },
      "id": "node/7165259585"
    },
    {
      "type": "Feature",
      "properties": {
        "@id": "node/7169298285",
        "name": "觀景點",
        "name:de": "sehr guter Aussichtspunkt",
        "name:en": "nice Viewspot",
        "name:zh": "觀景點",
        "tourism": "viewpoint"
      },
      "geometry": {
        "type": "Point",
        "coordinates": [
          121.3174837,
          24.1793318
        ]
      },
      "id": "node/7169298285"
    },
    {
      "type": "Feature",
      "properties": {
        "@id": "node/7227997456",
        "name": "大石展望點",
        "natural": "stone",
        "tourism": "viewpoint"
      },
      "geometry": {
        "type": "Point",
        "coordinates": [
          121.543749,
          25.195305
        ]
      },
      "id": "node/7227997456"
    },
    {
      "type": "Feature",
      "properties": {
        "@id": "node/7315346043",
        "name": "舊社大橋觀景台",
        "tourism": "viewpoint"
      },
      "geometry": {
        "type": "Point",
        "coordinates": [
          120.9798237,
          24.8259933
        ]
      },
      "id": "node/7315346043"
    },
    {
      "type": "Feature",
      "properties": {
        "@id": "node/7315346044",
        "name": "舊社大橋觀景台",
        "tourism": "viewpoint"
      },
      "geometry": {
        "type": "Point",
        "coordinates": [
          120.9795956,
          24.8260726
        ]
      },
      "id": "node/7315346044"
    },
    {
      "type": "Feature",
      "properties": {
        "@id": "node/7325338285",
        "name": "柳杉林",
        "name:zh": "柳杉林",
        "tourism": "viewpoint"
      },
      "geometry": {
        "type": "Point",
        "coordinates": [
          121.5940467,
          25.152095
        ]
      },
      "id": "node/7325338285"
    },
    {
      "type": "Feature",
      "properties": {
        "@id": "node/7363223324",
        "name": "觀景平台",
        "tourism": "viewpoint"
      },
      "geometry": {
        "type": "Point",
        "coordinates": [
          120.7524787,
          24.306161
        ]
      },
      "id": "node/7363223324"
    },
    {
      "type": "Feature",
      "properties": {
        "@id": "node/7402487009",
        "name": "景觀棧道",
        "note": "天氣好時可遠眺聖稜線",
        "tourism": "viewpoint"
      },
      "geometry": {
        "type": "Point",
        "coordinates": [
          120.9556066,
          24.6923566
        ]
      },
      "id": "node/7402487009"
    },
    {
      "type": "Feature",
      "properties": {
        "@id": "node/7402487014",
        "name": "觀景平台",
        "note": "採茶姑娘與茶園風光",
        "tourism": "viewpoint"
      },
      "geometry": {
        "type": "Point",
        "coordinates": [
          120.9483357,
          24.6941
        ]
      },
      "id": "node/7402487014"
    },
    {
      "type": "Feature",
      "properties": {
        "@id": "node/7402487015",
        "name": "樹屋平台",
        "note": "茶園風光",
        "tourism": "viewpoint"
      },
      "geometry": {
        "type": "Point",
        "coordinates": [
          120.948035,
          24.6947353
        ]
      },
      "id": "node/7402487015"
    },
    {
      "type": "Feature",
      "properties": {
        "@id": "node/7444922760",
        "name": "中庄調整池觀景平台",
        "tourism": "viewpoint"
      },
      "geometry": {
        "type": "Point",
        "coordinates": [
          121.3003585,
          24.907439
        ]
      },
      "id": "node/7444922760"
    },
    {
      "type": "Feature",
      "properties": {
        "@id": "node/7469352185",
        "name": "玉山觀峰景點",
        "tourism": "viewpoint"
      },
      "geometry": {
        "type": "Point",
        "coordinates": [
          120.9085915,
          23.5428902
        ]
      },
      "id": "node/7469352185"
    },
    {
      "type": "Feature",
      "properties": {
        "@id": "node/7475453185",
        "name": "獅球嶺西景觀台",
        "tourism": "viewpoint"
      },
      "geometry": {
        "type": "Point",
        "coordinates": [
          121.7335627,
          25.1264982
        ]
      },
      "id": "node/7475453185"
    },
    {
      "type": "Feature",
      "properties": {
        "@id": "node/7522186724",
        "direction": "0-360",
        "name": "哨船頭山碉堡",
        "tourism": "viewpoint"
      },
      "geometry": {
        "type": "Point",
        "coordinates": [
          120.2683339,
          22.6193223
        ]
      },
      "id": "node/7522186724"
    },
    {
      "type": "Feature",
      "properties": {
        "@id": "node/7535900382",
        "alt_name": "大瀨",
        "ele": "140",
        "name": "外崩山坑",
        "source": "https://mnya.tw/k3/word/1545.html",
        "tourism": "viewpoint",
        "was:natural": "peak"
      },
      "geometry": {
        "type": "Point",
        "coordinates": [
          121.8350183,
          25.0171595
        ]
      },
      "id": "node/7535900382"
    },
    {
      "type": "Feature",
      "properties": {
        "@id": "node/7537285946",
        "name": "興隆大橋觀景台",
        "tourism": "viewpoint"
      },
      "geometry": {
        "type": "Point",
        "coordinates": [
          121.0364637,
          24.7968166
        ]
      },
      "id": "node/7537285946"
    },
    {
      "type": "Feature",
      "properties": {
        "@id": "node/7543088985",
        "name": "47哨觀景台",
        "tourism": "viewpoint"
      },
      "geometry": {
        "type": "Point",
        "coordinates": [
          119.9744242,
          25.9680905
        ]
      },
      "id": "node/7543088985"
    },
    {
      "type": "Feature",
      "properties": {
        "@id": "node/7548959534",
        "name": "雙心池塘",
        "tourism": "viewpoint"
      },
      "geometry": {
        "type": "Point",
        "coordinates": [
          120.5773651,
          23.996691
        ]
      },
      "id": "node/7548959534"
    },
    {
      "type": "Feature",
      "properties": {
        "@id": "node/7557972790",
        "name": "石筆初開",
        "tourism": "viewpoint"
      },
      "geometry": {
        "type": "Point",
        "coordinates": [
          120.3763712,
          22.7287118
        ]
      },
      "id": "node/7557972790"
    },
    {
      "type": "Feature",
      "properties": {
        "@id": "node/7557972794",
        "name": "虛空雲門",
        "tourism": "viewpoint"
      },
      "geometry": {
        "type": "Point",
        "coordinates": [
          120.3784145,
          22.7344148
        ]
      },
      "id": "node/7557972794"
    },
    {
      "type": "Feature",
      "properties": {
        "@id": "node/7574148678",
        "name": "思源埡口",
        "tourism": "viewpoint"
      },
      "geometry": {
        "type": "Point",
        "coordinates": [
          121.356445,
          24.3966663
        ]
      },
      "id": "node/7574148678"
    },
    {
      "type": "Feature",
      "properties": {
        "@id": "node/7574259308",
        "name": "彌勒佛像",
        "tourism": "viewpoint"
      },
      "geometry": {
        "type": "Point",
        "coordinates": [
          121.3082164,
          24.3483721
        ]
      },
      "id": "node/7574259308"
    },
    {
      "type": "Feature",
      "properties": {
        "@id": "node/7574818447",
        "name": "杉林迷你小屋(2人床位)",
        "tourism": "viewpoint"
      },
      "geometry": {
        "type": "Point",
        "coordinates": [
          121.3041863,
          24.3820606
        ]
      },
      "id": "node/7574818447"
    },
    {
      "type": "Feature",
      "properties": {
        "@id": "node/7574818448",
        "name": "杉林迷你小屋(2人床位)",
        "tourism": "viewpoint"
      },
      "geometry": {
        "type": "Point",
        "coordinates": [
          121.3041747,
          24.3824435
        ]
      },
      "id": "node/7574818448"
    },
    {
      "type": "Feature",
      "properties": {
        "@id": "node/7574818449",
        "name": "杉林迷你小屋(2人床位)",
        "tourism": "viewpoint"
      },
      "geometry": {
        "type": "Point",
        "coordinates": [
          121.3041624,
          24.3826085
        ]
      },
      "id": "node/7574818449"
    },
    {
      "type": "Feature",
      "properties": {
        "@id": "node/7574818450",
        "name": "杉林迷你小屋(2人床位)",
        "tourism": "viewpoint"
      },
      "geometry": {
        "type": "Point",
        "coordinates": [
          121.3041636,
          24.3827923
        ]
      },
      "id": "node/7574818450"
    },
    {
      "type": "Feature",
      "properties": {
        "@id": "node/7579261449",
        "name": "斷橋遺址",
        "tourism": "viewpoint"
      },
      "geometry": {
        "type": "Point",
        "coordinates": [
          120.7201197,
          22.1636041
        ]
      },
      "id": "node/7579261449"
    },
    {
      "type": "Feature",
      "properties": {
        "@id": "node/7654862203",
        "name": "觀魚台",
        "tourism": "viewpoint"
      },
      "geometry": {
        "type": "Point",
        "coordinates": [
          121.4492098,
          24.8220313
        ]
      },
      "id": "node/7654862203"
    },
    {
      "type": "Feature",
      "properties": {
        "@id": "node/7654862204",
        "name": "木棧板",
        "name:zh": "木棧板休息區",
        "tourism": "viewpoint"
      },
      "geometry": {
        "type": "Point",
        "coordinates": [
          121.4487183,
          24.8251923
        ]
      },
      "id": "node/7654862204"
    },
    {
      "type": "Feature",
      "properties": {
        "@id": "node/7654862245",
        "amenity": "shelter",
        "name": "觀瀑亭",
        "tourism": "viewpoint"
      },
      "geometry": {
        "type": "Point",
        "coordinates": [
          121.449637,
          24.8179536
        ]
      },
      "id": "node/7654862245"
    },
    {
      "type": "Feature",
      "properties": {
        "@id": "node/7654862256",
        "man_made": "tower",
        "name": "觀瀑亭2樓",
        "tourism": "viewpoint",
        "tower:type": "observation"
      },
      "geometry": {
        "type": "Point",
        "coordinates": [
          121.4536791,
          24.8194319
        ]
      },
      "id": "node/7654862256"
    },
    {
      "type": "Feature",
      "properties": {
        "@id": "node/7672866784",
        "name": "超好拍IG熱門景點",
        "name:en": "Instagram Hot Spot",
        "name:zh": "超好拍IG熱門景點",
        "name:zh-Hant": "超好拍IG熱門景點",
        "tourism": "viewpoint"
      },
      "geometry": {
        "type": "Point",
        "coordinates": [
          121.640338,
          24.0197969
        ]
      },
      "id": "node/7672866784"
    },
    {
      "type": "Feature",
      "properties": {
        "@id": "node/7676701201",
        "name": "木頭山觀景台",
        "tourism": "viewpoint"
      },
      "geometry": {
        "type": "Point",
        "coordinates": [
          121.1130519,
          24.6886437
        ]
      },
      "id": "node/7676701201"
    },
    {
      "type": "Feature",
      "properties": {
        "@id": "node/7689954691",
        "name": "太平山觀日出景觀點",
        "tourism": "viewpoint"
      },
      "geometry": {
        "type": "Point",
        "coordinates": [
          121.6163493,
          24.5111163
        ]
      },
      "id": "node/7689954691"
    },
    {
      "type": "Feature",
      "properties": {
        "@id": "node/7689964040",
        "name": "太平山觀日出景觀點",
        "tourism": "viewpoint"
      },
      "geometry": {
        "type": "Point",
        "coordinates": [
          121.6104921,
          24.5154594
        ]
      },
      "id": "node/7689964040"
    },
    {
      "type": "Feature",
      "properties": {
        "@id": "node/7689976464",
        "name": "太平山觀日出景觀點",
        "tourism": "viewpoint"
      },
      "geometry": {
        "type": "Point",
        "coordinates": [
          121.594125,
          24.5103483
        ]
      },
      "id": "node/7689976464"
    },
    {
      "type": "Feature",
      "properties": {
        "@id": "node/7689987442",
        "name": "太平山觀日出景觀點",
        "tourism": "viewpoint"
      },
      "geometry": {
        "type": "Point",
        "coordinates": [
          121.5360218,
          24.4927332
        ]
      },
      "id": "node/7689987442"
    },
    {
      "type": "Feature",
      "properties": {
        "@id": "node/7689993516",
        "name": "太平山觀日出景觀點",
        "tourism": "viewpoint"
      },
      "geometry": {
        "type": "Point",
        "coordinates": [
          121.5350191,
          24.4928228
        ]
      },
      "id": "node/7689993516"
    },
    {
      "type": "Feature",
      "properties": {
        "@id": "node/7747748593",
        "name": "瞭望台",
        "tourism": "viewpoint"
      },
      "geometry": {
        "type": "Point",
        "coordinates": [
          121.7534246,
          24.4667729
        ]
      },
      "id": "node/7747748593"
    },
    {
      "type": "Feature",
      "properties": {
        "@id": "node/7764639651",
        "direction": "90",
        "name": "枕山宜蘭夜景",
        "tourism": "viewpoint"
      },
      "geometry": {
        "type": "Point",
        "coordinates": [
          121.7220444,
          24.7705871
        ]
      },
      "id": "node/7764639651"
    },
    {
      "type": "Feature",
      "properties": {
        "@id": "node/7765572162",
        "name": "豐濱新社懸崖水稻田",
        "tourism": "viewpoint"
      },
      "geometry": {
        "type": "Point",
        "coordinates": [
          121.5430417,
          23.6649986
        ]
      },
      "id": "node/7765572162"
    },
    {
      "type": "Feature",
      "properties": {
        "@id": "node/7765572163",
        "name": "豐濱天空步道",
        "tourism": "viewpoint"
      },
      "geometry": {
        "type": "Point",
        "coordinates": [
          121.5446677,
          23.6712713
        ]
      },
      "id": "node/7765572163"
    },
    {
      "type": "Feature",
      "properties": {
        "@id": "node/7786131086",
        "name": "天長隧道東出口",
        "tourism": "viewpoint"
      },
      "geometry": {
        "type": "Point",
        "coordinates": [
          121.3658515,
          24.0240297
        ]
      },
      "id": "node/7786131086"
    },
    {
      "type": "Feature",
      "properties": {
        "@id": "node/7831540160",
        "name": "觀景台",
        "tourism": "viewpoint"
      },
      "geometry": {
        "type": "Point",
        "coordinates": [
          121.3256246,
          24.7993149
        ]
      },
      "id": "node/7831540160"
    },
    {
      "type": "Feature",
      "properties": {
        "@id": "node/7841997685",
        "name": "觀景台",
        "tourism": "viewpoint"
      },
      "geometry": {
        "type": "Point",
        "coordinates": [
          120.711411,
          23.627972
        ]
      },
      "id": "node/7841997685"
    },
    {
      "type": "Feature",
      "properties": {
        "@id": "node/7885597286",
        "name": "觀景台",
        "tourism": "viewpoint"
      },
      "geometry": {
        "type": "Point",
        "coordinates": [
          120.8002886,
          22.2192033
        ]
      },
      "id": "node/7885597286"
    },
    {
      "type": "Feature",
      "properties": {
        "@id": "node/7896354086",
        "name": "和平花",
        "tourism": "viewpoint"
      },
      "geometry": {
        "type": "Point",
        "coordinates": [
          121.7520295,
          24.30067
        ]
      },
      "id": "node/7896354086"
    },
    {
      "type": "Feature",
      "properties": {
        "@id": "node/7913247427",
        "name": "拾丸谷",
        "tourism": "viewpoint"
      },
      "geometry": {
        "type": "Point",
        "coordinates": [
          121.0566626,
          24.3117212
        ]
      },
      "id": "node/7913247427"
    },
    {
      "type": "Feature",
      "properties": {
        "@id": "node/7999799499",
        "name": "高鐵觀景台",
        "tourism": "viewpoint"
      },
      "geometry": {
        "type": "Point",
        "coordinates": [
          120.674732,
          24.3255906
        ]
      },
      "id": "node/7999799499"
    },
    {
      "type": "Feature",
      "properties": {
        "@id": "node/8001401188",
        "name": "林道左轉往溪南山營地",
        "tourism": "viewpoint"
      },
      "geometry": {
        "type": "Point",
        "coordinates": [
          120.8216717,
          23.0852982
        ]
      },
      "id": "node/8001401188"
    },
    {
      "type": "Feature",
      "properties": {
        "@id": "node/8001401386",
        "name": "下切秀湖捷徑",
        "tourism": "viewpoint"
      },
      "geometry": {
        "type": "Point",
        "coordinates": [
          120.816227,
          23.0882161
        ]
      },
      "id": "node/8001401386"
    },
    {
      "type": "Feature",
      "properties": {
        "@id": "node/8010489930",
        "name": "飛機拍攝點",
        "tourism": "viewpoint"
      },
      "geometry": {
        "type": "Point",
        "coordinates": [
          121.5318089,
          25.0703262
        ]
      },
      "id": "node/8010489930"
    },
    {
      "type": "Feature",
      "properties": {
        "@id": "node/8041323973",
        "name": "石門洞",
        "tourism": "viewpoint"
      },
      "geometry": {
        "type": "Point",
        "coordinates": [
          121.568381,
          25.2958668
        ]
      },
      "id": "node/8041323973"
    },
    {
      "type": "Feature",
      "properties": {
        "@id": "node/8069064486",
        "name": "浮潛",
        "name:zh": "浮潛",
        "name:zh-Hans": "浮潜",
        "name:zh-Hant": "浮潛",
        "tourism": "viewpoint"
      },
      "geometry": {
        "type": "Point",
        "coordinates": [
          120.371129,
          22.3525661
        ]
      },
      "id": "node/8069064486"
    },
    {
      "type": "Feature",
      "properties": {
        "@id": "node/8069071185",
        "name": "海邊",
        "name:zh": "海邊",
        "name:zh-Hans": "海边",
        "name:zh-Hant": "海邊",
        "tourism": "viewpoint"
      },
      "geometry": {
        "type": "Point",
        "coordinates": [
          120.3651488,
          22.3494132
        ]
      },
      "id": "node/8069071185"
    },
    {
      "type": "Feature",
      "properties": {
        "@id": "node/8093704021",
        "name": "三星落羽松",
        "tourism": "viewpoint"
      },
      "geometry": {
        "type": "Point",
        "coordinates": [
          121.6774352,
          24.6704292
        ]
      },
      "id": "node/8093704021"
    },
    {
      "type": "Feature",
      "properties": {
        "@id": "node/8234410615",
        "name": "金剛岩觀景點",
        "tourism": "viewpoint"
      },
      "geometry": {
        "type": "Point",
        "coordinates": [
          120.9173569,
          23.4720199
        ]
      },
      "id": "node/8234410615"
    },
    {
      "type": "Feature",
      "properties": {
        "@id": "node/8255156659",
        "name": "落日灣",
        "tourism": "viewpoint"
      },
      "geometry": {
        "type": "Point",
        "coordinates": [
          120.4856256,
          22.4443383
        ]
      },
      "id": "node/8255156659"
    },
    {
      "type": "Feature",
      "properties": {
        "@id": "node/8263021217",
        "name": "休憩平台",
        "tourism": "viewpoint"
      },
      "geometry": {
        "type": "Point",
        "coordinates": [
          121.6268244,
          24.1575682
        ]
      },
      "id": "node/8263021217"
    },
    {
      "type": "Feature",
      "properties": {
        "@id": "node/8263021317",
        "name": "小休憩平台",
        "tourism": "viewpoint"
      },
      "geometry": {
        "type": "Point",
        "coordinates": [
          121.62602,
          24.1590485
        ]
      },
      "id": "node/8263021317"
    },
    {
      "type": "Feature",
      "properties": {
        "@id": "node/8296027717",
        "name": "墨硯山夜景",
        "tourism": "viewpoint"
      },
      "geometry": {
        "type": "Point",
        "coordinates": [
          120.8455217,
          24.5578702
        ]
      },
      "id": "node/8296027717"
    },
    {
      "type": "Feature",
      "properties": {
        "@id": "node/8331301352",
        "name": "上巴陵景觀台",
        "tourism": "viewpoint"
      },
      "geometry": {
        "type": "Point",
        "coordinates": [
          121.3990213,
          24.6859511
        ]
      },
      "id": "node/8331301352"
    },
    {
      "type": "Feature",
      "properties": {
        "@id": "node/8568467517",
        "name": "擎天崗草原",
        "tourism": "viewpoint"
      },
      "geometry": {
        "type": "Point",
        "coordinates": [
          121.5755813,
          25.1649758
        ]
      },
      "id": "node/8568467517"
    },
    {
      "type": "Feature",
      "properties": {
        "@id": "node/8599442646",
        "name": "龍騰斷橋遺址南斷橋",
        "tourism": "viewpoint"
      },
      "geometry": {
        "type": "Point",
        "coordinates": [
          120.7729371,
          24.3576944
        ]
      },
      "id": "node/8599442646"
    },
    {
      "type": "Feature",
      "properties": {
        "@id": "node/8736455568",
        "name": "新柑坪碼頭",
        "note": "道路路底，石門水庫畔邊，缺水時會露出大片草原",
        "source": "https://mnya.tw/yo/word/1268.html",
        "tourism": "viewpoint"
      },
      "geometry": {
        "type": "Point",
        "coordinates": [
          121.2912961,
          24.8086067
        ]
      },
      "id": "node/8736455568"
    },
    {
      "type": "Feature",
      "properties": {
        "@id": "node/8751529117",
        "name": "外澳飛行傘基地",
        "name:en": "Take off paragliding",
        "tourism": "viewpoint"
      },
      "geometry": {
        "type": "Point",
        "coordinates": [
          121.8343492,
          24.8788242
        ]
      },
      "id": "node/8751529117"
    },
    {
      "type": "Feature",
      "properties": {
        "@id": "node/8844370317",
        "name": "涼亭",
        "tourism": "viewpoint"
      },
      "geometry": {
        "type": "Point",
        "coordinates": [
          121.0509555,
          24.6805473
        ]
      },
      "id": "node/8844370317"
    },
    {
      "type": "Feature",
      "properties": {
        "@id": "node/8919325077",
        "name": "通學古道",
        "tourism": "viewpoint"
      },
      "geometry": {
        "type": "Point",
        "coordinates": [
          121.1955026,
          24.9189936
        ]
      },
      "id": "node/8919325077"
    },
    {
      "type": "Feature",
      "properties": {
        "@id": "node/8938449459",
        "name": "觀瀑台",
        "tourism": "viewpoint",
        "wheelchair": "no"
      },
      "geometry": {
        "type": "Point",
        "coordinates": [
          121.5268593,
          24.8282158
        ]
      },
      "id": "node/8938449459"
    },
    {
      "type": "Feature",
      "properties": {
        "@id": "node/8938449460",
        "name": "觀瀑台",
        "tourism": "viewpoint",
        "wheelchair": "no"
      },
      "geometry": {
        "type": "Point",
        "coordinates": [
          121.5268794,
          24.8276994
        ]
      },
      "id": "node/8938449460"
    },
    {
      "type": "Feature",
      "properties": {
        "@id": "node/9033542860",
        "name": "第二觀景台",
        "tourism": "viewpoint"
      },
      "geometry": {
        "type": "Point",
        "coordinates": [
          121.3918087,
          24.8888793
        ]
      },
      "id": "node/9033542860"
    },
    {
      "type": "Feature",
      "properties": {
        "@id": "node/9033542877",
        "name": "第一觀景台",
        "tourism": "viewpoint"
      },
      "geometry": {
        "type": "Point",
        "coordinates": [
          121.3929515,
          24.8890091
        ]
      },
      "id": "node/9033542877"
    },
    {
      "type": "Feature",
      "properties": {
        "@id": "node/9044759996",
        "direction": "E",
        "name": "安通越嶺道第二觀景台",
        "tourism": "viewpoint"
      },
      "geometry": {
        "type": "Point",
        "coordinates": [
          121.3779102,
          23.2784326
        ]
      },
      "id": "node/9044759996"
    },
    {
      "type": "Feature",
      "properties": {
        "@id": "node/9044759997",
        "direction": "E",
        "name": "安通越嶺道第一觀景台",
        "tourism": "viewpoint"
      },
      "geometry": {
        "type": "Point",
        "coordinates": [
          121.3771558,
          23.2827957
        ]
      },
      "id": "node/9044759997"
    },
    {
      "type": "Feature",
      "properties": {
        "@id": "node/9051103601",
        "name": "天然浮雕",
        "tourism": "viewpoint"
      },
      "geometry": {
        "type": "Point",
        "coordinates": [
          121.3575594,
          24.8728057
        ]
      },
      "id": "node/9051103601"
    },
    {
      "type": "Feature",
      "properties": {
        "@id": "node/9051103602",
        "name": "黑松三姐妹",
        "tourism": "viewpoint"
      },
      "geometry": {
        "type": "Point",
        "coordinates": [
          121.3560329,
          24.872103
        ]
      },
      "id": "node/9051103602"
    },
    {
      "type": "Feature",
      "properties": {
        "@id": "node/9083556817",
        "name": "宜蘭橋頭(台九線)",
        "tourism": "viewpoint"
      },
      "geometry": {
        "type": "Point",
        "coordinates": [
          121.754852,
          24.764636
        ]
      },
      "id": "node/9083556817"
    },
    {
      "type": "Feature",
      "properties": {
        "@id": "node/9111235449",
        "disused:natural": "peak",
        "ele": "405",
        "name": "作埤內",
        "tourism": "viewpoint"
      },
      "geometry": {
        "type": "Point",
        "coordinates": [
          121.7122026,
          25.0384718
        ]
      },
      "id": "node/9111235449"
    },
    {
      "type": "Feature",
      "properties": {
        "@id": "node/9126274963",
        "name": "景觀平台",
        "tourism": "viewpoint"
      },
      "geometry": {
        "type": "Point",
        "coordinates": [
          120.6717935,
          24.4954313
        ]
      },
      "id": "node/9126274963"
    },
    {
      "type": "Feature",
      "properties": {
        "@id": "node/9143443219",
        "direction": "25",
        "name": "蘭陽平原龜山島眺望點",
        "tourism": "viewpoint"
      },
      "geometry": {
        "type": "Point",
        "coordinates": [
          121.767234,
          24.6063978
        ]
      },
      "id": "node/9143443219"
    },
    {
      "type": "Feature",
      "properties": {
        "@id": "node/9165014868",
        "name": "樂山林道景觀平台",
        "tourism": "viewpoint"
      },
      "geometry": {
        "type": "Point",
        "coordinates": [
          121.0877136,
          24.4999311
        ]
      },
      "id": "node/9165014868"
    },
    {
      "type": "Feature",
      "properties": {
        "@id": "node/9165014890",
        "name": "樂山林道景觀平台",
        "tourism": "viewpoint"
      },
      "geometry": {
        "type": "Point",
        "coordinates": [
          121.0876769,
          24.4995566
        ]
      },
      "id": "node/9165014890"
    },
    {
      "type": "Feature",
      "properties": {
        "@id": "node/9166612281",
        "name": "遠眺雙鬼小霸尖",
        "tourism": "viewpoint"
      },
      "geometry": {
        "type": "Point",
        "coordinates": [
          121.8800138,
          25.1145065
        ]
      },
      "id": "node/9166612281"
    },
    {
      "type": "Feature",
      "properties": {
        "@id": "node/9166612282",
        "name": "觀龍坡",
        "tourism": "viewpoint"
      },
      "geometry": {
        "type": "Point",
        "coordinates": [
          121.8816428,
          25.116779
        ]
      },
      "id": "node/9166612282"
    },
    {
      "type": "Feature",
      "properties": {
        "@id": "node/9176161287",
        "name": "觀瀑點",
        "tourism": "viewpoint"
      },
      "geometry": {
        "type": "Point",
        "coordinates": [
          121.8803882,
          25.1135445
        ]
      },
      "id": "node/9176161287"
    },
    {
      "type": "Feature",
      "properties": {
        "@id": "node/9198709165",
        "name": "安平港觀景平台",
        "name:zh": "安平港觀景平台",
        "tourism": "viewpoint"
      },
      "geometry": {
        "type": "Point",
        "coordinates": [
          120.1610599,
          22.997924
        ]
      },
      "id": "node/9198709165"
    },
    {
      "type": "Feature",
      "properties": {
        "@id": "node/9212307766",
        "name": "山鼻山觀景台",
        "tourism": "viewpoint"
      },
      "geometry": {
        "type": "Point",
        "coordinates": [
          121.3023212,
          25.0698409
        ]
      },
      "id": "node/9212307766"
    },
    {
      "type": "Feature",
      "properties": {
        "@id": "node/9213560917",
        "name": "觀測站",
        "tourism": "viewpoint"
      },
      "geometry": {
        "type": "Point",
        "coordinates": [
          120.2497364,
          22.7681499
        ]
      },
      "id": "node/9213560917"
    },
    {
      "type": "Feature",
      "properties": {
        "@id": "node/9260149767",
        "name": "夏至丘",
        "tourism": "viewpoint"
      },
      "geometry": {
        "type": "Point",
        "coordinates": [
          120.5861692,
          22.5388638
        ]
      },
      "id": "node/9260149767"
    },
    {
      "type": "Feature",
      "properties": {
        "@id": "node/9260149768",
        "name": "冬至丘",
        "tourism": "viewpoint"
      },
      "geometry": {
        "type": "Point",
        "coordinates": [
          120.5883075,
          22.5352451
        ]
      },
      "id": "node/9260149768"
    },
    {
      "type": "Feature",
      "properties": {
        "@id": "node/9333167441",
        "name": "心型公路",
        "tourism": "viewpoint"
      },
      "geometry": {
        "type": "Point",
        "coordinates": [
          120.7068408,
          24.5386701
        ]
      },
      "id": "node/9333167441"
    },
    {
      "type": "Feature",
      "properties": {
        "@id": "node/9333323061",
        "name": "彩虹消波塊",
        "name:zh": "彩虹消波塊",
        "name:zh-Hans": "彩虹消波块",
        "name:zh-Hant": "彩虹消波塊",
        "tourism": "viewpoint"
      },
      "geometry": {
        "type": "Point",
        "coordinates": [
          119.4998936,
          23.5660536
        ]
      },
      "id": "node/9333323061"
    },
    {
      "type": "Feature",
      "properties": {
        "@id": "node/9334744885",
        "name": "竹坑南寮A步道觀景平台",
        "tourism": "viewpoint"
      },
      "geometry": {
        "type": "Point",
        "coordinates": [
          120.5536275,
          24.1774195
        ]
      },
      "id": "node/9334744885"
    },
    {
      "type": "Feature",
      "properties": {
        "@id": "node/9336346477",
        "name": "樂山林道景觀平台",
        "tourism": "viewpoint"
      },
      "geometry": {
        "type": "Point",
        "coordinates": [
          121.0879479,
          24.4997227
        ]
      },
      "id": "node/9336346477"
    },
    {
      "type": "Feature",
      "properties": {
        "@id": "node/9396088417",
        "name": "觀星平台",
        "tourism": "viewpoint"
      },
      "geometry": {
        "type": "Point",
        "coordinates": [
          118.2450221,
          24.4418694
        ]
      },
      "id": "node/9396088417"
    },
    {
      "type": "Feature",
      "properties": {
        "@id": "node/9396095619",
        "name": "觀測所",
        "tourism": "viewpoint"
      },
      "geometry": {
        "type": "Point",
        "coordinates": [
          118.244871,
          24.441729
        ]
      },
      "id": "node/9396095619"
    },
    {
      "type": "Feature",
      "properties": {
        "@id": "node/9401049541",
        "ele": "64",
        "name": "廢陣地",
        "tourism": "viewpoint"
      },
      "geometry": {
        "type": "Point",
        "coordinates": [
          118.4085694,
          24.4391552
        ]
      },
      "id": "node/9401049541"
    },
    {
      "type": "Feature",
      "properties": {
        "@id": "node/9406638915",
        "direction": "-100",
        "name": "赤崁頂",
        "tourism": "viewpoint"
      },
      "geometry": {
        "type": "Point",
        "coordinates": [
          120.8182,
          24.0859601
        ]
      },
      "id": "node/9406638915"
    },
    {
      "type": "Feature",
      "properties": {
        "@id": "node/9437067217",
        "name": "雲堂晝寢",
        "tourism": "viewpoint"
      },
      "geometry": {
        "type": "Point",
        "coordinates": [
          121.6395181,
          25.1001002
        ]
      },
      "id": "node/9437067217"
    },
    {
      "type": "Feature",
      "properties": {
        "@id": "node/9441911992",
        "name": "細道邦大峭壁景觀點",
        "tourism": "viewpoint"
      },
      "geometry": {
        "type": "Point",
        "coordinates": [
          120.907857,
          24.3856238
        ]
      },
      "id": "node/9441911992"
    },
    {
      "type": "Feature",
      "properties": {
        "@id": "node/9442246882",
        "ele": "255",
        "name": "觀景點",
        "tourism": "viewpoint"
      },
      "geometry": {
        "type": "Point",
        "coordinates": [
          121.1079745,
          24.7920657
        ]
      },
      "id": "node/9442246882"
    },
    {
      "type": "Feature",
      "properties": {
        "@id": "node/9459466709",
        "alt_name": "葉山樓",
        "name": "龍潭怪怪屋",
        "tourism": "viewpoint"
      },
      "geometry": {
        "type": "Point",
        "coordinates": [
          121.2136048,
          24.8698427
        ]
      },
      "id": "node/9459466709"
    },
    {
      "type": "Feature",
      "properties": {
        "@id": "node/9467515333",
        "name": "屏東咖啡園區",
        "tourism": "viewpoint"
      },
      "geometry": {
        "type": "Point",
        "coordinates": [
          120.6114819,
          22.6040055
        ]
      },
      "id": "node/9467515333"
    },
    {
      "type": "Feature",
      "properties": {
        "@id": "node/9480240290",
        "name": "觀景平台",
        "tourism": "viewpoint"
      },
      "geometry": {
        "type": "Point",
        "coordinates": [
          120.4804364,
          23.0076286
        ]
      },
      "id": "node/9480240290"
    },
    {
      "type": "Feature",
      "properties": {
        "@id": "node/9489261702",
        "name": "懷舊電信桿",
        "tourism": "viewpoint"
      },
      "geometry": {
        "type": "Point",
        "coordinates": [
          120.489509,
          23.2203315
        ]
      },
      "id": "node/9489261702"
    },
    {
      "type": "Feature",
      "properties": {
        "@id": "node/9492176755",
        "name": "急陡",
        "tourism": "viewpoint"
      },
      "geometry": {
        "type": "Point",
        "coordinates": [
          120.9074752,
          23.2687969
        ]
      },
      "id": "node/9492176755"
    },
    {
      "type": "Feature",
      "properties": {
        "@id": "node/9492176756",
        "name": "急陡",
        "tourism": "viewpoint"
      },
      "geometry": {
        "type": "Point",
        "coordinates": [
          120.9107449,
          23.2739481
        ]
      },
      "id": "node/9492176756"
    },
    {
      "type": "Feature",
      "properties": {
        "@id": "node/9502869625",
        "name": "休憩平台",
        "tourism": "viewpoint"
      },
      "geometry": {
        "type": "Point",
        "coordinates": [
          120.3802994,
          23.9593823
        ]
      },
      "id": "node/9502869625"
    },
    {
      "type": "Feature",
      "properties": {
        "@id": "node/9513720195",
        "name": "展望平台",
        "tourism": "viewpoint"
      },
      "geometry": {
        "type": "Point",
        "coordinates": [
          120.5454799,
          23.3379878
        ]
      },
      "id": "node/9513720195"
    },
    {
      "type": "Feature",
      "properties": {
        "@id": "node/9520364477",
        "alt_name": "食水坑步道高點",
        "ele": "331",
        "name": "楊梅矮坪子景緻點",
        "source": "https://mnya.tw/yo/word/1615.html",
        "tourism": "viewpoint"
      },
      "geometry": {
        "type": "Point",
        "coordinates": [
          121.1739456,
          24.8886438
        ]
      },
      "id": "node/9520364477"
    },
    {
      "type": "Feature",
      "properties": {
        "@id": "node/9528636632",
        "name": "展望",
        "tourism": "viewpoint"
      },
      "geometry": {
        "type": "Point",
        "coordinates": [
          120.7385592,
          22.7211591
        ]
      },
      "id": "node/9528636632"
    },
    {
      "type": "Feature",
      "properties": {
        "@id": "node/9528721236",
        "name": "展望",
        "tourism": "viewpoint"
      },
      "geometry": {
        "type": "Point",
        "coordinates": [
          120.7149902,
          22.2958081
        ]
      },
      "id": "node/9528721236"
    },
    {
      "type": "Feature",
      "properties": {
        "@id": "node/9548623548",
        "name": "水圳生態池",
        "tourism": "viewpoint"
      },
      "geometry": {
        "type": "Point",
        "coordinates": [
          121.2185448,
          24.9612029
        ]
      },
      "id": "node/9548623548"
    },
    {
      "type": "Feature",
      "properties": {
        "@id": "node/9555449217",
        "name": "觀景平台",
        "tourism": "viewpoint"
      },
      "geometry": {
        "type": "Point",
        "coordinates": [
          120.3602379,
          22.961728
        ]
      },
      "id": "node/9555449217"
    },
    {
      "type": "Feature",
      "properties": {
        "@id": "node/9555476817",
        "name": "涼亭",
        "tourism": "viewpoint"
      },
      "geometry": {
        "type": "Point",
        "coordinates": [
          120.3577739,
          22.9620652
        ]
      },
      "id": "node/9555476817"
    },
    {
      "type": "Feature",
      "properties": {
        "@id": "node/9555499517",
        "name": "後門",
        "tourism": "viewpoint"
      },
      "geometry": {
        "type": "Point",
        "coordinates": [
          120.3611612,
          22.961621
        ]
      },
      "id": "node/9555499517"
    },
    {
      "type": "Feature",
      "properties": {
        "@id": "node/9556249646",
        "direction": "90",
        "name": "觀景點",
        "source": "https://mnya.tw/k3/word/1541.html",
        "tourism": "viewpoint"
      },
      "geometry": {
        "type": "Point",
        "coordinates": [
          121.7646363,
          24.9947008
        ]
      },
      "id": "node/9556249646"
    },
    {
      "type": "Feature",
      "properties": {
        "@id": "node/9560487189",
        "access": "no",
        "name": "瞭望台",
        "tourism": "viewpoint"
      },
      "geometry": {
        "type": "Point",
        "coordinates": [
          120.3732761,
          22.7253741
        ]
      },
      "id": "node/9560487189"
    },
    {
      "type": "Feature",
      "properties": {
        "@id": "node/9561773165",
        "name": "展望點",
        "tourism": "viewpoint"
      },
      "geometry": {
        "type": "Point",
        "coordinates": [
          121.2822482,
          24.8076435
        ]
      },
      "id": "node/9561773165"
    },
    {
      "type": "Feature",
      "properties": {
        "@id": "node/9561829277",
        "name": "水泥拱橋",
        "tourism": "viewpoint"
      },
      "geometry": {
        "type": "Point",
        "coordinates": [
          121.4114049,
          24.8301339
        ]
      },
      "id": "node/9561829277"
    },
    {
      "type": "Feature",
      "properties": {
        "@id": "node/9573151412",
        "amenity": "shelter",
        "name": "193高地避雨亭",
        "shelter_type": "sun_shelter",
        "tourism": "viewpoint",
        "wheelchair": "no"
      },
      "geometry": {
        "type": "Point",
        "coordinates": [
          121.3272621,
          25.0064923
        ]
      },
      "id": "node/9573151412"
    },
    {
      "type": "Feature",
      "properties": {
        "@id": "node/9577571125",
        "name": "觀景點",
        "tourism": "viewpoint"
      },
      "geometry": {
        "type": "Point",
        "coordinates": [
          121.4494484,
          23.8482435
        ]
      },
      "id": "node/9577571125"
    },
    {
      "type": "Feature",
      "properties": {
        "@id": "node/9589894190",
        "name": "觀景點",
        "source": "https://mnya.tw/k3/word/1549.html",
        "tourism": "viewpoint"
      },
      "geometry": {
        "type": "Point",
        "coordinates": [
          121.8161449,
          25.0160686
        ]
      },
      "id": "node/9589894190"
    },
    {
      "type": "Feature",
      "properties": {
        "@id": "node/9605894906",
        "name": "展望",
        "tourism": "viewpoint"
      },
      "geometry": {
        "type": "Point",
        "coordinates": [
          120.6388814,
          23.1836795
        ]
      },
      "id": "node/9605894906"
    },
    {
      "type": "Feature",
      "properties": {
        "@id": "node/9621024117",
        "name": "磺山地熱口",
        "tourism": "viewpoint"
      },
      "geometry": {
        "type": "Point",
        "coordinates": [
          121.6141529,
          25.1882276
        ]
      },
      "id": "node/9621024117"
    },
    {
      "type": "Feature",
      "properties": {
        "@id": "node/9624174464",
        "name": "觀景台",
        "tourism": "viewpoint"
      },
      "geometry": {
        "type": "Point",
        "coordinates": [
          120.703829,
          23.2516232
        ]
      },
      "id": "node/9624174464"
    },
    {
      "type": "Feature",
      "properties": {
        "@id": "node/9624202949",
        "name": "觀景台",
        "tourism": "viewpoint"
      },
      "geometry": {
        "type": "Point",
        "coordinates": [
          120.7063835,
          23.2470887
        ]
      },
      "id": "node/9624202949"
    },
    {
      "type": "Feature",
      "properties": {
        "@id": "node/9629392036",
        "name": "金城民防坑道",
        "tourism": "viewpoint"
      },
      "geometry": {
        "type": "Point",
        "coordinates": [
          118.3201046,
          24.433253
        ]
      },
      "id": "node/9629392036"
    },
    {
      "type": "Feature",
      "properties": {
        "@id": "node/9657926017",
        "name": "八二三砲戰故事館",
        "tourism": "viewpoint"
      },
      "geometry": {
        "type": "Point",
        "coordinates": [
          121.2817402,
          24.9023113
        ]
      },
      "id": "node/9657926017"
    },
    {
      "type": "Feature",
      "properties": {
        "@id": "node/9671321738",
        "name": "展望",
        "tourism": "viewpoint"
      },
      "geometry": {
        "type": "Point",
        "coordinates": [
          120.5260304,
          23.2958327
        ]
      },
      "id": "node/9671321738"
    },
    {
      "type": "Feature",
      "properties": {
        "@id": "node/9671815215",
        "name": "小西特色街巷",
        "tourism": "viewpoint"
      },
      "geometry": {
        "type": "Point",
        "coordinates": [
          120.5392117,
          24.0807753
        ]
      },
      "id": "node/9671815215"
    },
    {
      "type": "Feature",
      "properties": {
        "@id": "node/9673472493",
        "addr:city": "彰化縣",
        "addr:country": "TW",
        "addr:district": "田中鎮",
        "addr:full": "520彰化縣田中鎮斗中路二段230巷248號",
        "addr:housenumber": "248",
        "addr:postcode": "520",
        "addr:province": "台灣省",
        "addr:street": "斗中路二段230巷",
        "alt_name": "田中窯陶坊",
        "name": "田中窯創藝園區",
        "tourism": "viewpoint"
      },
      "geometry": {
        "type": "Point",
        "coordinates": [
          120.5701169,
          23.8691341
        ]
      },
      "id": "node/9673472493"
    },
    {
      "type": "Feature",
      "properties": {
        "@id": "node/9697322133",
        "name": "白水湖壽島",
        "tourism": "viewpoint"
      },
      "geometry": {
        "type": "Point",
        "coordinates": [
          120.1521167,
          23.4036301
        ]
      },
      "id": "node/9697322133"
    },
    {
      "type": "Feature",
      "properties": {
        "@id": "node/9705178349",
        "name": "羅東運動公園落羽松",
        "tourism": "viewpoint"
      },
      "geometry": {
        "type": "Point",
        "coordinates": [
          121.75757,
          24.6825753
        ]
      },
      "id": "node/9705178349"
    },
    {
      "type": "Feature",
      "properties": {
        "@id": "node/9705178373",
        "name": "東丘",
        "tourism": "viewpoint"
      },
      "geometry": {
        "type": "Point",
        "coordinates": [
          121.757404,
          24.6828958
        ]
      },
      "id": "node/9705178373"
    },
    {
      "type": "Feature",
      "properties": {
        "@id": "node/9705178720",
        "name": "水上舞台",
        "tourism": "viewpoint"
      },
      "geometry": {
        "type": "Point",
        "coordinates": [
          121.7554609,
          24.6832132
        ]
      },
      "id": "node/9705178720"
    },
    {
      "type": "Feature",
      "properties": {
        "@id": "node/9726849505",
        "name": "大野狼與小綿羊岩",
        "tourism": "viewpoint"
      },
      "geometry": {
        "type": "Point",
        "coordinates": [
          121.8693267,
          25.1240343
        ]
      },
      "id": "node/9726849505"
    },
    {
      "type": "Feature",
      "properties": {
        "@id": "node/9740992956",
        "name": "龍船窩景觀台",
        "tourism": "viewpoint"
      },
      "geometry": {
        "type": "Point",
        "coordinates": [
          120.4298981,
          22.9460281
        ]
      },
      "id": "node/9740992956"
    },
    {
      "type": "Feature",
      "properties": {
        "@id": "node/9741001068",
        "name": "烏山頭觀景點",
        "note": "媲美二寮日出、雲海的景觀",
        "tourism": "viewpoint"
      },
      "geometry": {
        "type": "Point",
        "coordinates": [
          120.4242436,
          22.9325451
        ]
      },
      "id": "node/9741001068"
    },
    {
      "type": "Feature",
      "properties": {
        "@id": "node/9753671318",
        "name": "View From Fort",
        "name:en": "View From Fort",
        "tourism": "viewpoint"
      },
      "geometry": {
        "type": "Point",
        "coordinates": [
          119.5588172,
          23.5632667
        ]
      },
      "id": "node/9753671318"
    },
    {
      "type": "Feature",
      "properties": {
        "@id": "node/9759374080",
        "alt_name": "復興彩虹眷村",
        "name": "復興老兵文化園區",
        "tourism": "viewpoint"
      },
      "geometry": {
        "type": "Point",
        "coordinates": [
          120.2400712,
          22.9980113
        ]
      },
      "id": "node/9759374080"
    },
    {
      "type": "Feature",
      "properties": {
        "@id": "node/9763998411",
        "name": "308高地觀景平台",
        "old_name": "望高寮觀景平台",
        "tourism": "viewpoint"
      },
      "geometry": {
        "type": "Point",
        "coordinates": [
          120.4421364,
          22.9759134
        ]
      },
      "id": "node/9763998411"
    },
    {
      "type": "Feature",
      "properties": {
        "@id": "node/9778583850",
        "name": "小玉山",
        "tourism": "viewpoint"
      },
      "geometry": {
        "type": "Point",
        "coordinates": [
          120.4539296,
          23.0015702
        ]
      },
      "id": "node/9778583850"
    },
    {
      "type": "Feature",
      "properties": {
        "@id": "node/9778616962",
        "name": "大峽谷",
        "tourism": "viewpoint"
      },
      "geometry": {
        "type": "Point",
        "coordinates": [
          120.4423361,
          22.986042
        ]
      },
      "id": "node/9778616962"
    },
    {
      "type": "Feature",
      "properties": {
        "@id": "node/9778618395",
        "name": "草山夕陽",
        "tourism": "viewpoint"
      },
      "geometry": {
        "type": "Point",
        "coordinates": [
          120.4591364,
          23.0021851
        ]
      },
      "id": "node/9778618395"
    },
    {
      "type": "Feature",
      "properties": {
        "@id": "node/9778633925",
        "name": "桃源谷",
        "tourism": "viewpoint"
      },
      "geometry": {
        "type": "Point",
        "coordinates": [
          120.4494863,
          22.9927862
        ]
      },
      "id": "node/9778633925"
    },
    {
      "type": "Feature",
      "properties": {
        "@id": "node/9794493793",
        "name": "養女湖泥漿瀑布",
        "tourism": "viewpoint"
      },
      "geometry": {
        "type": "Point",
        "coordinates": [
          120.4098405,
          22.8054797
        ]
      },
      "id": "node/9794493793"
    },
    {
      "type": "Feature",
      "properties": {
        "@id": "node/9796423725",
        "name": "瀑布觀景台",
        "tourism": "viewpoint"
      },
      "geometry": {
        "type": "Point",
        "coordinates": [
          120.6347175,
          23.5500384
        ]
      },
      "id": "node/9796423725"
    },
    {
      "type": "Feature",
      "properties": {
        "@id": "node/9797717022",
        "name": "三八嶺秘境",
        "tourism": "viewpoint"
      },
      "geometry": {
        "type": "Point",
        "coordinates": [
          120.4003622,
          22.7991303
        ]
      },
      "id": "node/9797717022"
    },
    {
      "type": "Feature",
      "properties": {
        "@id": "node/9797731424",
        "name": "橫路月世界秘境",
        "tourism": "viewpoint"
      },
      "geometry": {
        "type": "Point",
        "coordinates": [
          120.4138008,
          22.8173755
        ]
      },
      "id": "node/9797731424"
    },
    {
      "type": "Feature",
      "properties": {
        "@id": "node/9803400821",
        "name": "休憩平台",
        "tourism": "viewpoint"
      },
      "geometry": {
        "type": "Point",
        "coordinates": [
          120.2784114,
          22.6362975
        ]
      },
      "id": "node/9803400821"
    },
    {
      "type": "Feature",
      "properties": {
        "@id": "node/9811686918",
        "name": "環線轉彎處",
        "tourism": "viewpoint"
      },
      "geometry": {
        "type": "Point",
        "coordinates": [
          120.4601936,
          22.8550141
        ]
      },
      "id": "node/9811686918"
    },
    {
      "type": "Feature",
      "properties": {
        "@id": "node/9811846664",
        "name": "戶羽機關車園區",
        "tourism": "viewpoint"
      },
      "geometry": {
        "type": "Point",
        "coordinates": [
          120.5392446,
          24.08516
        ]
      },
      "id": "node/9811846664"
    },
    {
      "type": "Feature",
      "properties": {
        "@id": "node/9818836322",
        "name": "背嶺觀景台",
        "tourism": "viewpoint"
      },
      "geometry": {
        "type": "Point",
        "coordinates": [
          121.1420613,
          22.7534402
        ]
      },
      "id": "node/9818836322"
    },
    {
      "type": "Feature",
      "properties": {
        "@id": "node/9818887484",
        "name": "青鯤鯓南堤",
        "tourism": "viewpoint"
      },
      "geometry": {
        "type": "Point",
        "coordinates": [
          120.0685018,
          23.1808828
        ]
      },
      "id": "node/9818887484"
    },
    {
      "type": "Feature",
      "properties": {
        "@id": "node/9819028171",
        "name": "觀景平台",
        "tourism": "viewpoint"
      },
      "geometry": {
        "type": "Point",
        "coordinates": [
          121.1422989,
          22.7538524
        ]
      },
      "id": "node/9819028171"
    },
    {
      "type": "Feature",
      "properties": {
        "@id": "node/9824250840",
        "name": "太平溪人工濕地",
        "tourism": "viewpoint"
      },
      "geometry": {
        "type": "Point",
        "coordinates": [
          121.1400343,
          22.7497477
        ]
      },
      "id": "node/9824250840"
    },
    {
      "type": "Feature",
      "properties": {
        "@id": "node/9826672776",
        "name": "大風埕觀日峰平台",
        "tourism": "viewpoint"
      },
      "geometry": {
        "type": "Point",
        "coordinates": [
          120.7076436,
          23.5398039
        ]
      },
      "id": "node/9826672776"
    },
    {
      "type": "Feature",
      "properties": {
        "@id": "node/9830628131",
        "name": "太陽谷",
        "tourism": "viewpoint"
      },
      "geometry": {
        "type": "Point",
        "coordinates": [
          120.4094375,
          22.8127399
        ]
      },
      "id": "node/9830628131"
    },
    {
      "type": "Feature",
      "properties": {
        "@id": "node/9833534711",
        "name": "青春嶺",
        "tourism": "viewpoint"
      },
      "geometry": {
        "type": "Point",
        "coordinates": [
          120.3857832,
          22.6615541
        ]
      },
      "id": "node/9833534711"
    },
    {
      "type": "Feature",
      "properties": {
        "@id": "node/9839053952",
        "name": "展望平台",
        "tourism": "viewpoint"
      },
      "geometry": {
        "type": "Point",
        "coordinates": [
          120.2524997,
          22.767247
        ]
      },
      "id": "node/9839053952"
    },
    {
      "type": "Feature",
      "properties": {
        "@id": "node/9849434453",
        "name": "隙頂象山觀景台",
        "tourism": "viewpoint"
      },
      "geometry": {
        "type": "Point",
        "coordinates": [
          120.6640173,
          23.4315028
        ]
      },
      "id": "node/9849434453"
    },
    {
      "type": "Feature",
      "properties": {
        "@id": "node/9849542487",
        "name": "微風山谷",
        "tourism": "viewpoint"
      },
      "geometry": {
        "type": "Point",
        "coordinates": [
          120.5384535,
          22.9205408
        ]
      },
      "id": "node/9849542487"
    },
    {
      "type": "Feature",
      "properties": {
        "@id": "node/9859360320",
        "name": "展望岩",
        "tourism": "viewpoint"
      },
      "geometry": {
        "type": "Point",
        "coordinates": [
          120.2687285,
          22.6395983
        ]
      },
      "id": "node/9859360320"
    },
    {
      "type": "Feature",
      "properties": {
        "@id": "node/9869906973",
        "name": "休息區",
        "tourism": "viewpoint"
      },
      "geometry": {
        "type": "Point",
        "coordinates": [
          120.3047883,
          22.6936427
        ]
      },
      "id": "node/9869906973"
    },
    {
      "type": "Feature",
      "properties": {
        "@id": "node/9869906999",
        "name": "休息區",
        "tourism": "viewpoint"
      },
      "geometry": {
        "type": "Point",
        "coordinates": [
          120.3052982,
          22.6942825
        ]
      },
      "id": "node/9869906999"
    },
    {
      "type": "Feature",
      "properties": {
        "@id": "node/9873961257",
        "name": "俯看捷運",
        "tourism": "viewpoint"
      },
      "geometry": {
        "type": "Point",
        "coordinates": [
          120.3041623,
          22.6943972
        ]
      },
      "id": "node/9873961257"
    },
    {
      "type": "Feature",
      "properties": {
        "@id": "node/9875858026",
        "name": "喵星海",
        "tourism": "viewpoint"
      },
      "geometry": {
        "type": "Point",
        "coordinates": [
          122.0039824,
          25.0034323
        ]
      },
      "id": "node/9875858026"
    },
    {
      "type": "Feature",
      "properties": {
        "@id": "node/9875858044",
        "name": "龍脊岩",
        "tourism": "viewpoint"
      },
      "geometry": {
        "type": "Point",
        "coordinates": [
          121.9989338,
          25.0029899
        ]
      },
      "id": "node/9875858044"
    },
    {
      "type": "Feature",
      "properties": {
        "@id": "node/9875858081",
        "name": "萊秘境",
        "tourism": "viewpoint"
      },
      "geometry": {
        "type": "Point",
        "coordinates": [
          121.9985412,
          25.0038539
        ]
      },
      "id": "node/9875858081"
    },
    {
      "type": "Feature",
      "properties": {
        "@id": "node/9876431483",
        "name": "縣界岩",
        "tourism": "viewpoint"
      },
      "geometry": {
        "type": "Point",
        "coordinates": [
          121.9714145,
          24.9861172
        ]
      },
      "id": "node/9876431483"
    },
    {
      "type": "Feature",
      "properties": {
        "@id": "node/9878333660",
        "name": "老鷹的視角看東海",
        "tourism": "viewpoint"
      },
      "geometry": {
        "type": "Point",
        "coordinates": [
          121.9207514,
          25.1270811
        ]
      },
      "id": "node/9878333660"
    },
    {
      "type": "Feature",
      "properties": {
        "@id": "node/9878401827",
        "name": "18羅漢雕像",
        "tourism": "viewpoint"
      },
      "geometry": {
        "type": "Point",
        "coordinates": [
          121.9205376,
          25.1051263
        ]
      },
      "id": "node/9878401827"
    },
    {
      "type": "Feature",
      "properties": {
        "@id": "node/9881056548",
        "name": "黛娥娜神池",
        "source": "survey",
        "tourism": "viewpoint"
      },
      "geometry": {
        "type": "Point",
        "coordinates": [
          120.6532694,
          22.8266455
        ]
      },
      "id": "node/9881056548"
    },
    {
      "type": "Feature",
      "properties": {
        "@id": "node/9882390235",
        "name": "火炎山觀景台",
        "source": "https://mnya.tw/yo/word/2776.html",
        "tourism": "viewpoint"
      },
      "geometry": {
        "type": "Point",
        "coordinates": [
          120.7165333,
          24.3301411
        ]
      },
      "id": "node/9882390235"
    },
    {
      "type": "Feature",
      "properties": {
        "@id": "node/9882492632",
        "name": "香蘭海蝕平台",
        "tourism": "viewpoint"
      },
      "geometry": {
        "type": "Point",
        "coordinates": [
          121.9687727,
          25.0236001
        ]
      },
      "id": "node/9882492632"
    },
    {
      "type": "Feature",
      "properties": {
        "@id": "node/9885362999",
        "name": "南化水庫觀景點",
        "tourism": "viewpoint"
      },
      "geometry": {
        "type": "Point",
        "coordinates": [
          120.5406328,
          23.0622975
        ]
      },
      "id": "node/9885362999"
    },
    {
      "type": "Feature",
      "properties": {
        "@id": "node/9887004019",
        "name": "觀景台可跟萊萊海蝕平台、龜山島合影",
        "tourism": "viewpoint"
      },
      "geometry": {
        "type": "Point",
        "coordinates": [
          121.991528,
          24.9997598
        ]
      },
      "id": "node/9887004019"
    },
    {
      "type": "Feature",
      "properties": {
        "@id": "node/9890933164",
        "name": "(梗枋店：2樓冷氣無敵海景)",
        "tourism": "viewpoint"
      },
      "geometry": {
        "type": "Point",
        "coordinates": [
          121.8635283,
          24.899976
        ]
      },
      "id": "node/9890933164"
    },
    {
      "type": "Feature",
      "properties": {
        "@id": "node/9891606241",
        "name": "櫻木花道平交道打卡點",
        "tourism": "viewpoint"
      },
      "geometry": {
        "type": "Point",
        "coordinates": [
          121.8929722,
          24.9409555
        ]
      },
      "id": "node/9891606241"
    },
    {
      "type": "Feature",
      "properties": {
        "@id": "node/9893511662",
        "alt_name": "廍後沙灘 — 海灘鞦韆",
        "name": "海景鞦韆",
        "tourism": "viewpoint"
      },
      "geometry": {
        "type": "Point",
        "coordinates": [
          121.8273622,
          24.7283716
        ]
      },
      "id": "node/9893511662"
    },
    {
      "type": "Feature",
      "properties": {
        "@id": "node/9894291950",
        "name": "觀景台",
        "tourism": "viewpoint"
      },
      "geometry": {
        "type": "Point",
        "coordinates": [
          121.3592865,
          24.9604836
        ]
      },
      "id": "node/9894291950"
    },
    {
      "type": "Feature",
      "properties": {
        "@id": "node/9896481207",
        "name": "三貂嶺基隆河谷鐵道景觀",
        "tourism": "viewpoint"
      },
      "geometry": {
        "type": "Point",
        "coordinates": [
          121.8264848,
          25.0913033
        ]
      },
      "id": "node/9896481207"
    },
    {
      "type": "Feature",
      "properties": {
        "@id": "node/9904087242",
        "name": "風車夕陽",
        "tourism": "viewpoint"
      },
      "geometry": {
        "type": "Point",
        "coordinates": [
          120.8308438,
          24.6756935
        ]
      },
      "id": "node/9904087242"
    },
    {
      "type": "Feature",
      "properties": {
        "@id": "node/9904087243",
        "name": "灘釣比賽",
        "tourism": "viewpoint"
      },
      "geometry": {
        "type": "Point",
        "coordinates": [
          120.8299583,
          24.6746943
        ]
      },
      "id": "node/9904087243"
    },
    {
      "type": "Feature",
      "properties": {
        "@id": "node/9904087251",
        "name": "牽罟",
        "tourism": "viewpoint"
      },
      "geometry": {
        "type": "Point",
        "coordinates": [
          120.8602116,
          24.7042477
        ]
      },
      "id": "node/9904087251"
    },
    {
      "type": "Feature",
      "properties": {
        "@id": "node/9904087260",
        "name": "觀海亭",
        "tourism": "viewpoint"
      },
      "geometry": {
        "type": "Point",
        "coordinates": [
          120.8594097,
          24.701411
        ]
      },
      "id": "node/9904087260"
    },
    {
      "type": "Feature",
      "properties": {
        "@id": "node/9905533620",
        "name": "山線、成追線鐵軌分叉點",
        "railway": "junction",
        "tourism": "viewpoint"
      },
      "geometry": {
        "type": "Point",
        "coordinates": [
          120.5840967,
          24.1159356
        ]
      },
      "id": "node/9905533620"
    },
    {
      "type": "Feature",
      "properties": {
        "@id": "node/9914161746",
        "name": "天宮堡壘",
        "tourism": "viewpoint"
      },
      "geometry": {
        "type": "Point",
        "coordinates": [
          121.1280359,
          23.3146529
        ]
      },
      "id": "node/9914161746"
    },
    {
      "type": "Feature",
      "properties": {
        "@id": "node/9914995522",
        "name": "展望點",
        "tourism": "viewpoint"
      },
      "geometry": {
        "type": "Point",
        "coordinates": [
          120.8174132,
          23.0877215
        ]
      },
      "id": "node/9914995522"
    },
    {
      "type": "Feature",
      "properties": {
        "@id": "node/9918967822",
        "name": "鐵道迷 蒸汽火車頭入庫拍照點",
        "tourism": "viewpoint"
      },
      "geometry": {
        "type": "Point",
        "coordinates": [
          121.0574483,
          24.9245461
        ]
      },
      "id": "node/9918967822"
    },
    {
      "type": "Feature",
      "properties": {
        "@id": "node/9918967823",
        "name": "鐵道迷 蒸汽火車頭入庫拍照點 軌道切換點",
        "tourism": "viewpoint"
      },
      "geometry": {
        "type": "Point",
        "coordinates": [
          121.0573314,
          24.9247451
        ]
      },
      "id": "node/9918967823"
    },
    {
      "type": "Feature",
      "properties": {
        "@id": "node/9920951707",
        "description": "24小時開放",
        "name": "華源觀景台-天空之鏡",
        "tourism": "viewpoint"
      },
      "geometry": {
        "type": "Point",
        "coordinates": [
          121.0205351,
          22.6597605
        ]
      },
      "id": "node/9920951707"
    },
    {
      "type": "Feature",
      "properties": {
        "@id": "node/9921704379",
        "name": "小休憩平台",
        "tourism": "viewpoint"
      },
      "geometry": {
        "type": "Point",
        "coordinates": [
          121.625683,
          24.1596108
        ]
      },
      "id": "node/9921704379"
    },
    {
      "type": "Feature",
      "properties": {
        "@id": "node/9921704380",
        "name": "小休憩平台",
        "tourism": "viewpoint"
      },
      "geometry": {
        "type": "Point",
        "coordinates": [
          121.6264225,
          24.1599618
        ]
      },
      "id": "node/9921704380"
    },
    {
      "type": "Feature",
      "properties": {
        "@id": "node/9921704381",
        "name": "小休憩平台",
        "tourism": "viewpoint"
      },
      "geometry": {
        "type": "Point",
        "coordinates": [
          121.6259753,
          24.1610507
        ]
      },
      "id": "node/9921704381"
    },
    {
      "type": "Feature",
      "properties": {
        "@id": "node/9945154423",
        "name": "行車終點景緻點",
        "tourism": "viewpoint"
      },
      "geometry": {
        "type": "Point",
        "coordinates": [
          121.3433123,
          23.5296273
        ]
      },
      "id": "node/9945154423"
    },
    {
      "type": "Feature",
      "properties": {
        "@id": "node/9950430368",
        "name": "天空水橋拍攝點",
        "tourism": "viewpoint"
      },
      "geometry": {
        "type": "Point",
        "coordinates": [
          121.8552438,
          25.1150631
        ]
      },
      "id": "node/9950430368"
    },
    {
      "type": "Feature",
      "properties": {
        "@id": "node/9960444444",
        "name": "2樓陽台看黑金山城",
        "tourism": "viewpoint"
      },
      "geometry": {
        "type": "Point",
        "coordinates": [
          121.8274966,
          25.0869714
        ]
      },
      "id": "node/9960444444"
    },
    {
      "type": "Feature",
      "properties": {
        "@id": "node/10011885210",
        "name": "崩塌處觀景點",
        "source": "https://mnya.tw/k3/word/1594.html",
        "tourism": "viewpoint"
      },
      "geometry": {
        "type": "Point",
        "coordinates": [
          121.4808927,
          24.6025762
        ]
      },
      "id": "node/10011885210"
    },
    {
      "type": "Feature",
      "properties": {
        "@id": "node/10016034791",
        "name": "台北市夜景",
        "tourism": "viewpoint"
      },
      "geometry": {
        "type": "Point",
        "coordinates": [
          121.516594,
          25.1234283
        ]
      },
      "id": "node/10016034791"
    },
    {
      "type": "Feature",
      "properties": {
        "@id": "node/10020544456",
        "name": "格物台",
        "tourism": "viewpoint"
      },
      "geometry": {
        "type": "Point",
        "coordinates": [
          121.5554592,
          25.0882873
        ]
      },
      "id": "node/10020544456"
    },
    {
      "type": "Feature",
      "properties": {
        "@id": "node/10038549545",
        "name": "石門",
        "tourism": "viewpoint"
      },
      "geometry": {
        "type": "Point",
        "coordinates": [
          120.6088524,
          22.9563577
        ]
      },
      "id": "node/10038549545"
    },
    {
      "type": "Feature",
      "properties": {
        "@id": "node/10051659164",
        "name": "鱷魚山觀景台",
        "tourism": "viewpoint"
      },
      "geometry": {
        "type": "Point",
        "coordinates": [
          120.9890376,
          22.6006349
        ]
      },
      "id": "node/10051659164"
    },
    {
      "type": "Feature",
      "properties": {
        "@id": "node/10066609609",
        "name": "觀景平台",
        "tourism": "viewpoint"
      },
      "geometry": {
        "type": "Point",
        "coordinates": [
          120.5818897,
          22.8878322
        ]
      },
      "id": "node/10066609609"
    },
    {
      "type": "Feature",
      "properties": {
        "@id": "node/10112785347",
        "name": "關渡碼頭觀景臺",
        "tourism": "viewpoint"
      },
      "geometry": {
        "type": "Point",
        "coordinates": [
          121.4636651,
          25.1161742
        ]
      },
      "id": "node/10112785347"
    },
    {
      "type": "Feature",
      "properties": {
        "@id": "node/10125143052",
        "name": "展望",
        "tourism": "viewpoint"
      },
      "geometry": {
        "type": "Point",
        "coordinates": [
          120.6217245,
          23.0552352
        ]
      },
      "id": "node/10125143052"
    },
    {
      "type": "Feature",
      "properties": {
        "@id": "node/10130475145",
        "name": "二坑步道起點",
        "tourism": "viewpoint"
      },
      "geometry": {
        "type": "Point",
        "coordinates": [
          121.3622303,
          24.9622576
        ]
      },
      "id": "node/10130475145"
    },
    {
      "type": "Feature",
      "properties": {
        "@id": "node/10130483665",
        "name": "大榕樹",
        "name:zh": "百年大榕樹",
        "tourism": "viewpoint"
      },
      "geometry": {
        "type": "Point",
        "coordinates": [
          121.3684059,
          24.9764463
        ]
      },
      "id": "node/10130483665"
    },
    {
      "type": "Feature",
      "properties": {
        "@id": "node/10132881618",
        "name": "二坑步道起點",
        "tourism": "viewpoint"
      },
      "geometry": {
        "type": "Point",
        "coordinates": [
          121.3622222,
          24.9623216
        ]
      },
      "id": "node/10132881618"
    },
    {
      "type": "Feature",
      "properties": {
        "@id": "node/10139335817",
        "name": "二坑步道起點",
        "tourism": "viewpoint"
      },
      "geometry": {
        "type": "Point",
        "coordinates": [
          121.3622033,
          24.9623066
        ]
      },
      "id": "node/10139335817"
    },
    {
      "type": "Feature",
      "properties": {
        "@id": "node/10139335818",
        "name": "大榕樹觀景台",
        "tourism": "viewpoint"
      },
      "geometry": {
        "type": "Point",
        "coordinates": [
          121.3685006,
          24.9762592
        ]
      },
      "id": "node/10139335818"
    },
    {
      "type": "Feature",
      "properties": {
        "@id": "node/10139339217",
        "name": "百年大榕樹",
        "tourism": "viewpoint"
      },
      "geometry": {
        "type": "Point",
        "coordinates": [
          121.3684237,
          24.9765018
        ]
      },
      "id": "node/10139339217"
    },
    {
      "type": "Feature",
      "properties": {
        "@id": "node/10142497147",
        "name": "即心是佛",
        "tourism": "viewpoint"
      },
      "geometry": {
        "type": "Point",
        "coordinates": [
          121.0093593,
          24.643934
        ]
      },
      "id": "node/10142497147"
    },
    {
      "type": "Feature",
      "properties": {
        "@id": "node/10152126239",
        "name": "俯看甲仙市區",
        "tourism": "viewpoint"
      },
      "geometry": {
        "type": "Point",
        "coordinates": [
          120.5743098,
          23.0908041
        ]
      },
      "id": "node/10152126239"
    },
    {
      "type": "Feature",
      "properties": {
        "@id": "node/10164697107",
        "name": "許厝港觀景台",
        "tourism": "viewpoint"
      },
      "geometry": {
        "type": "Point",
        "coordinates": [
          121.1758168,
          25.0881511
        ]
      },
      "id": "node/10164697107"
    },
    {
      "type": "Feature",
      "properties": {
        "@id": "node/10166955830",
        "direction": "225-45",
        "level": "4",
        "name": "第二航廈北側觀景台（室內）",
        "tourism": "viewpoint",
        "wheelchair": "yes"
      },
      "geometry": {
        "type": "Point",
        "coordinates": [
          121.2309588,
          25.0782663
        ]
      },
      "id": "node/10166955830"
    },
    {
      "type": "Feature",
      "properties": {
        "@id": "node/10166955831",
        "direction": "45-225",
        "level": "4",
        "name": "第二航廈南側觀景台",
        "tourism": "viewpoint"
      },
      "geometry": {
        "type": "Point",
        "coordinates": [
          121.2332695,
          25.0760934
        ]
      },
      "id": "node/10166955831"
    },
    {
      "type": "Feature",
      "properties": {
        "@id": "node/10178083520",
        "name": "駐車",
        "source": "survey",
        "tourism": "viewpoint"
      },
      "geometry": {
        "type": "Point",
        "coordinates": [
          120.6764859,
          22.3185474
        ]
      },
      "id": "node/10178083520"
    },
    {
      "type": "Feature",
      "properties": {
        "@id": "node/10181484941",
        "name": "鎮海台 (第二景觀台)",
        "tourism": "viewpoint"
      },
      "geometry": {
        "type": "Point",
        "coordinates": [
          120.7013508,
          22.0499641
        ]
      },
      "id": "node/10181484941"
    },
    {
      "type": "Feature",
      "properties": {
        "@id": "node/10181519408",
        "name": "仁壽台 (觀海平台)",
        "tourism": "viewpoint"
      },
      "geometry": {
        "type": "Point",
        "coordinates": [
          120.701088,
          22.0518923
        ]
      },
      "id": "node/10181519408"
    },
    {
      "type": "Feature",
      "properties": {
        "@id": "node/10204008238",
        "name": "高雄輕軌龍貓隧道",
        "tourism": "viewpoint"
      },
      "geometry": {
        "type": "Point",
        "coordinates": [
          120.2832385,
          22.6549611
        ]
      },
      "id": "node/10204008238"
    },
    {
      "type": "Feature",
      "properties": {
        "@id": "node/10205832059",
        "name": "雷打石",
        "tourism": "viewpoint"
      },
      "geometry": {
        "type": "Point",
        "coordinates": [
          120.5334194,
          22.9219775
        ]
      },
      "id": "node/10205832059"
    },
    {
      "type": "Feature",
      "properties": {
        "@id": "node/10228807934",
        "name": "展望",
        "tourism": "viewpoint"
      },
      "geometry": {
        "type": "Point",
        "coordinates": [
          120.5146076,
          22.9091974
        ]
      },
      "id": "node/10228807934"
    },
    {
      "type": "Feature",
      "properties": {
        "@id": "node/10243622108",
        "name": "北眺雪山等",
        "tourism": "viewpoint"
      },
      "geometry": {
        "type": "Point",
        "coordinates": [
          120.9220007,
          24.1570496
        ]
      },
      "id": "node/10243622108"
    },
    {
      "type": "Feature",
      "properties": {
        "@id": "node/10243622509",
        "name": "南眺玉山等",
        "tourism": "viewpoint"
      },
      "geometry": {
        "type": "Point",
        "coordinates": [
          120.9219129,
          24.1563833
        ]
      },
      "id": "node/10243622509"
    },
    {
      "type": "Feature",
      "properties": {
        "@id": "node/10253150843",
        "name": "展望平台",
        "tourism": "viewpoint"
      },
      "geometry": {
        "type": "Point",
        "coordinates": [
          120.291164,
          22.6790302
        ]
      },
      "id": "node/10253150843"
    },
    {
      "type": "Feature",
      "properties": {
        "@id": "node/10292754001",
        "description": "可遠眺埔里鎮西半部",
        "direction": "-110",
        "name": "觀雲坪",
        "tourism": "viewpoint"
      },
      "geometry": {
        "type": "Point",
        "coordinates": [
          120.9827167,
          24.0284307
        ]
      },
      "id": "node/10292754001"
    },
    {
      "type": "Feature",
      "properties": {
        "@id": "node/10303725949",
        "name": "雙龍奇石",
        "tourism": "viewpoint"
      },
      "geometry": {
        "type": "Point",
        "coordinates": [
          120.5117467,
          23.0917584
        ]
      },
      "id": "node/10303725949"
    },
    {
      "type": "Feature",
      "properties": {
        "@id": "node/10538022910",
        "direction": "200",
        "name": "金門大橋之窗",
        "tourism": "viewpoint"
      },
      "geometry": {
        "type": "Point",
        "coordinates": [
          118.3023737,
          24.4556394
        ]
      },
      "id": "node/10538022910"
    },
    {
      "type": "Feature",
      "properties": {
        "@id": "node/10552810773",
        "name": "石猴遊憩區",
        "tourism": "viewpoint"
      },
      "geometry": {
        "type": "Point",
        "coordinates": [
          120.809988,
          23.5553244
        ]
      },
      "id": "node/10552810773"
    },
    {
      "type": "Feature",
      "properties": {
        "@id": "node/10554084739",
        "name": "東窩溪星海",
        "tourism": "viewpoint"
      },
      "geometry": {
        "type": "Point",
        "coordinates": [
          121.1843645,
          24.7105438
        ]
      },
      "id": "node/10554084739"
    },
    {
      "type": "Feature",
      "properties": {
        "@id": "node/10572253109",
        "name": "台南老家",
        "tourism": "viewpoint"
      },
      "geometry": {
        "type": "Point",
        "coordinates": [
          120.208704,
          23.0188959
        ]
      },
      "id": "node/10572253109"
    },
    {
      "type": "Feature",
      "properties": {
        "@id": "node/10584036888",
        "name": "克孝危稜",
        "tourism": "viewpoint"
      },
      "geometry": {
        "type": "Point",
        "coordinates": [
          120.5359075,
          22.9216496
        ]
      },
      "id": "node/10584036888"
    },
    {
      "type": "Feature",
      "properties": {
        "@id": "node/10607442374",
        "name": "劉家果園觀景平台",
        "tourism": "viewpoint"
      },
      "geometry": {
        "type": "Point",
        "coordinates": [
          121.0751673,
          24.8000454
        ]
      },
      "id": "node/10607442374"
    },
    {
      "type": "Feature",
      "properties": {
        "@id": "node/10660803051",
        "name": "展望",
        "tourism": "viewpoint"
      },
      "geometry": {
        "type": "Point",
        "coordinates": [
          121.0174218,
          24.3121172
        ]
      },
      "id": "node/10660803051"
    },
    {
      "type": "Feature",
      "properties": {
        "@id": "node/10660803207",
        "name": "岩稜展望",
        "tourism": "viewpoint"
      },
      "geometry": {
        "type": "Point",
        "coordinates": [
          121.0164267,
          24.3149418
        ]
      },
      "id": "node/10660803207"
    },
    {
      "type": "Feature",
      "properties": {
        "@id": "node/10660861567",
        "name": "百志興保山連稜展望(危險!易踩空掉下懸崖)",
        "tourism": "viewpoint"
      },
      "geometry": {
        "type": "Point",
        "coordinates": [
          120.9893343,
          24.3079861
        ]
      },
      "id": "node/10660861567"
    },
    {
      "type": "Feature",
      "properties": {
        "@id": "node/10679955205",
        "name": "武界水庫大壩景觀",
        "tourism": "viewpoint"
      },
      "geometry": {
        "type": "Point",
        "coordinates": [
          121.0539225,
          23.9151561
        ]
      },
      "id": "node/10679955205"
    },
    {
      "type": "Feature",
      "properties": {
        "@id": "node/10685123906",
        "name": "景觀平台",
        "tourism": "viewpoint"
      },
      "geometry": {
        "type": "Point",
        "coordinates": [
          121.1631846,
          24.8732891
        ]
      },
      "id": "node/10685123906"
    },
    {
      "type": "Feature",
      "properties": {
        "@id": "node/10689602605",
        "name": "拉繩陡上",
        "tourism": "viewpoint"
      },
      "geometry": {
        "type": "Point",
        "coordinates": [
          121.3005887,
          24.7548055
        ]
      },
      "id": "node/10689602605"
    },
    {
      "type": "Feature",
      "properties": {
        "@id": "node/10692474402",
        "name": "暴龍頭",
        "tourism": "viewpoint"
      },
      "geometry": {
        "type": "Point",
        "coordinates": [
          120.5315326,
          23.1261216
        ]
      },
      "id": "node/10692474402"
    },
    {
      "type": "Feature",
      "properties": {
        "@id": "node/10692474403",
        "name": "大鋼牙",
        "tourism": "viewpoint"
      },
      "geometry": {
        "type": "Point",
        "coordinates": [
          120.5321922,
          23.1260689
        ]
      },
      "id": "node/10692474403"
    },
    {
      "type": "Feature",
      "properties": {
        "@id": "node/10711686978",
        "direction": "215",
        "name": "俯看高鐵",
        "tourism": "viewpoint"
      },
      "geometry": {
        "type": "Point",
        "coordinates": [
          121.0437283,
          24.821689
        ]
      },
      "id": "node/10711686978"
    },
    {
      "type": "Feature",
      "properties": {
        "@id": "node/10713547503",
        "name": "水月橋觀景台",
        "tourism": "viewpoint"
      },
      "geometry": {
        "type": "Point",
        "coordinates": [
          120.9423819,
          24.8573228
        ]
      },
      "id": "node/10713547503"
    },
    {
      "type": "Feature",
      "properties": {
        "@id": "node/10713547504",
        "name": "水月橋北岸觀景台",
        "tourism": "viewpoint"
      },
      "geometry": {
        "type": "Point",
        "coordinates": [
          120.9419553,
          24.8589956
        ]
      },
      "id": "node/10713547504"
    },
    {
      "type": "Feature",
      "properties": {
        "@id": "node/10716216905",
        "name": "鐵騎堡",
        "tourism": "viewpoint"
      },
      "geometry": {
        "type": "Point",
        "coordinates": [
          120.4861789,
          26.3680998
        ]
      },
      "id": "node/10716216905"
    },
    {
      "type": "Feature",
      "properties": {
        "@id": "node/10718659009",
        "name": "壺穴",
        "tourism": "viewpoint"
      },
      "geometry": {
        "type": "Point",
        "coordinates": [
          120.5363308,
          23.1242543
        ]
      },
      "id": "node/10718659009"
    },
    {
      "type": "Feature",
      "properties": {
        "@id": "node/10724674605",
        "name": "老鼠沙石林",
        "tourism": "viewpoint"
      },
      "geometry": {
        "type": "Point",
        "coordinates": [
          120.4892613,
          26.3582834
        ]
      },
      "id": "node/10724674605"
    },
    {
      "type": "Feature",
      "properties": {
        "@id": "node/10755456089",
        "name": "鳳山溪出海口夕照",
        "tourism": "viewpoint"
      },
      "geometry": {
        "type": "Point",
        "coordinates": [
          120.9391173,
          24.8583891
        ]
      },
      "id": "node/10755456089"
    },
    {
      "type": "Feature",
      "properties": {
        "@id": "node/10755456090",
        "name": "紅樹林公園觀景台",
        "tourism": "viewpoint"
      },
      "geometry": {
        "type": "Point",
        "coordinates": [
          120.9481259,
          24.8537879
        ]
      },
      "id": "node/10755456090"
    },
    {
      "type": "Feature",
      "properties": {
        "@id": "node/10755456092",
        "name": "紅樹林公園觀景台",
        "tourism": "viewpoint"
      },
      "geometry": {
        "type": "Point",
        "coordinates": [
          120.9490077,
          24.8534501
        ]
      },
      "id": "node/10755456092"
    },
    {
      "type": "Feature",
      "properties": {
        "@id": "node/10755456093",
        "name": "紅樹林公園觀景台",
        "tourism": "viewpoint"
      },
      "geometry": {
        "type": "Point",
        "coordinates": [
          120.9494304,
          24.853503
        ]
      },
      "id": "node/10755456093"
    },
    {
      "type": "Feature",
      "properties": {
        "@id": "node/10755456097",
        "name": "紅樹林公園觀景台",
        "tourism": "viewpoint"
      },
      "geometry": {
        "type": "Point",
        "coordinates": [
          120.9507605,
          24.8550729
        ]
      },
      "id": "node/10755456097"
    },
    {
      "type": "Feature",
      "properties": {
        "@id": "node/10755456098",
        "name": "紅樹林公園觀景台",
        "tourism": "viewpoint"
      },
      "geometry": {
        "type": "Point",
        "coordinates": [
          120.9524807,
          24.8554357
        ]
      },
      "id": "node/10755456098"
    },
    {
      "type": "Feature",
      "properties": {
        "@id": "node/10755456099",
        "name": "紅樹林公園觀景台",
        "tourism": "viewpoint"
      },
      "geometry": {
        "type": "Point",
        "coordinates": [
          120.9541372,
          24.8536393
        ]
      },
      "id": "node/10755456099"
    },
    {
      "type": "Feature",
      "properties": {
        "@id": "node/10763276140",
        "name": "展望",
        "tourism": "viewpoint"
      },
      "geometry": {
        "type": "Point",
        "coordinates": [
          120.3064399,
          22.6922948
        ]
      },
      "id": "node/10763276140"
    },
    {
      "type": "Feature",
      "properties": {
        "@id": "node/10763276178",
        "name": "展望",
        "tourism": "viewpoint"
      },
      "geometry": {
        "type": "Point",
        "coordinates": [
          120.304962,
          22.6919922
        ]
      },
      "id": "node/10763276178"
    },
    {
      "type": "Feature",
      "properties": {
        "@id": "node/10763276232",
        "name": "展望",
        "tourism": "viewpoint"
      },
      "geometry": {
        "type": "Point",
        "coordinates": [
          120.3052529,
          22.6928832
        ]
      },
      "id": "node/10763276232"
    },
    {
      "type": "Feature",
      "properties": {
        "@id": "node/10763478476",
        "name": "展望",
        "tourism": "viewpoint"
      },
      "geometry": {
        "type": "Point",
        "coordinates": [
          120.3123226,
          22.7005778
        ]
      },
      "id": "node/10763478476"
    },
    {
      "type": "Feature",
      "properties": {
        "@id": "node/10763478503",
        "name": "展望",
        "tourism": "viewpoint"
      },
      "geometry": {
        "type": "Point",
        "coordinates": [
          120.3136814,
          22.7011417
        ]
      },
      "id": "node/10763478503"
    },
    {
      "type": "Feature",
      "properties": {
        "@id": "node/10763515861",
        "name": "展望",
        "tourism": "viewpoint"
      },
      "geometry": {
        "type": "Point",
        "coordinates": [
          120.3163321,
          22.7029107
        ]
      },
      "id": "node/10763515861"
    },
    {
      "type": "Feature",
      "properties": {
        "@id": "node/10772121677",
        "name": "展望",
        "tourism": "viewpoint"
      },
      "geometry": {
        "type": "Point",
        "coordinates": [
          120.3169867,
          22.7038653
        ]
      },
      "id": "node/10772121677"
    },
    {
      "type": "Feature",
      "properties": {
        "@id": "node/10803611156",
        "direction": "45",
        "name": "遠俯半屏山蓮池潭等",
        "tourism": "viewpoint"
      },
      "geometry": {
        "type": "Point",
        "coordinates": [
          120.2612521,
          22.65919
        ]
      },
      "id": "node/10803611156"
    },
    {
      "type": "Feature",
      "properties": {
        "@id": "node/10815487805",
        "name": "血藤花",
        "tourism": "viewpoint"
      },
      "geometry": {
        "type": "Point",
        "coordinates": [
          121.1055763,
          24.7545702
        ]
      },
      "id": "node/10815487805"
    },
    {
      "type": "Feature",
      "properties": {
        "@id": "node/10821203835",
        "name": "靜伏鱷魚",
        "tourism": "viewpoint"
      },
      "geometry": {
        "type": "Point",
        "coordinates": [
          120.4779685,
          26.3756886
        ]
      },
      "id": "node/10821203835"
    },
    {
      "type": "Feature",
      "properties": {
        "@id": "node/10844237194",
        "name": "俯瞰",
        "name:zh": "俯瞰",
        "name:zh-Hans": "俯瞰",
        "name:zh-Hant": "俯瞰",
        "tourism": "viewpoint"
      },
      "geometry": {
        "type": "Point",
        "coordinates": [
          119.5161818,
          23.2598866
        ]
      },
      "id": "node/10844237194"
    },
    {
      "type": "Feature",
      "properties": {
        "@id": "node/10844894600",
        "name": "俯瞰",
        "name:zh": "俯瞰",
        "name:zh-Hans": "俯瞰",
        "name:zh-Hant": "俯瞰",
        "tourism": "viewpoint"
      },
      "geometry": {
        "type": "Point",
        "coordinates": [
          119.5165119,
          23.2629079
        ]
      },
      "id": "node/10844894600"
    },
    {
      "type": "Feature",
      "properties": {
        "@id": "node/10858180946",
        "name": "日月廣場",
        "name:zh": "日月廣場",
        "tourism": "viewpoint"
      },
      "geometry": {
        "type": "Point",
        "coordinates": [
          121.1043519,
          24.8264689
        ]
      },
      "id": "node/10858180946"
    },
    {
      "type": "Feature",
      "properties": {
        "@id": "node/10858188774",
        "name": "鳳山斜陽觀景台",
        "name:zh": "鳳山斜陽觀景台",
        "tourism": "viewpoint"
      },
      "geometry": {
        "type": "Point",
        "coordinates": [
          121.1021231,
          24.8237915
        ]
      },
      "id": "node/10858188774"
    },
    {
      "type": "Feature",
      "properties": {
        "@id": "node/10861728311",
        "name": "大肚藍色公路",
        "tourism": "viewpoint"
      },
      "geometry": {
        "type": "Point",
        "coordinates": [
          120.5672991,
          24.1564867
        ]
      },
      "id": "node/10861728311"
    },
    {
      "type": "Feature",
      "properties": {
        "@id": "node/10866434057",
        "name": "俯看大獅與龍埕",
        "name:zh": "俯看大獅與龍埕",
        "name:zh-Hans": "俯看大狮与龙埕",
        "name:zh-Hant": "俯看大獅與龍埕",
        "tourism": "viewpoint"
      },
      "geometry": {
        "type": "Point",
        "coordinates": [
          119.4352944,
          23.2018458
        ]
      },
      "id": "node/10866434057"
    },
    {
      "type": "Feature",
      "properties": {
        "@id": "node/10880287515",
        "direction": "295",
        "name": "杜鵑嶺段第二視野點",
        "source": "gps",
        "tourism": "viewpoint"
      },
      "geometry": {
        "type": "Point",
        "coordinates": [
          121.0056631,
          24.5157626
        ]
      },
      "id": "node/10880287515"
    },
    {
      "type": "Feature",
      "properties": {
        "@id": "node/10880287516",
        "direction": "285",
        "name": "杜鵑嶺段第一視野點",
        "source": "gps",
        "tourism": "viewpoint"
      },
      "geometry": {
        "type": "Point",
        "coordinates": [
          121.0060105,
          24.5165975
        ]
      },
      "id": "node/10880287516"
    },
    {
      "type": "Feature",
      "properties": {
        "@id": "node/10886148005",
        "ele": "380",
        "name": "尪仔石坑",
        "tourism": "viewpoint"
      },
      "geometry": {
        "type": "Point",
        "coordinates": [
          121.7391419,
          25.0482846
        ]
      },
      "id": "node/10886148005"
    },
    {
      "type": "Feature",
      "properties": {
        "@id": "node/10940184565",
        "name": "望遠鏡",
        "tourism": "viewpoint"
      },
      "geometry": {
        "type": "Point",
        "coordinates": [
          119.9251841,
          25.9780411
        ]
      },
      "id": "node/10940184565"
    },
    {
      "type": "Feature",
      "properties": {
        "@id": "node/10940229613",
        "name": "蛇島夕照",
        "tourism": "viewpoint"
      },
      "geometry": {
        "type": "Point",
        "coordinates": [
          119.9303105,
          25.9745558
        ]
      },
      "id": "node/10940229613"
    },
    {
      "type": "Feature",
      "properties": {
        "@id": "node/10951100264",
        "name": "蟾蜍山觀景臺",
        "tourism": "viewpoint"
      },
      "geometry": {
        "type": "Point",
        "coordinates": [
          121.8325746,
          24.8733795
        ]
      },
      "id": "node/10951100264"
    },
    {
      "type": "Feature",
      "properties": {
        "@id": "node/11013404211",
        "name": "幻象2000景觀台",
        "tourism": "viewpoint"
      },
      "geometry": {
        "type": "Point",
        "coordinates": [
          120.9762321,
          24.8699876
        ]
      },
      "id": "node/11013404211"
    },
    {
      "type": "Feature",
      "properties": {
        "@id": "node/11013404295",
        "name": "鳳崎景觀台",
        "tourism": "viewpoint"
      },
      "geometry": {
        "type": "Point",
        "coordinates": [
          120.9764648,
          24.8703487
        ]
      },
      "id": "node/11013404295"
    },
    {
      "type": "Feature",
      "properties": {
        "@id": "node/11032184628",
        "name": "示德隧道北口拍火車",
        "tourism": "viewpoint"
      },
      "geometry": {
        "type": "Point",
        "coordinates": [
          121.8316055,
          25.0938945
        ]
      },
      "id": "node/11032184628"
    },
    {
      "type": "Feature",
      "properties": {
        "@id": "node/11032184629",
        "name": "合法鐵軌拍運行中火車",
        "tourism": "viewpoint"
      },
      "geometry": {
        "type": "Point",
        "coordinates": [
          121.8290038,
          25.0892886
        ]
      },
      "id": "node/11032184629"
    },
    {
      "type": "Feature",
      "properties": {
        "@id": "node/11032184630",
        "name": "瑞三煤礦坑口拍鐵路涵洞火車",
        "tourism": "viewpoint"
      },
      "geometry": {
        "type": "Point",
        "coordinates": [
          121.8242676,
          25.0805564
        ]
      },
      "id": "node/11032184630"
    },
    {
      "type": "Feature",
      "properties": {
        "@id": "node/11032184631",
        "name": "柴油機車庫拍火車",
        "tourism": "viewpoint"
      },
      "geometry": {
        "type": "Point",
        "coordinates": [
          121.8241215,
          25.0814838
        ]
      },
      "id": "node/11032184631"
    },
    {
      "type": "Feature",
      "properties": {
        "@id": "node/11032184632",
        "name": "侯硐南拍火車S彎",
        "tourism": "viewpoint"
      },
      "geometry": {
        "type": "Point",
        "coordinates": [
          121.824711,
          25.0796761
        ]
      },
      "id": "node/11032184632"
    },
    {
      "type": "Feature",
      "properties": {
        "@id": "node/11032184633",
        "name": "淡蘭古道拍鐵路涵洞火車",
        "tourism": "viewpoint"
      },
      "geometry": {
        "type": "Point",
        "coordinates": [
          121.8240894,
          25.0789157
        ]
      },
      "id": "node/11032184633"
    },
    {
      "type": "Feature",
      "properties": {
        "@id": "node/11032184634",
        "name": "14K拍S彎火車",
        "tourism": "viewpoint"
      },
      "geometry": {
        "type": "Point",
        "coordinates": [
          121.8235026,
          25.0758243
        ]
      },
      "id": "node/11032184634"
    },
    {
      "type": "Feature",
      "properties": {
        "@id": "node/11042164069",
        "name": "鐵道迷拍火車頭龜山島",
        "tourism": "viewpoint"
      },
      "geometry": {
        "type": "Point",
        "coordinates": [
          121.9521478,
          24.9812591
        ]
      },
      "id": "node/11042164069"
    },
    {
      "type": "Feature",
      "properties": {
        "@id": "node/11042164070",
        "name": "鐵道迷拍火車烏龜競速",
        "tourism": "viewpoint"
      },
      "geometry": {
        "type": "Point",
        "coordinates": [
          121.9544565,
          24.9828175
        ]
      },
      "id": "node/11042164070"
    },
    {
      "type": "Feature",
      "properties": {
        "@id": "node/11046315245",
        "name": "侯硐神社遺址觀景台",
        "tourism": "viewpoint"
      },
      "geometry": {
        "type": "Point",
        "coordinates": [
          121.8293755,
          25.0879374
        ]
      },
      "id": "node/11046315245"
    },
    {
      "type": "Feature",
      "properties": {
        "@id": "node/11046315257",
        "name": "觀看侯硐火車站與柴寮聚落",
        "tourism": "viewpoint"
      },
      "geometry": {
        "type": "Point",
        "coordinates": [
          121.8290726,
          25.0869375
        ]
      },
      "id": "node/11046315257"
    },
    {
      "type": "Feature",
      "properties": {
        "@id": "node/11046415005",
        "name": "海珍珠",
        "tourism": "viewpoint"
      },
      "geometry": {
        "type": "Point",
        "coordinates": [
          120.2758609,
          22.5996252
        ]
      },
      "id": "node/11046415005"
    },
    {
      "type": "Feature",
      "properties": {
        "@id": "node/11061703057",
        "name": "塔山山脈",
        "tourism": "viewpoint"
      },
      "geometry": {
        "type": "Point",
        "coordinates": [
          120.8070704,
          23.512606
        ]
      },
      "id": "node/11061703057"
    },
    {
      "type": "Feature",
      "properties": {
        "@id": "node/11074558471",
        "name": "鐵道迷 拍攝穀列換軌與白鷺鷥雕塑景",
        "tourism": "viewpoint"
      },
      "geometry": {
        "type": "Point",
        "coordinates": [
          121.0770468,
          24.9329244
        ]
      },
      "id": "node/11074558471"
    },
    {
      "type": "Feature",
      "properties": {
        "@id": "node/11095231638",
        "name": "小草嶺",
        "tourism": "viewpoint"
      },
      "geometry": {
        "type": "Point",
        "coordinates": [
          120.3868201,
          22.6689259
        ]
      },
      "id": "node/11095231638"
    },
    {
      "type": "Feature",
      "properties": {
        "@id": "node/11102514039",
        "name": "9.3k敬茶局",
        "tourism": "viewpoint"
      },
      "geometry": {
        "type": "Point",
        "coordinates": [
          120.675462,
          22.8574726
        ]
      },
      "id": "node/11102514039"
    },
    {
      "type": "Feature",
      "properties": {
        "@id": "node/11171492838",
        "name": "百年廟",
        "tourism": "viewpoint"
      },
      "geometry": {
        "type": "Point",
        "coordinates": [
          121.6577599,
          25.0683793
        ]
      },
      "id": "node/11171492838"
    },
    {
      "type": "Feature",
      "properties": {
        "@id": "node/11171492839",
        "name": "恩德宮",
        "tourism": "viewpoint"
      },
      "geometry": {
        "type": "Point",
        "coordinates": [
          121.6621064,
          25.0714385
        ]
      },
      "id": "node/11171492839"
    },
    {
      "type": "Feature",
      "properties": {
        "@id": "node/11171521737",
        "name": "日本神社",
        "tourism": "viewpoint"
      },
      "geometry": {
        "type": "Point",
        "coordinates": [
          121.6589913,
          25.068643
        ]
      },
      "id": "node/11171521737"
    },
    {
      "type": "Feature",
      "properties": {
        "@id": "node/11191763978",
        "name": "觀景台",
        "tourism": "viewpoint"
      },
      "geometry": {
        "type": "Point",
        "coordinates": [
          120.7389468,
          24.0787772
        ]
      },
      "id": "node/11191763978"
    },
    {
      "type": "Feature",
      "properties": {
        "@id": "node/11214912779",
        "name": "新寮秘境觀景臺",
        "tourism": "viewpoint"
      },
      "geometry": {
        "type": "Point",
        "coordinates": [
          121.3954425,
          25.0686114
        ]
      },
      "id": "node/11214912779"
    },
    {
      "type": "Feature",
      "properties": {
        "@id": "node/11236724046",
        "name": "近水台",
        "tourism": "viewpoint"
      },
      "geometry": {
        "type": "Point",
        "coordinates": [
          120.8033309,
          23.6182215
        ]
      },
      "id": "node/11236724046"
    },
    {
      "type": "Feature",
      "properties": {
        "@id": "node/11241010711",
        "direction": "135-315",
        "name": "觀景台",
        "tourism": "viewpoint",
        "wheelchair": "yes"
      },
      "geometry": {
        "type": "Point",
        "coordinates": [
          121.3278805,
          25.0119722
        ]
      },
      "id": "node/11241010711"
    },
    {
      "type": "Feature",
      "properties": {
        "@id": "node/11246665149",
        "name": "加走灣瞭望台",
        "tourism": "viewpoint"
      },
      "geometry": {
        "type": "Point",
        "coordinates": [
          121.4515287,
          23.3140529
        ]
      },
      "id": "node/11246665149"
    },
    {
      "type": "Feature",
      "properties": {
        "@id": "node/11248142454",
        "name": "磺溪、大屯火山群",
        "tourism": "viewpoint"
      },
      "geometry": {
        "type": "Point",
        "coordinates": [
          121.650315,
          25.2289197
        ]
      },
      "id": "node/11248142454"
    },
    {
      "type": "Feature",
      "properties": {
        "@id": "node/11249237235",
        "name": "休憩區",
        "tourism": "viewpoint"
      },
      "geometry": {
        "type": "Point",
        "coordinates": [
          120.6205997,
          23.5071817
        ]
      },
      "id": "node/11249237235"
    },
    {
      "type": "Feature",
      "properties": {
        "@id": "node/11249237236",
        "name": "休憩區",
        "tourism": "viewpoint"
      },
      "geometry": {
        "type": "Point",
        "coordinates": [
          120.6183654,
          23.5071516
        ]
      },
      "id": "node/11249237236"
    },
    {
      "type": "Feature",
      "properties": {
        "@id": "node/11250590338",
        "amenity": "shelter",
        "name": "觀湖亭",
        "tourism": "viewpoint"
      },
      "geometry": {
        "type": "Point",
        "coordinates": [
          120.5382559,
          23.2429051
        ]
      },
      "id": "node/11250590338"
    },
    {
      "type": "Feature",
      "properties": {
        "@id": "node/11311176270",
        "name": "出眺景觀平臺",
        "name:en": "Scenic Viewing Deck",
        "operator": "國立故宮博物院南部院區",
        "operator:en": "Southern Branch of the National Palace Museum",
        "reservation": "no",
        "tourism": "viewpoint"
      },
      "geometry": {
        "type": "Point",
        "coordinates": [
          120.2947048,
          23.4746285
        ]
      },
      "id": "node/11311176270"
    },
    {
      "type": "Feature",
      "properties": {
        "@id": "node/11336260489",
        "name": "眺望台",
        "tourism": "viewpoint"
      },
      "geometry": {
        "type": "Point",
        "coordinates": [
          121.3966222,
          25.0727899
        ]
      },
      "id": "node/11336260489"
    },
    {
      "type": "Feature",
      "properties": {
        "@id": "node/11337098769",
        "name": "觀景點",
        "tourism": "viewpoint"
      },
      "geometry": {
        "type": "Point",
        "coordinates": [
          121.8427343,
          24.9063688
        ]
      },
      "id": "node/11337098769"
    },
    {
      "type": "Feature",
      "properties": {
        "@id": "node/11346437347",
        "name": "鳥瞰金崙",
        "tourism": "viewpoint"
      },
      "geometry": {
        "type": "Point",
        "coordinates": [
          120.9544754,
          22.5186581
        ]
      },
      "id": "node/11346437347"
    },
    {
      "type": "Feature",
      "properties": {
        "@id": "node/11346437358",
        "name": "華源海灣觀景點",
        "tourism": "viewpoint"
      },
      "geometry": {
        "type": "Point",
        "coordinates": [
          121.0152021,
          22.6477057
        ]
      },
      "id": "node/11346437358"
    },
    {
      "type": "Feature",
      "properties": {
        "@id": "node/11361162377",
        "name": "觀景台",
        "tourism": "viewpoint"
      },
      "geometry": {
        "type": "Point",
        "coordinates": [
          120.7022785,
          24.0591035
        ]
      },
      "id": "node/11361162377"
    },
    {
      "type": "Feature",
      "properties": {
        "@id": "node/11361162378",
        "name": "觀景台",
        "tourism": "viewpoint"
      },
      "geometry": {
        "type": "Point",
        "coordinates": [
          120.7028029,
          24.0580559
        ]
      },
      "id": "node/11361162378"
    },
    {
      "type": "Feature",
      "properties": {
        "@id": "node/11375024950",
        "description": "展望點",
        "name": "展望點",
        "tourism": "viewpoint"
      },
      "geometry": {
        "type": "Point",
        "coordinates": [
          120.7523455,
          22.7628176
        ]
      },
      "id": "node/11375024950"
    },
    {
      "type": "Feature",
      "properties": {
        "@id": "node/11379104170",
        "name": "1號平台",
        "tourism": "viewpoint"
      },
      "geometry": {
        "type": "Point",
        "coordinates": [
          120.4831257,
          23.4705368
        ]
      },
      "id": "node/11379104170"
    },
    {
      "type": "Feature",
      "properties": {
        "@id": "node/11379104191",
        "name": "4號平台",
        "tourism": "viewpoint"
      },
      "geometry": {
        "type": "Point",
        "coordinates": [
          120.4823738,
          23.4721675
        ]
      },
      "id": "node/11379104191"
    },
    {
      "type": "Feature",
      "properties": {
        "@id": "node/11379104197",
        "amenity": "shelter",
        "name": "5號平台",
        "tourism": "viewpoint"
      },
      "geometry": {
        "type": "Point",
        "coordinates": [
          120.4829734,
          23.4725607
        ]
      },
      "id": "node/11379104197"
    },
    {
      "type": "Feature",
      "properties": {
        "@id": "node/11379104210",
        "name": "6號平台",
        "tourism": "viewpoint"
      },
      "geometry": {
        "type": "Point",
        "coordinates": [
          120.4835372,
          23.4734612
        ]
      },
      "id": "node/11379104210"
    },
    {
      "type": "Feature",
      "properties": {
        "@id": "node/11379104227",
        "name": "8號平台",
        "tourism": "viewpoint"
      },
      "geometry": {
        "type": "Point",
        "coordinates": [
          120.4849743,
          23.4741155
        ]
      },
      "id": "node/11379104227"
    },
    {
      "type": "Feature",
      "properties": {
        "@id": "node/11379104231",
        "amenity": "bench",
        "name": "3號平台",
        "tourism": "viewpoint"
      },
      "geometry": {
        "type": "Point",
        "coordinates": [
          120.4823289,
          23.4719366
        ]
      },
      "id": "node/11379104231"
    },
    {
      "type": "Feature",
      "properties": {
        "@id": "node/11380200728",
        "name": "巨石石洞",
        "tourism": "viewpoint"
      },
      "geometry": {
        "type": "Point",
        "coordinates": [
          120.8195057,
          24.1147697
        ]
      },
      "id": "node/11380200728"
    },
    {
      "type": "Feature",
      "properties": {
        "@id": "node/11380200729",
        "name": "黑水管",
        "tourism": "viewpoint"
      },
      "geometry": {
        "type": "Point",
        "coordinates": [
          120.8196224,
          24.1149973
        ]
      },
      "id": "node/11380200729"
    },
    {
      "type": "Feature",
      "properties": {
        "@id": "node/11380200730",
        "name": "神奇洞穴(容納三人)",
        "tourism": "viewpoint"
      },
      "geometry": {
        "type": "Point",
        "coordinates": [
          120.8196798,
          24.1159247
        ]
      },
      "id": "node/11380200730"
    },
    {
      "type": "Feature",
      "properties": {
        "@id": "node/11380200732",
        "direction": "瀑布",
        "name": "瀑布",
        "tourism": "viewpoint"
      },
      "geometry": {
        "type": "Point",
        "coordinates": [
          120.8208273,
          24.1183073
        ]
      },
      "id": "node/11380200732"
    },
    {
      "type": "Feature",
      "properties": {
        "@id": "node/11391435622",
        "name": "山線、成追線鐵軌分叉點",
        "railway": "junction",
        "tourism": "viewpoint"
      },
      "geometry": {
        "type": "Point",
        "coordinates": [
          120.5765001,
          24.1182299
        ]
      },
      "id": "node/11391435622"
    },
    {
      "type": "Feature",
      "properties": {
        "@id": "node/11391435623",
        "name": "山線、海線鐵軌分叉點",
        "railway": "junction",
        "tourism": "viewpoint"
      },
      "geometry": {
        "type": "Point",
        "coordinates": [
          120.5788913,
          24.1123001
        ]
      },
      "id": "node/11391435623"
    },
    {
      "type": "Feature",
      "properties": {
        "@id": "node/11398965033",
        "name": "101、102賞景平台",
        "tourism": "viewpoint"
      },
      "geometry": {
        "type": "Point",
        "coordinates": [
          121.5769749,
          25.0314805
        ]
      },
      "id": "node/11398965033"
    },
    {
      "type": "Feature",
      "properties": {
        "@id": "node/11406574469",
        "name": "控溪吊橋",
        "tourism": "viewpoint"
      },
      "geometry": {
        "type": "Point",
        "coordinates": [
          121.2872191,
          24.6202309
        ]
      },
      "id": "node/11406574469"
    },
    {
      "type": "Feature",
      "properties": {
        "@id": "node/11419768769",
        "name": "觀景平台",
        "tourism": "viewpoint"
      },
      "geometry": {
        "type": "Point",
        "coordinates": [
          121.5100957,
          23.9221453
        ]
      },
      "id": "node/11419768769"
    },
    {
      "type": "Feature",
      "properties": {
        "@id": "node/11436678681",
        "name": "鯉魚潭水庫大壩",
        "tourism": "viewpoint"
      },
      "geometry": {
        "type": "Point",
        "coordinates": [
          120.7830262,
          24.3438661
        ]
      },
      "id": "node/11436678681"
    },
    {
      "type": "Feature",
      "properties": {
        "@id": "node/11483056824",
        "name": "十米隧道",
        "tourism": "viewpoint"
      },
      "geometry": {
        "type": "Point",
        "coordinates": [
          121.819849,
          25.0805505
        ]
      },
      "id": "node/11483056824"
    },
    {
      "type": "Feature",
      "properties": {
        "@id": "node/11497668229",
        "name": "後慈湖景觀",
        "tourism": "viewpoint"
      },
      "geometry": {
        "type": "Point",
        "coordinates": [
          121.3040436,
          24.8475443
        ]
      },
      "id": "node/11497668229"
    },
    {
      "type": "Feature",
      "properties": {
        "@id": "node/11508518989",
        "name": "電塔",
        "tourism": "viewpoint"
      },
      "geometry": {
        "type": "Point",
        "coordinates": [
          121.3090673,
          24.8508935
        ]
      },
      "id": "node/11508518989"
    },
    {
      "type": "Feature",
      "properties": {
        "@id": "node/11518271793",
        "name": "五賢宮前觀景台",
        "tourism": "viewpoint"
      },
      "geometry": {
        "type": "Point",
        "coordinates": [
          120.9473327,
          24.8597101
        ]
      },
      "id": "node/11518271793"
    },
    {
      "type": "Feature",
      "properties": {
        "@id": "node/11632605247",
        "name": "休憩平台",
        "tourism": "viewpoint"
      },
      "geometry": {
        "type": "Point",
        "coordinates": [
          120.7792832,
          24.1068194
        ]
      },
      "id": "node/11632605247"
    },
    {
      "type": "Feature",
      "properties": {
        "@id": "node/11649304170",
        "name": "展望",
        "tourism": "viewpoint"
      },
      "geometry": {
        "type": "Point",
        "coordinates": [
          120.5923508,
          23.2406813
        ]
      },
      "id": "node/11649304170"
    },
    {
      "type": "Feature",
      "properties": {
        "@id": "node/11651320991",
        "name": "展望",
        "tourism": "viewpoint"
      },
      "geometry": {
        "type": "Point",
        "coordinates": [
          121.6001464,
          24.5190523
        ]
      },
      "id": "node/11651320991"
    },
    {
      "type": "Feature",
      "properties": {
        "@id": "node/11651321037",
        "name": "翠峰湖景",
        "tourism": "viewpoint"
      },
      "geometry": {
        "type": "Point",
        "coordinates": [
          121.6004135,
          24.5174679
        ]
      },
      "id": "node/11651321037"
    },
    {
      "type": "Feature",
      "properties": {
        "@id": "node/11696466268",
        "name": "天鷹嶺觀景臺",
        "tourism": "viewpoint"
      },
      "geometry": {
        "type": "Point",
        "coordinates": [
          120.8137274,
          23.9170635
        ]
      },
      "id": "node/11696466268"
    },
    {
      "type": "Feature",
      "properties": {
        "@id": "node/11724940000",
        "ele": "345",
        "name": "中心崙",
        "tourism": "viewpoint"
      },
      "geometry": {
        "type": "Point",
        "coordinates": [
          121.9422812,
          24.9961695
        ]
      },
      "id": "node/11724940000"
    },
    {
      "type": "Feature",
      "properties": {
        "@id": "node/11734339591",
        "name": "觀景平台",
        "tourism": "viewpoint"
      },
      "geometry": {
        "type": "Point",
        "coordinates": [
          121.9212948,
          25.001042
        ]
      },
      "id": "node/11734339591"
    },
    {
      "type": "Feature",
      "properties": {
        "@id": "node/11738293023",
        "name": "觀景平台",
        "tourism": "viewpoint"
      },
      "geometry": {
        "type": "Point",
        "coordinates": [
          120.9891848,
          23.9636342
        ]
      },
      "id": "node/11738293023"
    },
    {
      "type": "Feature",
      "properties": {
        "@id": "node/11792329271",
        "direction": "0-360",
        "name": "奇萊鼻燈塔瞭望平台",
        "name:en": "Qilaibi Light House observation platform",
        "tourism": "viewpoint"
      },
      "geometry": {
        "type": "Point",
        "coordinates": [
          121.6434185,
          24.0166595
        ]
      },
      "id": "node/11792329271"
    },
    {
      "type": "Feature",
      "properties": {
        "@id": "node/11811533461",
        "ele": "750",
        "name": "清涼嶺",
        "tourism": "viewpoint"
      },
      "geometry": {
        "type": "Point",
        "coordinates": [
          121.5361956,
          25.1958289
        ]
      },
      "id": "node/11811533461"
    },
    {
      "type": "Feature",
      "properties": {
        "@id": "node/11811749542",
        "ele": "685",
        "name": "玉女嶺",
        "tourism": "viewpoint"
      },
      "geometry": {
        "type": "Point",
        "coordinates": [
          121.5323476,
          25.1969079
        ]
      },
      "id": "node/11811749542"
    },
    {
      "type": "Feature",
      "properties": {
        "@id": "node/11817877740",
        "name": "牡丹S彎鐵道觀景點",
        "tourism": "viewpoint"
      },
      "geometry": {
        "type": "Point",
        "coordinates": [
          121.8707486,
          25.044533
        ]
      },
      "id": "node/11817877740"
    },
    {
      "type": "Feature",
      "properties": {
        "@id": "node/11826443660",
        "ele": "1020",
        "name": "桶湖岩",
        "tourism": "viewpoint"
      },
      "geometry": {
        "type": "Point",
        "coordinates": [
          121.5348696,
          25.1870175
        ]
      },
      "id": "node/11826443660"
    },
    {
      "type": "Feature",
      "properties": {
        "@id": "node/11833118528",
        "name": "水禽觀察區",
        "name:en": "Waterfowl Observation Zone",
        "tourism": "viewpoint"
      },
      "geometry": {
        "type": "Point",
        "coordinates": [
          121.5837099,
          24.9941275
        ]
      },
      "id": "node/11833118528"
    },
    {
      "type": "Feature",
      "properties": {
        "@id": "node/11834681952",
        "name": "菩提岩",
        "tourism": "viewpoint"
      },
      "geometry": {
        "type": "Point",
        "coordinates": [
          121.5436882,
          25.1893083
        ]
      },
      "id": "node/11834681952"
    },
    {
      "type": "Feature",
      "properties": {
        "@id": "node/11834902208",
        "ele": "734",
        "name": "天女嶺",
        "tourism": "viewpoint"
      },
      "geometry": {
        "type": "Point",
        "coordinates": [
          121.5347268,
          25.1952875
        ]
      },
      "id": "node/11834902208"
    },
    {
      "type": "Feature",
      "properties": {
        "@id": "node/11834945985",
        "ele": "826",
        "name": "仰天嶺",
        "tourism": "viewpoint"
      },
      "geometry": {
        "type": "Point",
        "coordinates": [
          121.5337122,
          25.1943696
        ]
      },
      "id": "node/11834945985"
    },
    {
      "type": "Feature",
      "properties": {
        "@id": "node/11890816291",
        "name": "九芎湖幸福月台",
        "tourism": "viewpoint"
      },
      "geometry": {
        "type": "Point",
        "coordinates": [
          121.604304,
          24.6564361
        ]
      },
      "id": "node/11890816291"
    },
    {
      "type": "Feature",
      "properties": {
        "@id": "node/11895959458",
        "name": "女王尖",
        "tourism": "viewpoint"
      },
      "geometry": {
        "type": "Point",
        "coordinates": [
          121.5323798,
          25.1963141
        ]
      },
      "id": "node/11895959458"
    },
    {
      "type": "Feature",
      "properties": {
        "@id": "node/11895973223",
        "name": "清淨嶺",
        "tourism": "viewpoint"
      },
      "geometry": {
        "type": "Point",
        "coordinates": [
          121.5327831,
          25.1948442
        ]
      },
      "id": "node/11895973223"
    },
    {
      "type": "Feature",
      "properties": {
        "@id": "node/11896686747",
        "name": "滴水崁溪口峽谷",
        "tourism": "viewpoint"
      },
      "geometry": {
        "type": "Point",
        "coordinates": [
          120.5841827,
          23.0663066
        ]
      },
      "id": "node/11896686747"
    },
    {
      "type": "Feature",
      "properties": {
        "@id": "node/11915093969",
        "name": "觀景平台 樹太高看不到溪流",
        "tourism": "viewpoint"
      },
      "geometry": {
        "type": "Point",
        "coordinates": [
          121.4493334,
          24.8254426
        ]
      },
      "id": "node/11915093969"
    },
    {
      "type": "Feature",
      "properties": {
        "@id": "node/11917363358",
        "name": "觀景台",
        "tourism": "viewpoint"
      },
      "geometry": {
        "type": "Point",
        "coordinates": [
          121.7470783,
          25.1321877
        ]
      },
      "id": "node/11917363358"
    },
    {
      "type": "Feature",
      "properties": {
        "@id": "node/11939234066",
        "name": "土地公休息平台",
        "tourism": "viewpoint"
      },
      "geometry": {
        "type": "Point",
        "coordinates": [
          121.5296007,
          24.8766512
        ]
      },
      "id": "node/11939234066"
    },
    {
      "type": "Feature",
      "properties": {
        "@id": "node/11939234068",
        "name": "基地台觀景平台",
        "tourism": "viewpoint"
      },
      "geometry": {
        "type": "Point",
        "coordinates": [
          121.5274412,
          24.8757412
        ]
      },
      "id": "node/11939234068"
    },
    {
      "type": "Feature",
      "properties": {
        "@id": "node/11941447875",
        "name": "平台",
        "tourism": "viewpoint"
      },
      "geometry": {
        "type": "Point",
        "coordinates": [
          121.2793085,
          24.6885801
        ]
      },
      "id": "node/11941447875"
    },
    {
      "type": "Feature",
      "properties": {
        "@id": "node/11954186865",
        "ele": "160",
        "name": "丁子蘭坑",
        "tourism": "viewpoint"
      },
      "geometry": {
        "type": "Point",
        "coordinates": [
          121.8601642,
          24.9945191
        ]
      },
      "id": "node/11954186865"
    },
    {
      "type": "Feature",
      "properties": {
        "@id": "node/11959961047",
        "name": "俯瞰稻田",
        "tourism": "viewpoint",
        "wheelchair": "yes"
      },
      "geometry": {
        "type": "Point",
        "coordinates": [
          121.3217668,
          25.0115978
        ]
      },
      "id": "node/11959961047"
    },
    {
      "type": "Feature",
      "properties": {
        "@id": "node/12020335036",
        "name": "白賓名樹",
        "tourism": "viewpoint"
      },
      "geometry": {
        "type": "Point",
        "coordinates": [
          120.6685762,
          22.6859626
        ]
      },
      "id": "node/12020335036"
    },
    {
      "type": "Feature",
      "properties": {
        "@id": "node/12031500709",
        "name": "西望一二三尖等",
        "tourism": "viewpoint"
      },
      "geometry": {
        "type": "Point",
        "coordinates": [
          120.5087737,
          23.2491939
        ]
      },
      "id": "node/12031500709"
    },
    {
      "type": "Feature",
      "properties": {
        "@id": "node/12045195565",
        "name": "花蓮台開風帆下水坡道暨賞鳥平台",
        "tourism": "viewpoint"
      },
      "geometry": {
        "type": "Point",
        "coordinates": [
          121.6027706,
          23.9374993
        ]
      },
      "id": "node/12045195565"
    },
    {
      "type": "Feature",
      "properties": {
        "@id": "node/12054203857",
        "name": "文筆嶺",
        "tourism": "viewpoint"
      },
      "geometry": {
        "type": "Point",
        "coordinates": [
          121.5327743,
          25.1943876
        ]
      },
      "id": "node/12054203857"
    },
    {
      "type": "Feature",
      "properties": {
        "@id": "node/12054220409",
        "name": "龍女岩",
        "tourism": "viewpoint"
      },
      "geometry": {
        "type": "Point",
        "coordinates": [
          121.532789,
          25.1937397
        ]
      },
      "id": "node/12054220409"
    },
    {
      "type": "Feature",
      "properties": {
        "@id": "node/12060297810",
        "name": "金童嶺",
        "tourism": "viewpoint"
      },
      "geometry": {
        "type": "Point",
        "coordinates": [
          121.5313011,
          25.1970579
        ]
      },
      "id": "node/12060297810"
    },
    {
      "type": "Feature",
      "properties": {
        "@id": "node/12063129968",
        "name": "觀景台",
        "tourism": "viewpoint"
      },
      "geometry": {
        "type": "Point",
        "coordinates": [
          121.3643644,
          24.8381631
        ]
      },
      "id": "node/12063129968"
    },
    {
      "type": "Feature",
      "properties": {
        "@id": "node/12104219449",
        "name": "明月崙",
        "tourism": "viewpoint"
      },
      "geometry": {
        "type": "Point",
        "coordinates": [
          121.532055,
          25.1954942
        ]
      },
      "id": "node/12104219449"
    },
    {
      "type": "Feature",
      "properties": {
        "@id": "node/12115227042",
        "name": "120度牡丹站",
        "tourism": "viewpoint"
      },
      "geometry": {
        "type": "Point",
        "coordinates": [
          121.8525668,
          25.0552702
        ]
      },
      "id": "node/12115227042"
    },
    {
      "type": "Feature",
      "properties": {
        "@id": "node/12118008274",
        "name": "映彩平臺",
        "tourism": "viewpoint"
      },
      "geometry": {
        "type": "Point",
        "coordinates": [
          120.6598949,
          24.1054041
        ]
      },
      "id": "node/12118008274"
    },
    {
      "type": "Feature",
      "properties": {
        "@id": "node/12118008275",
        "name": "滯洪池觀察平臺",
        "tourism": "viewpoint"
      },
      "geometry": {
        "type": "Point",
        "coordinates": [
          120.6590013,
          24.1051873
        ]
      },
      "id": "node/12118008275"
    },
    {
      "type": "Feature",
      "properties": {
        "@id": "node/12135025369",
        "ele": "447.25",
        "name": "保長坑溪頭山",
        "tourism": "viewpoint"
      },
      "geometry": {
        "type": "Point",
        "coordinates": [
          121.7110206,
          25.0408462
        ]
      },
      "id": "node/12135025369"
    },
    {
      "type": "Feature",
      "properties": {
        "@id": "node/12139515197",
        "ele": "505",
        "name": "小坑頭",
        "tourism": "viewpoint"
      },
      "geometry": {
        "type": "Point",
        "coordinates": [
          121.6853894,
          25.042089
        ]
      },
      "id": "node/12139515197"
    },
    {
      "type": "Feature",
      "properties": {
        "@id": "node/12141958361",
        "ele": "315",
        "name": "庚子寮",
        "tourism": "viewpoint"
      },
      "geometry": {
        "type": "Point",
        "coordinates": [
          121.8713603,
          25.0678729
        ]
      },
      "id": "node/12141958361"
    },
    {
      "type": "Feature",
      "properties": {
        "@id": "node/12141958362",
        "ele": "310",
        "name": "庚子寮西南峰",
        "tourism": "viewpoint"
      },
      "geometry": {
        "type": "Point",
        "coordinates": [
          121.870768,
          25.0671746
        ]
      },
      "id": "node/12141958362"
    },
    {
      "type": "Feature",
      "properties": {
        "@id": "node/12141958363",
        "ele": "110",
        "name": "石笋",
        "tourism": "viewpoint"
      },
      "geometry": {
        "type": "Point",
        "coordinates": [
          121.8635462,
          25.0637675
        ]
      },
      "id": "node/12141958363"
    },
    {
      "type": "Feature",
      "properties": {
        "@id": "node/12150812455",
        "ele": "250",
        "name": "中埔崙",
        "tourism": "viewpoint"
      },
      "geometry": {
        "type": "Point",
        "coordinates": [
          121.7235993,
          25.0214931
        ]
      },
      "id": "node/12150812455"
    },
    {
      "type": "Feature",
      "properties": {
        "@id": "node/12150812456",
        "ele": "50",
        "name": "石厝坑",
        "tourism": "viewpoint"
      },
      "geometry": {
        "type": "Point",
        "coordinates": [
          121.7104181,
          25.1161867
        ]
      },
      "id": "node/12150812456"
    },
    {
      "type": "Feature",
      "properties": {
        "@id": "node/12214086373",
        "name": "瀑布觀景點",
        "tourism": "viewpoint"
      },
      "geometry": {
        "type": "Point",
        "coordinates": [
          121.8271602,
          24.9579749
        ]
      },
      "id": "node/12214086373"
    },
    {
      "type": "Feature",
      "properties": {
        "@id": "node/12270457101",
        "name": "觀景台",
        "name:en": "Kaohsiung Bird's-eye View Observation Deck",
        "tourism": "viewpoint"
      },
      "geometry": {
        "type": "Point",
        "coordinates": [
          120.2634417,
          22.657366
        ]
      },
      "id": "node/12270457101"
    },
    {
      "type": "Feature",
      "properties": {
        "@id": "node/12270957301",
        "name": "(俯瞰蓮池潭）",
        "tourism": "viewpoint"
      },
      "geometry": {
        "type": "Point",
        "coordinates": [
          120.2612637,
          22.6591439
        ]
      },
      "id": "node/12270957301"
    },
    {
      "type": "Feature",
      "properties": {
        "@id": "node/12270967005",
        "name": "(眺望蓮池潭）",
        "tourism": "viewpoint"
      },
      "geometry": {
        "type": "Point",
        "coordinates": [
          120.2612654,
          22.6591324
        ]
      },
      "id": "node/12270967005"
    },
    {
      "type": "Feature",
      "properties": {
        "@id": "node/12387429668",
        "ele": "610",
        "name": "石龜山",
        "tourism": "viewpoint"
      },
      "geometry": {
        "type": "Point",
        "coordinates": [
          121.8371555,
          24.9289772
        ]
      },
      "id": "node/12387429668"
    },
    {
      "type": "Feature",
      "properties": {
        "@id": "node/12424523069",
        "ele": "354",
        "name": "灣潭",
        "tourism": "viewpoint"
      },
      "geometry": {
        "type": "Point",
        "coordinates": [
          121.8003759,
          24.9442114
        ]
      },
      "id": "node/12424523069"
    },
    {
      "type": "Feature",
      "properties": {
        "@id": "node/12441645053",
        "ele": "480",
        "name": "灣潭崙",
        "tourism": "viewpoint"
      },
      "geometry": {
        "type": "Point",
        "coordinates": [
          121.8114105,
          24.9241422
        ]
      },
      "id": "node/12441645053"
    },
    {
      "type": "Feature",
      "properties": {
        "@id": "node/12468292921",
        "ele": "410",
        "man_made": "summit_board",
        "name": "石門內尖山東峰",
        "name:en": "Shimenneijianshandongfeng",
        "name:zh": "石門內尖山東峰",
        "name:zh-Bopo": "ㄕˊㄇㄣˊㄋㄟˋㄐㄧㄢㄕㄢㄉㄨㄥㄈㄥ",
        "name:zh-Hans": "石门内尖山东峰",
        "name:zh-Hant": "石門內尖山東峰",
        "name:zh-Latn-pinyin": "shíménnèijiānshāndōngfēng",
        "note": "土地調查局四控基點",
        "ref": "台北縣政府不鏽鋼四等控制點GE62",
        "tourism": "viewpoint"
      },
      "geometry": {
        "type": "Point",
        "coordinates": [
          121.4397865,
          24.9372076
        ]
      },
      "id": "node/12468292921"
    },
    {
      "type": "Feature",
      "properties": {
        "@id": "node/12468293851",
        "ele": "614",
        "name": "中心崙",
        "tourism": "viewpoint"
      },
      "geometry": {
        "type": "Point",
        "coordinates": [
          121.7888703,
          24.946566
        ]
      },
      "id": "node/12468293851"
    },
    {
      "type": "Feature",
      "properties": {
        "@id": "node/12468295338",
        "ele": "520",
        "man_made": "summit_board",
        "name": "石筍尖",
        "name:en": "Shisun peak",
        "name:zh": "石筍尖",
        "tourism": "viewpoint"
      },
      "geometry": {
        "type": "Point",
        "coordinates": [
          121.7212552,
          25.0309873
        ]
      },
      "id": "node/12468295338"
    },
    {
      "type": "Feature",
      "properties": {
        "@id": "node/12475026913",
        "name": "View",
        "tourism": "viewpoint"
      },
      "geometry": {
        "type": "Point",
        "coordinates": [
          121.1651089,
          22.7589305
        ]
      },
      "id": "node/12475026913"
    },
    {
      "type": "Feature",
      "properties": {
        "@id": "node/12508935741",
        "name": "觀景點",
        "tourism": "viewpoint"
      },
      "geometry": {
        "type": "Point",
        "coordinates": [
          121.8625469,
          25.0263848
        ]
      },
      "id": "node/12508935741"
    },
    {
      "type": "Feature",
      "properties": {
        "@id": "node/12551402179",
        "name": "350高地",
        "tourism": "viewpoint"
      },
      "geometry": {
        "type": "Point",
        "coordinates": [
          120.5914302,
          23.0887418
        ]
      },
      "id": "node/12551402179"
    },
    {
      "type": "Feature",
      "properties": {
        "@id": "node/12573325947",
        "name": "169 石棹觀景台",
        "name:en": "169 Shizhuo Observation Deck",
        "tourism": "viewpoint"
      },
      "geometry": {
        "type": "Point",
        "coordinates": [
          120.6952653,
          23.4768226
        ]
      },
      "id": "node/12573325947"
    },
    {
      "type": "Feature",
      "properties": {
        "@id": "node/12577855982",
        "name": "眺望楠梓仙溪",
        "tourism": "viewpoint"
      },
      "geometry": {
        "type": "Point",
        "coordinates": [
          120.5955679,
          23.0907993
        ]
      },
      "id": "node/12577855982"
    },
    {
      "type": "Feature",
      "properties": {
        "@id": "node/12644432930",
        "name": "天子石",
        "tourism": "viewpoint"
      },
      "geometry": {
        "type": "Point",
        "coordinates": [
          121.4948357,
          25.1675555
        ]
      },
      "id": "node/12644432930"
    },
    {
      "type": "Feature",
      "properties": {
        "@id": "node/12644432944",
        "name": "天王石壁",
        "tourism": "viewpoint"
      },
      "geometry": {
        "type": "Point",
        "coordinates": [
          121.4942397,
          25.1680526
        ]
      },
      "id": "node/12644432944"
    },
    {
      "type": "Feature",
      "properties": {
        "@id": "node/12644432945",
        "name": "天后石",
        "tourism": "viewpoint"
      },
      "geometry": {
        "type": "Point",
        "coordinates": [
          121.4942317,
          25.1679274
        ]
      },
      "id": "node/12644432945"
    },
    {
      "type": "Feature",
      "properties": {
        "@id": "node/12644432952",
        "name": "天女石群",
        "tourism": "viewpoint"
      },
      "geometry": {
        "type": "Point",
        "coordinates": [
          121.4942344,
          25.1678397
        ]
      },
      "id": "node/12644432952"
    },
    {
      "type": "Feature",
      "properties": {
        "@id": "node/12644432960",
        "name": "御石台",
        "tourism": "viewpoint"
      },
      "geometry": {
        "type": "Point",
        "coordinates": [
          121.4941286,
          25.1679522
        ]
      },
      "id": "node/12644432960"
    },
    {
      "type": "Feature",
      "properties": {
        "@id": "node/12686514367",
        "name": "西施岩",
        "tourism": "viewpoint"
      },
      "geometry": {
        "type": "Point",
        "coordinates": [
          121.5345421,
          25.1870052
        ]
      },
      "id": "node/12686514367"
    },
    {
      "type": "Feature",
      "properties": {
        "@id": "node/12767080168",
        "name": "十字天懲石",
        "tourism": "viewpoint"
      },
      "geometry": {
        "type": "Point",
        "coordinates": [
          121.4949496,
          25.1683789
        ]
      },
      "id": "node/12767080168"
    },
    {
      "type": "Feature",
      "properties": {
        "@id": "node/12785261595",
        "name": "流水石竹林",
        "tourism": "viewpoint"
      },
      "geometry": {
        "type": "Point",
        "coordinates": [
          121.4948333,
          25.1683538
        ]
      },
      "id": "node/12785261595"
    },
    {
      "type": "Feature",
      "properties": {
        "@id": "node/12785261597",
        "name": "石壁大空地",
        "tourism": "viewpoint"
      },
      "geometry": {
        "type": "Point",
        "coordinates": [
          121.4946627,
          25.1682968
        ]
      },
      "id": "node/12785261597"
    },
    {
      "type": "Feature",
      "properties": {
        "@id": "node/12800554886",
        "name": "觀瀑平台3",
        "ref": "3",
        "tourism": "viewpoint"
      },
      "geometry": {
        "type": "Point",
        "coordinates": [
          121.7881641,
          25.0487637
        ]
      },
      "id": "node/12800554886"
    },
    {
      "type": "Feature",
      "properties": {
        "@id": "node/12800554887",
        "name": "觀瀑平台1",
        "ref": "1",
        "tourism": "viewpoint"
      },
      "geometry": {
        "type": "Point",
        "coordinates": [
          121.788163,
          25.0491287
        ]
      },
      "id": "node/12800554887"
    },
    {
      "type": "Feature",
      "properties": {
        "@id": "node/12805575101",
        "name": "Lotus viewpoint",
        "tourism": "viewpoint"
      },
      "geometry": {
        "type": "Point",
        "coordinates": [
          121.2268629,
          23.1193528
        ]
      },
      "id": "node/12805575101"
    },
    {
      "type": "Feature",
      "properties": {
        "@id": "node/12830912148",
        "name": "展望基隆嶼",
        "tourism": "viewpoint"
      },
      "geometry": {
        "type": "Point",
        "coordinates": [
          121.6706694,
          25.1735595
        ]
      },
      "id": "node/12830912148"
    },
    {
      "type": "Feature",
      "properties": {
        "@id": "node/12945962580",
        "man_made": "tower",
        "name": "竹林祕境觀景台",
        "tourism": "viewpoint",
        "tower:type": "observation"
      },
      "geometry": {
        "type": "Point",
        "coordinates": [
          121.5825357,
          25.1069492
        ]
      },
      "id": "node/12945962580"
    },
    {
      "type": "Feature",
      "properties": {
        "@id": "node/12973035175",
        "name": "瑞光嶺",
        "tourism": "viewpoint"
      },
      "geometry": {
        "type": "Point",
        "coordinates": [
          121.5322466,
          25.1952749
        ]
      },
      "id": "node/12973035175"
    },
    {
      "type": "Feature",
      "properties": {
        "@id": "node/13031677528",
        "name": "伏流瀑布",
        "tourism": "viewpoint"
      },
      "geometry": {
        "type": "Point",
        "coordinates": [
          121.5403754,
          25.2141847
        ]
      },
      "id": "node/13031677528"
    },
    {
      "type": "Feature",
      "properties": {
        "@id": "node/13046949053",
        "name": "觀瀑平台",
        "tourism": "viewpoint"
      },
      "geometry": {
        "type": "Point",
        "coordinates": [
          121.2820633,
          24.8002849
        ]
      },
      "id": "node/13046949053"
    },
    {
      "type": "Feature",
      "properties": {
        "@id": "node/13074345490",
        "name": "Buci造景藝術",
        "tourism": "viewpoint"
      },
      "geometry": {
        "type": "Point",
        "coordinates": [
          120.9268229,
          24.3485007
        ]
      },
      "id": "node/13074345490"
    },
    {
      "type": "Feature",
      "properties": {
        "@id": "node/13114079701",
        "name": "絕美嗨景",
        "name:en": "Grand Beauty View",
        "name:zh": "絕美嗨景",
        "name:zh-Hans": "绝美嗨景",
        "name:zh-Hant": "絕美嗨景",
        "tourism": "viewpoint"
      },
      "geometry": {
        "type": "Point",
        "coordinates": [
          119.6711062,
          23.6010318
        ]
      },
      "id": "node/13114079701"
    },
    {
      "type": "Feature",
      "properties": {
        "@id": "node/13114082201",
        "name": "風車陶景",
        "name:en": "Wind Turbine View",
        "name:zh": "風車陶景",
        "name:zh-Hans": "风车陶景",
        "name:zh-Hant": "風車陶景",
        "tourism": "viewpoint"
      },
      "geometry": {
        "type": "Point",
        "coordinates": [
          119.671407,
          23.5998727
        ]
      },
      "id": "node/13114082201"
    },
    {
      "type": "Feature",
      "properties": {
        "@id": "node/13249912537",
        "name": "觀景台",
        "tourism": "viewpoint"
      },
      "geometry": {
        "type": "Point",
        "coordinates": [
          120.9319821,
          24.4042701
        ]
      },
      "id": "node/13249912537"
    },
    {
      "type": "Feature",
      "properties": {
        "@id": "node/13249912538",
        "name": "觀瀑平台",
        "tourism": "viewpoint"
      },
      "geometry": {
        "type": "Point",
        "coordinates": [
          120.9315,
          24.4044699
        ]
      },
      "id": "node/13249912538"
    },
    {
      "type": "Feature",
      "properties": {
        "@id": "node/13257389657",
        "name": "觀瀑平台",
        "tourism": "viewpoint"
      },
      "geometry": {
        "type": "Point",
        "coordinates": [
          120.6575859,
          23.555507
        ]
      },
      "id": "node/13257389657"
    },
    {
      "type": "Feature",
      "properties": {
        "@id": "node/13266199013",
        "name": "天鷹嶺觀景台",
        "tourism": "viewpoint"
      },
      "geometry": {
        "type": "Point",
        "coordinates": [
          120.8111389,
          23.9304991
        ]
      },
      "id": "node/13266199013"
    },
    {
      "type": "Feature",
      "properties": {
        "@id": "node/13286741241",
        "name": "達妮哩嘎峽谷Djaniliga",
        "tourism": "viewpoint"
      },
      "geometry": {
        "type": "Point",
        "coordinates": [
          120.7205489,
          22.6613648
        ]
      },
      "id": "node/13286741241"
    },
    {
      "type": "Feature",
      "properties": {
        "@id": "node/13288064905",
        "access": "yes",
        "name": "八吋砲陣地",
        "ruins": "military",
        "tourism": "viewpoint"
      },
      "geometry": {
        "type": "Point",
        "coordinates": [
          119.9957497,
          26.2202266
        ]
      },
      "id": "node/13288064905"
    },
    {
      "type": "Feature",
      "properties": {
        "@id": "node/13288064987",
        "name": "短坡山觀景臺",
        "tourism": "viewpoint"
      },
      "geometry": {
        "type": "Point",
        "coordinates": [
          119.9962846,
          26.2204371
        ]
      },
      "id": "node/13288064987"
    },
    {
      "type": "Feature",
      "properties": {
        "@id": "node/13327454114",
        "name": "香楠眺景平台",
        "tourism": "viewpoint"
      },
      "geometry": {
        "type": "Point",
        "coordinates": [
          121.3780149,
          24.9850476
        ]
      },
      "id": "node/13327454114"
    },
    {
      "type": "Feature",
      "properties": {
        "@id": "node/13339756851",
        "name": "大溝頂",
        "name:en": "Dagouding",
        "tourism": "viewpoint"
      },
      "geometry": {
        "type": "Point",
        "coordinates": [
          120.4819727,
          22.8861452
        ]
      },
      "id": "node/13339756851"
    },
    {
      "type": "Feature",
      "properties": {
        "@id": "node/13350630372",
        "direction": "E",
        "name": "林口仁愛路觀景台",
        "tourism": "viewpoint"
      },
      "geometry": {
        "type": "Point",
        "coordinates": [
          121.3988507,
          25.0729457
        ]
      },
      "id": "node/13350630372"
    },
    {
      "type": "Feature",
      "properties": {
        "@id": "node/13369690004",
        "name": "大內風之谷",
        "tourism": "viewpoint"
      },
      "geometry": {
        "type": "Point",
        "coordinates": [
          120.4041518,
          23.1468546
        ]
      },
      "id": "node/13369690004"
    },
    {
      "type": "Feature",
      "properties": {
        "@id": "node/13404025295",
        "name": "2號平台",
        "tourism": "viewpoint"
      },
      "geometry": {
        "type": "Point",
        "coordinates": [
          120.4827541,
          23.4712141
        ]
      },
      "id": "node/13404025295"
    },
    {
      "type": "Feature",
      "properties": {
        "@id": "node/13406887836",
        "name": "7號平台",
        "tourism": "viewpoint"
      },
      "geometry": {
        "type": "Point",
        "coordinates": [
          120.4839997,
          23.4737686
        ]
      },
      "id": "node/13406887836"
    },
    {
      "type": "Feature",
      "properties": {
        "@id": "node/13584320546",
        "addr:floor": "32",
        "description": "Take elevator 18 or 19.",
        "fee": "no",
        "indoor": "room",
        "name": "瞭望層",
        "name:en": "New Taipei City Hall Observation Floor",
        "opening_hours": "PH 08:00-23:00; Mo-Su 08:00-23:00",
        "panoramax": "a8c56f93-b0b0-403b-8719-6696f4844d55",
        "tourism": "viewpoint"
      },
      "geometry": {
        "type": "Point",
        "coordinates": [
          121.4659666,
          25.012881
        ]
      },
      "id": "node/13584320546"
    },
    {
      "type": "Feature",
      "properties": {
        "@id": "node/13648857201",
        "name": "Sky Crevice",
        "tourism": "viewpoint"
      },
      "geometry": {
        "type": "Point",
        "coordinates": [
          121.3453135,
          23.5493421
        ]
      },
      "id": "node/13648857201"
    },
    {
      "type": "Feature",
      "properties": {
        "@id": "node/13707898534",
        "name": "阿罩霧步道觀景平台",
        "tourism": "viewpoint"
      },
      "geometry": {
        "type": "Point",
        "coordinates": [
          120.7228277,
          24.0583034
        ]
      },
      "id": "node/13707898534"
    },
    {
      "type": "Feature",
      "properties": {
        "@id": "node/13785900271",
        "name": "水社步道觀景區",
        "tourism": "viewpoint"
      },
      "geometry": {
        "type": "Point",
        "coordinates": [
          120.9202656,
          23.871982
        ]
      },
      "id": "node/13785900271"
    },
    {
      "type": "Feature",
      "properties": {
        "@id": "node/13931439473",
        "ele": "480",
        "name": "南勢坑",
        "tourism": "viewpoint"
      },
      "geometry": {
        "type": "Point",
        "coordinates": [
          121.80863,
          24.9261069
        ]
      },
      "id": "node/13931439473"
    },
    {
      "type": "Feature",
      "properties": {
        "@id": "node/13957854107",
        "name": "賞桐平台",
        "tourism": "viewpoint"
      },
      "geometry": {
        "type": "Point",
        "coordinates": [
          120.8457321,
          24.0564298
        ]
      },
      "id": "node/13957854107"
    }
  ]
}